Name ;Location;Headcounts;Industry;Year Founded;Specialities ;Type;Website;
 RIGBY Capital;Nanterre, Hauts-de-Seine, Île-De-France, France, Nanterre, Europe;66;Financial Services;1998;;Partnership;rigbycapital.com;
 Oxiane;Boulogne-Billancourt, Hauts-de-Seine, Île-De-France, France, Boulogne-Billancourt, Europe;39;IT Services and IT Consulting;2000;;Partnership;oxiane.com;
 KERHIS;Châteaulin, Finistère, Bretagne, France, Châteaulin, Europe;133;Software Development;1986;;Partnership;kerhis.com;
 Air Liquide Santé France S.A.;Paris, Paris, Île-De-France, France, Europe;26;Software Development;;;;airliquide.com;
 OpenStudio;Clermont-Ferrand, Puy-de-Dôme, Auvergne-Rhône-Alpes, France, Clermont-Ferrand, Europe;100;Technology, Information and Internet;2005;;Privately Held;openstudio.fr;
 ALAIN AFFLELOU FRANCHISEUR;Paris, Paris, Île-De-France, France, Europe;40;Financial Services;;;;afflelou.com;
 Holy-Dis | Planning and Time Management;Colombes, Hauts-de-Seine, Île-De-France, France, Nanterre, Europe;85;Software Development;1988;;Privately Held;holydis.com;
 KHIPLUS;Paris, Paris, Île-De-France, France, Europe;35;Software Development;1985;;Partnership;khiplus.fr;
 TPo Partners;Boulogne-Billancourt, Hauts-de-Seine, Île-De-France, France, Boulogne-Billancourt, Europe;20;IT Services and IT Consulting;;;Privately Held;tpo-partners.com;
 IÉSEG Finance Paris;Hauts-de-Seine, Île-De-France, France, Nanterre, Europe;22;Financial Services;;;Nonprofit;ieseg.fr;
 LSE - Logiciels ERP BTP;St.-Maur-des-Fossés, Val-de-Marne, Île-De-France, France, Créteil, Europe;32;Software Development;1984;;Privately Held;lse.fr;
 PERFECTO GROUPE;Saint-Cloud, Hauts-de-Seine, Île-De-France, France, Boulogne-Billancourt, Europe;32;IT Services and IT Consulting;2014;;Self-Owned;perfecto.com;
 Sirom;Paris, Paris, Île-De-France, France, Europe;21;Software Development;;;Partnership;sirom.fr;
 Askware;Paris, Paris, Île-De-France, France, Europe;31;IT Services and IT Consulting;2022;;Privately Held;askware.com;
 Helis;Paris, Paris, Île-De-France, France, Europe;56;IT Services and IT Consulting;2004;;Privately Held;groupe-helis.com;
 SARITEL;Issy-les-Moulineaux, Hauts-de-Seine, Île-De-France, France, Boulogne-Billancourt, Europe;62;Software Development;;;;e-pro.fr;
 Decalog Software;Guilherand-Granges, Ardèche, Auvergne-Rhône-Alpes, France, Tournon-sur-Rhône, Europe;55;Software Development;1987;;Privately Held;decalog.net;
 Eudonet;Courbevoie, Hauts-de-Seine, Île-De-France, France, Nanterre, Europe;181;Software Development;2000;;Partnership;eudonet.com;
 EURO INFORMATIQUE;Bordeaux, Gironde, Nouvelle-Aquitaine, France, Bordeaux, Europe;21;Software Development;1989;;Privately Held;euro-informatique.net;
 oXya;Issy-les-Moulineaux, Hauts-de-Seine, Île-De-France, France, Boulogne-Billancourt, Europe;805;IT Services and IT Consulting;;;Privately Held;oxya.com;
 Laëtis;Arvieu, Aveyron, Occitanie, France, Rodez, Europe;24;Technology, Information and Internet;1998;;Privately Held;laetis.fr;
 METI;Larmor-Plage, Morbihan, Bretagne, France, Lorient, Europe;189;IT Services and IT Consulting;1982;;Privately Held;meti.fr;
 AIS;St.-Herblain, Loire-Atlantique, Pays de la Loire, France, Nantes, Europe;291;IT Services and IT Consulting;1985;;Self-Owned;groupeais.fr;
 DEPHI;Lyon, Rhône, Auvergne-Rhône-Alpes, France, Lyon, Europe;26;Financial Services;2009;;Privately Held;dephi.fr;
 ASCOT;Paris, Paris, Île-De-France, France, Europe;59;IT Services and IT Consulting;1988;;Privately Held;ascot.com;
 Razer Malaysia;Tourcoing, Nord, Hauts-de-France, France, Lille, Europe;160;IT Services and IT Consulting;2000;;Privately Held;razermalaysia.com;
 Groupe Orqual;Pau, Pyrénées-Atlantiques, Nouvelle-Aquitaine, France, Pau, Europe;40;Software Development;2001;;Privately Held;helioparc.fr;
 AGB;Fontainebleau, Seine-et-Marne, Île-De-France, France, Fontainebleau, Europe;95;Financial Services;2018;;Privately Held;pays-fontainebleau.fr;
 Trésorerie;Le Muy, Var, Provence-Alpes-Côte D'Azur, France, Draguignan, Europe;81;Financial Services;;;;tresorerie.com;
 Arkéa Asset Management;Le Relecq-Kerhuon, Finistère, Bretagne, France, Brest, Europe;170;Financial Services;;;Privately Held;arkea-am.com;
 Libriciel SCOP;Castelnau-le-Lez, Hérault, Occitanie, France, Montpellier, Europe;63;Software Development;2006;;Partnership;libriciel.fr;
 FFJ;Cérans-Foulletourte, Sarthe, Pays de la Loire, France, La Flèche, Europe;23;Financial Services;;;;ffjudo.com;
 ZEROSIX;Montpellier, Hérault, Occitanie, France, Montpellier, Europe;29;Software Development;2014;;Privately Held;zerosix.com;
 Creative Valley;Le Kremlin-Bicêtre, Val-de-Marne, Île-De-France, France, L'Haÿ-les-Roses, Europe;24;IT Services and IT Consulting;;;Partnership;creative-valley.fr;
 MGI Consultants;Paris, Paris, Île-De-France, France, Europe;238;IT Services and IT Consulting;1991;;Privately Held;mgiconsultants.fr;
 Bitstack;Paris, Paris, Île-De-France, France, Europe;50;Financial Services;2021;;Privately Held;bitstack-app.com;
 INFORSUD Technologies;Bozouls, Aveyron, Occitanie, France, Rodez, Europe;49;IT Services and IT Consulting;1985;;Privately Held;inforsudtechnologies.fr;
 grenke France;Schiltigheim, Bas-Rhin, Grand Est, France, Strasbourg, Europe;218;Financial Services;1999;;Public Company;grenke.fr;
 SECRETA;Paris, Paris, Île-De-France, France, Europe;85;Financial Services;;;;secreta.com;
 Percall Group;Lyon, Rhône, Auvergne-Rhône-Alpes, France, Lyon, Europe;350;IT Services and IT Consulting;2000;;Privately Held;percallgroup.com;
 DIGITECH GROUP;Marseille, Bouches-du-Rhône, Provence-Alpes-Côte D'Azur, France, 1er Arr., Europe;22;Software Development;1992;;Privately Held;digitech.fr;
 Axelor;Champs-sur-Marne, Seine-et-Marne, Île-De-France, France, Torcy, Europe;129;Software Development;;;Privately Held;axelor.com;
 Ametys;Labège, Haute-Garonne, Occitanie, France, Toulouse, Europe;21;Software Development;;;Privately Held;mediane-informatique.fr;
 Cecurity.com;Paris, Paris, Île-De-France, France, Europe;55;IT Services and IT Consulting;2001;;Public Company;cecurity.com;
 Travelor;Sainte-Maure-de-Touraine, Indre-et-Loire, Centre-Val de Loire, France, Loches, Europe;97;Technology, Information and Internet;2014;;Privately Held;travelor.com;
 SINARI (ex-OMP Informatique Transport);Cesson-Sévigné, Ille-et-Vilaine, Bretagne, France, Rennes, Europe;23;Software Development;;;Partnership;sinari.com;
 VR CONSEIL;Paris, Paris, Île-De-France, France, Europe;23;IT Services and IT Consulting;2004;;Privately Held;morgen-capital.fr;
 IngeTech;Rueil-Malmaison, Hauts-de-Seine, Île-De-France, France, Nanterre, Europe;28;Software Development;2012;;Privately Held;ingetech.fr;
 GreenFinance;Juziers, Yvelines, Île-De-France, France, Mantes-la-Jolie, Europe;20;Financial Services;2012;;Privately Held;greenfinance.fr;
 ConsulTech SA;Lumio, Haute-Corse, Corse, France, Calvi, Europe;26;Software Development;2005;;Privately Held;domainseller.site;
 SUPRALOG;Valbonne, Alpes-Maritimes, Provence-Alpes-Côte D'Azur, France, Grasse, Europe;38;Software Development;1997;;Partnership;supralog.com;
 Pas-de-Calais Actif;Lens, Pas-de-Calais, Hauts-de-France, France, Lens, Europe;28;Financial Services;1995;;Nonprofit;pasdecalaisactif.fr;
 Open Food Facts;Paris, Paris, Île-De-France, France, Europe;32;Technology, Information and Internet;2012;;Nonprofit;openfoodfacts.org;
 UFPI;Montpellier, Hérault, Occitanie, France, Montpellier, Europe;160;Financial Services;2022;;Privately Held;ufpi.com;
 Clay Group;Lyon, Rhône, Auvergne-Rhône-Alpes, France, Lyon, Europe;41;IT Services and IT Consulting;2024;;Privately Held;clay.com;
 Incenteev;Paris, Paris, Île-De-France, France, Europe;32;Software Development;2010;;Privately Held;incenteev.com;
 Ringover France;Montrouge, Hauts-de-Seine, Île-De-France, France, Antony, Europe;282;Software Development;2018;;Partnership;ringover.fr;
 DLPK;Paris, Paris, Île-De-France, France, Europe;87;Financial Services;2018;;Privately Held;dlpk.fr;
 PMPL;Paris, Paris, Île-De-France, France, Europe;85;Financial Services;;;;pmpl.com;
 Agence Pure illusion - Agence digitale;Poisy, Haute-Savoie, Auvergne-Rhône-Alpes, France, Annecy, Europe;24;Technology, Information and Internet;2009;;Privately Held;pure-illusion.com;
 DEVISUBOX;Marseille, Bouches-du-Rhône, Provence-Alpes-Côte D'Azur, France, 1er Arr., Europe;64;IT Services and IT Consulting;2007;;Privately Held;devisubox.com;
 InovaGès & NRC;Sainghin-en-Mélantois, Nord, Hauts-de-France, France, Lille, Europe;53;IT Services and IT Consulting;1997;;Privately Held;nrc-inovages.fr;
 ISAGRI;Tillé, Oise, Hauts-de-France, France, Beauvais, Europe;900;Software Development;1983;;Privately Held;isagri.fr;
 BayLibre;Villeneuve, Alpes-Maritimes, Provence-Alpes-Côte D'Azur, France, Grasse, Europe;62;Software Development;2013;;Privately Held;baylibre.com;
 Anytime;Montreuil, Seine-Saint-Denis, Île-De-France, France, Bobigny, Europe;241;Financial Services;2014;;Partnership;anytime.co;
 Association AMAL;Grenoble, Isère, Auvergne-Rhône-Alpes, France, Grenoble, Europe;36;Technology, Information and Internet;;;;associationamal.com;
 Happy Dev;Paris, Paris, Île-De-France, France, Europe;23;Technology, Information and Internet;2015;;Self-Owned;hugedomains.com;
 Altimate;Rueil-Malmaison, Hauts-de-Seine, Île-De-France, France, Nanterre, Europe;21;IT Services and IT Consulting;1996;;Partnership;altimate.fr;
 MWM;Boulogne-Billancourt, Hauts-de-Seine, Île-De-France, France, Boulogne-Billancourt, Europe;97;Software Development;2012;;Partnership;boulognebillancourt.com;
 Orbe;Paris, Paris, Île-De-France, France, Europe;42;Software Development;2009;;Partnership;orbe.fr;
 AGIR RECOUVREMENT;Cholet, Maine-et-Loire, Pays de la Loire, France, Cholet, Europe;91;Financial Services;1993;;Privately Held;agir-recouvrement.com;
 CVM - Coopérative éditoriale;Montreuil, Seine-Saint-Denis, Île-De-France, France, Bobigny, Europe;21;Technology, Information and Internet;1953;;Nonprofit;cooperative-cvm.fr;
 NSI France;Paris, Paris, Île-De-France, France, Europe;45;IT Services and IT Consulting;1992;;Privately Held;groupensi.com;
 Vocalcom;Courbevoie, Hauts-de-Seine, Île-De-France, France, Nanterre, Europe;221;Technology, Information and Internet;1995;;Privately Held;vocalcom.com;
 AGIPI;Schiltigheim, Bas-Rhin, Grand Est, France, Strasbourg, Europe;189;Financial Services;1976;;Nonprofit;agipi.com;
 Aether;Paris, Paris, Île-De-France, France, Europe;67;Financial Services;;;Privately Held;aether.io;
 ICD International;Meudon, Hauts-de-Seine, Île-De-France, France, Boulogne-Billancourt, Europe;55;Software Development;1988;;Privately Held;expireddomains.com;
 OmnyAI;Paris, Paris, Île-De-France, France, Europe;23;Technology, Information and Internet;2022;;Privately Held;omnyai.com;
 APILOG Automation;Massy, Essonne, Île-De-France, France, Palaiseau, Europe;110;IT Services and IT Consulting;2004;;Privately Held;apilog.com;
 PRIOS GROUPE;Carquefou, Loire-Atlantique, Pays de la Loire, France, Nantes, Europe;75;Software Development;1990;;Partnership;prios.fr;
 LE NEW BLACK;Paris, Paris, Île-De-France, France, Europe;21;Technology, Information and Internet;2009;;Privately Held;newblack.com;
 HDMF;Loriol-sur-Drôme, Drôme, Auvergne-Rhône-Alpes, France, Valence, Europe;307;Financial Services;;;;pple.fr;
 Logicmax Technologie;Nantes, Loire-Atlantique, Pays de la Loire, France, Nantes, Europe;35;Software Development;1991;;Privately Held;logicmax.com;
 NewAlpha Asset Management;Paris, Paris, Île-De-France, France, Europe;36;Financial Services;2009;;Privately Held;newalpha.com;
 TRAINVEST;Évreux, Eure, Normandie, France, Évreux, Europe;60;Financial Services;;;;contract-factory.com;
 L'INTERMEDIAIRE BANQUE ET ASSURANCE;Pointe-à-Pitre, Guadeloupe, France, Europe;34;Financial Services;;;;lintermediaire.fr;
 EQUITRANS;Mesland, Loir-et-Cher, Centre-Val de Loire, France, Blois, Europe;41;Financial Services;;;;equitrans.com;
 Paris Fashion Shops;Saint-Denis, Seine-Saint-Denis, Île-De-France, France, Saint-Denis, Europe;60;Technology, Information and Internet;2016;;Privately Held;parisfashion.com;
 Scalair;Ourlet, Nord, Hauts-de-France, France, Lille, Europe;39;IT Services and IT Consulting;;;Privately Held;scalair.fr;
 Centralweb;Paris, Paris, Île-De-France, France, Europe;40;Software Development;1996;;Privately Held;centralweb.fr;
 Aldisa;Boulogne-Billancourt, Hauts-de-Seine, Île-De-France, France, Boulogne-Billancourt, Europe;21;IT Services and IT Consulting;1999;;Privately Held;aldisa.fr;
 Eviden Identity & Access Management;Les Clayes-sous-Bois, Yvelines, Île-De-France, France, Versailles, Europe;100;Software Development;;;Privately Held;eviden.com;
 INOP'S;Puteaux, Hauts-de-Seine, Île-De-France, France, Nanterre, Europe;99;IT Services and IT Consulting;2009;;Partnership;inops.fr;
 GIE SESAM-Vitale;Le Mans, Sarthe, Pays de la Loire, France, Le Mans, Europe;208;IT Services and IT Consulting;1993;;Nonprofit;sesam-vitale.fr;
 Alliance Services Plus;Paris, Paris, Île-De-France, France, Europe;43;IT Services and IT Consulting;2010;;Privately Held;econocom.com;
 AL - TECH;Mandres-les-Roses, Val-de-Marne, Île-De-France, France, Créteil, Europe;37;Financial Services;;;;optimbtp.fr;
 Enovacom;Marseille, Bouches-du-Rhône, Provence-Alpes-Côte D'Azur, France, 1er Arr., Europe;518;Software Development;2002;;Privately Held;enovacom.com;
 Agarik;St.-Ouen, Seine-Saint-Denis, Île-De-France, France, Saint-Denis, Europe;31;Technology, Information and Internet;1997;;Privately Held;agarik.fr;
 BeYs Cloud;Clermont-Ferrand, Puy-de-Dôme, Auvergne-Rhône-Alpes, France, Clermont-Ferrand, Europe;20;Technology, Information and Internet;2020;;Privately Held;be-ys.cloud;
 SIKIA;Courbevoie, Hauts-de-Seine, Île-De-France, France, Nanterre, Europe;26;IT Services and IT Consulting;2000;;Partnership;sikia.fr;
 Incotec;Illkirch-Graffenstaden, Bas-Rhin, Grand Est, France, Strasbourg, Europe;70;Software Development;1981;;Privately Held;incotec-software.com;
 GRAITEC France;Paris, Paris, Île-De-France, France, Europe;37;Software Development;1986;;Privately Held;graitec.com;
 Innovation Group Ukraine;Centre-Val de Loire, France, Europe;159;Software Development;2010;;Self-Employed;centre-valdeloire.fr;
 blgCloud ERP SaaS;Compiègne, Oise, Hauts-de-France, France, Compiègne, Europe;72;Software Development;2009;;Partnership;blgcloud.fr;
 Nowhere-Entreprise;Pernes-les-Fontaines, Vaucluse, Provence-Alpes-Côte D'Azur, France, Carpentras, Europe;45;Technology, Information and Internet;;;Self-Owned;nowhere-entreprise.com;
 Cleva;Paris, Paris, Île-De-France, France, Europe;375;Software Development;1985;;Privately Held;cleva-solutions.com;
 EIC;Tillé, Oise, Hauts-de-France, France, Beauvais, Europe;220;Software Development;1983;;Partnership;ecoentreprises-france.fr;
 TEVEA International;Paris, Paris, Île-De-France, France, Europe;46;Financial Services;1984;;Privately Held;tevea-international.com;
 Pixid;Courbevoie, Hauts-de-Seine, Île-De-France, France, Nanterre, Europe;160;Technology, Information and Internet;;;Privately Held;pixid.fr;
 Experts & Co;Villeneuve-d'Ascq, Nord, Hauts-de-France, France, Lille, Europe;28;Financial Services;1997;;Privately Held;hugedomains.com;
 RECOVEO;Roanne, Loire, Auvergne-Rhône-Alpes, France, Roanne, Europe;29;IT Services and IT Consulting;2001;;Privately Held;recoveo.com;
 Lunalogic;Paris, Paris, Île-De-France, France, Europe;51;Financial Services;2000;;Privately Held;lunalogic.com;
 GESTFORM;Mérignac, Gironde, Nouvelle-Aquitaine, France, Bordeaux, Europe;231;IT Services and IT Consulting;1986;;Self-Owned;gestform.com;
 BRD FINANCE;France, Europe;165;Financial Services;;;;brdfinance.com;
 Up2 Technology;Bourg-Argental, Loire, Auvergne-Rhône-Alpes, France, Saint-Étienne, Europe;27;IT Services and IT Consulting;2005;;Public Company;up2technology.com;
 AMG INFORMATIQUE Bourgogne-Franche-Comté;Dijon, Côte-d'Or, Bourgogne-Franche-Comté, France, Dijon, Europe;38;IT Services and IT Consulting;1970;;Privately Held;amginformatique.fr;
 Akuiteo SAS;Lyon, Rhône, Auvergne-Rhône-Alpes, France, Lyon, Europe;92;Software Development;1994;;Privately Held;akuiteo.com;
 Tuleap;Challes-les-Eaux, Savoie, Auvergne-Rhône-Alpes, France, Chambéry, Europe;21;Software Development;;;Self-Owned;tuleap.com;
 TransWay;Nantes, Loire-Atlantique, Pays de la Loire, France, Nantes, Europe;70;Technology, Information and Internet;2009;;Partnership;transway.fr;
 SAB is now SBS;Fontenay-sous-Bois, Val-de-Marne, Île-De-France, France, Nogent-sur-Marne, Europe;86;Software Development;1989;;Privately Held;numeum.fr;
 Premium Consulting;Paris, Paris, Île-De-France, France, Europe;40;IT Services and IT Consulting;2002;;Self-Owned;premiumconsulting.fr;
 LAGUNTZA;Bussy-Saint-Georges, Seine-et-Marne, Île-De-France, France, Torcy, Europe;21;Financial Services;;;;laguntza.fr;
 Nomination.fr;Paris, Paris, Île-De-France, France, Europe;103;Software Development;2002;;Privately Held;nomination.fr;
 Ctoutvert;Toulouse, Haute-Garonne, Occitanie, France, Toulouse, Europe;82;Software Development;2000;;Privately Held;ctoutvert.fr;
 Atelier Particulier;Paris, Paris, Île-De-France, France, Europe;128;Technology, Information and Internet;2014;;Partnership;atelierparticulier.com;
 Centrale Nantes Études;Nantes, Loire-Atlantique, Pays de la Loire, France, Nantes, Europe;30;IT Services and IT Consulting;1982;;Nonprofit;centralenantesetudes.fr;
 argile;Paris, Paris, Île-De-France, France, Europe;25;Technology, Information and Internet;2023;;Privately Held;argile.fr;
 EXTENTIS GROUPE;Paris, Paris, Île-De-France, France, Europe;38;Financial Services;1997;;Self-Owned;extentis.fr;
 Département Informatique - IUT de Montreuil;Montreuil, Seine-Saint-Denis, Île-De-France, France, Bobigny, Europe;41;Software Development;;;;univ-paris8.fr;
 Hamilton Data Services (HDS);Paris, Paris, Île-De-France, France, Europe;28;Software Development;2003;;Privately Held;hds-group.com;
 Eiffel Investment Group;Paris, Paris, Île-De-France, France, Europe;155;Financial Services;2009;;Privately Held;eiffel-ig.com;
 Logiclever;Neuilly-sur-Seine, Hauts-de-Seine, Île-De-France, France, Nanterre, Europe;67;IT Services and IT Consulting;2007;;Partnership;logiclever.com;
 Brief.me;Paris, Paris, Île-De-France, France, Europe;20;Technology, Information and Internet;2015;;Privately Held;brief.me;
 Codix;Alpes-Maritimes, Provence-Alpes-Côte D'Azur, France, Grasse, Europe;677;Software Development;1993;;Privately Held;codix.com;
 Webmecanik;Annecy, Haute-Savoie, Auvergne-Rhône-Alpes, France, Annecy, Europe;29;Software Development;2015;;Privately Held;webmecanik.com;
 Telintrans;Rungis, Val-de-Marne, Île-De-France, France, L'Haÿ-les-Roses, Europe;24;IT Services and IT Consulting;1996;;Privately Held;lesechos.fr;
 Segilog S.A.;La Ferté-Bernard, Sarthe, Pays de la Loire, France, Mamers, Europe;25;Software Development;;;;berger-levrault.com;
 Slate.fr;Paris, Paris, Île-De-France, France, Europe;108;Technology, Information and Internet;2009;;Privately Held;slate.fr;
 Octalino;Collégien, Seine-et-Marne, Île-De-France, France, Torcy, Europe;24;IT Services and IT Consulting;2007;;Privately Held;octalino.com;
 LA FINANCIERE;Paris, Paris, Île-De-France, France, Europe;35;Financial Services;;;;wn.com;
 Tremau;Paris, Paris, Île-De-France, France, Europe;44;Technology, Information and Internet;2021;;Privately Held;tremau.com;
 Sogilis, Level Up together !;Grenoble, Isère, Auvergne-Rhône-Alpes, France, Grenoble, Europe;40;Software Development;2008;;Privately Held;sogilis.com;
 GAYA;Paris, Paris, Île-De-France, France, Europe;223;Technology, Information and Internet;2002;;Privately Held;gaya.fr;
 CIS;Le Haillan, Gironde, Nouvelle-Aquitaine, France, Bordeaux, Europe;317;IT Services and IT Consulting;;;Privately Held;ville-lehaillan.fr;
 GITEM;Angres, Pas-de-Calais, Hauts-de-France, France, Lens, Europe;97;Financial Services;;;;gitem.fr;
 TX2 CONCEPT;Olivet, Loiret, Centre-Val de Loire, France, Orléans, Europe;38;Software Development;1991;;Privately Held;tx2.fr;
 Top Systems;Dezize-lès-Maranges, Saône-et-Loire, Bourgogne-Franche-Comté, France, Autun, Europe;31;Software Development;2003;;Privately Held;topsystems.io;
 Ciro Solution;Gavray, Manche, Normandie, France, Coutances, Europe;20;IT Services and IT Consulting;2015;;Privately Held;gavraysursienne.fr;
 KANTENA TECHNOLOGIES;Paris, Paris, Île-De-France, France, Europe;24;Software Development;2002;;Privately Held;kantenatechnologies.com;
 :probabl.;Paris, Paris, Île-De-France, France, Europe;51;Software Development;2023;;Privately Held;probabl.fr;
 ASO Savings & Loans PLC;Die, Drôme, Auvergne-Rhône-Alpes, France, Die, Europe;322;Financial Services;1995;;Public Company;gov.ng;
 Oxalys;La Garenne-Colombes, Hauts-de-Seine, Île-De-France, France, Nanterre, Europe;72;Software Development;1987;;Privately Held;oxalys.fr;
 Vitalépargne;Bordeaux, Gironde, Nouvelle-Aquitaine, France, Bordeaux, Europe;25;Financial Services;2005;;Privately Held;vitalepargne.com;
 TERENUI;Mont-près-Chambord, Loir-et-Cher, Centre-Val de Loire, France, Blois, Europe;29;Software Development;1998;;Privately Held;terenui.fr;
 GROUPE ALLIANCE;Paris, Paris, Île-De-France, France, Europe;76;IT Services and IT Consulting;1997;;Partnership;alliance.com;
 MipihSIB;Toulouse, Haute-Garonne, Occitanie, France, Toulouse, Europe;386;IT Services and IT Consulting;1993;;Government Agency;numihfrance.fr;
 Innlog;Olonne-sur-Mer, Vendée, Pays de la Loire, France, Les Sables-d'Olonne, Europe;36;Software Development;1983;;Privately Held;innlog.fr;
 SAPAK;Paris, Paris, Île-De-France, France, Europe;27;Financial Services;;;;sapak.fr;
 NSAA;Chasseneuil-du-Poitou, Vienne, Nouvelle-Aquitaine, France, Poitiers, Europe;26;Financial Services;;;;nsaa.net;
 P&G Conseils;Toulouse, Haute-Garonne, Occitanie, France, Toulouse, Europe;41;Financial Services;1998;;Privately Held;hugedomains.com;
 LGU CONSULTING;Suresnes, Hauts-de-Seine, Île-De-France, France, Nanterre, Europe;84;Software Development;;;;societeinfo.com;
 CROWN HEIGHTS;Charbonnières-les-Bains, Rhône, Auvergne-Rhône-Alpes, France, Lyon, Europe;81;Software Development;1990;;Partnership;crown.fr;
 CAPCAT;Neuvy-Pailloux, Indre, Centre-Val de Loire, France, Issoudun, Europe;35;Financial Services;;;;perfectdomain.com;
 GROUPE CANAL +;Issy-les-Moulineaux, Hauts-de-Seine, Île-De-France, France, Boulogne-Billancourt, Europe;58;Financial Services;;;;canalplus.com;
 PROCOMM - MMC;Alfortville, Val-de-Marne, Île-De-France, France, Créteil, Europe;44;IT Services and IT Consulting;1983;;Privately Held;procomm-mmc.com;
 NXO Experts;Rueil-Malmaison, Hauts-de-Seine, Île-De-France, France, Nanterre, Europe;69;IT Services and IT Consulting;2008;;Privately Held;nxo.eu;
 JYN INFO CONSEIL;Le Kremlin-Bicêtre, Val-de-Marne, Île-De-France, France, L'Haÿ-les-Roses, Europe;42;Software Development;;;Privately Held;jynious.com;
 CODETECH SOLUTIONS;La Garenne-Colombes, Hauts-de-Seine, Île-De-France, France, Nanterre, Europe;22;Software Development;;;;codetechsolutions.fr;
 Compusoft Group | A Cyncly Company;Lunéville, Meurthe-et-Moselle, Grand Est, France, Lunéville, Europe;94;Software Development;1989;;Privately Held;cyncly.com;
 SFI Multimédia;Saint-Étienne, Loire, Auvergne-Rhône-Alpes, France, Saint-Étienne, Europe;24;Technology, Information and Internet;1995;;Partnership;sfi.fr;
 PCA Services - Conseil, courtage LLD et gestion de parc auto;Paris, Paris, Île-De-France, France, Europe;26;Financial Services;2008;;Privately Held;pcaservices.ai;
 Pharmagest Interactive;Villers-lès-Nancy, Meurthe-et-Moselle, Grand Est, France, Nancy, Europe;413;Software Development;1984;;Public Company;pharmagest.com;
 ALIZENT;Courbevoie, Hauts-de-Seine, Île-De-France, France, Nanterre, Europe;135;IT Services and IT Consulting;;;Privately Held;alizent.com;
 SANEMI;Aubigny-en-Artois, Pas-de-Calais, Hauts-de-France, France, Arras, Europe;32;Financial Services;;;;sanemi.com;
 ooooooooooooo;Paris, Paris, Île-De-France, France, Europe;111;Financial Services;;;Nonprofit;ooooooooooooo.co;
 S3NS;Paris, Paris, Île-De-France, France, Europe;179;Technology, Information and Internet;2022;;Public Company;s3ns.fr;
 Hargos : spécialiste SAP pour PME;Paris, Paris, Île-De-France, France, Europe;22;IT Services and IT Consulting;2019;;Privately Held;hargos.fr;
 BCS Technologies;Pantin, Seine-Saint-Denis, Île-De-France, France, Bobigny, Europe;25;IT Services and IT Consulting;2000;;Partnership;globalsecuritymag.fr;
 Aplicit;Lyon, Rhône, Auvergne-Rhône-Alpes, France, Lyon, Europe;53;Software Development;2006;;Privately Held;aplicit.com;
 GRAINE;Plouézec, Côtes-d'Armor, Bretagne, France, Saint-Brieuc, Europe;28;Financial Services;;;;graine.fr;
 Efluid SAS;Metz, Moselle, Grand Est, France, Europe;185;Software Development;;;Privately Held;efluid.com;
 Studapart;Paris, Paris, Île-De-France, France, Europe;78;Software Development;2014;;Partnership;studapart.com;
 Advenis;Paris, Paris, Île-De-France, France, Europe;196;Financial Services;1995;;Public Company;advenis.com;
 Micropole;Levallois-Perret, Hauts-de-Seine, Île-De-France, France, Nanterre, Europe;821;IT Services and IT Consulting;;;Privately Held;talan.com;
 AB InBev France S.A.S.;Nice, Alpes-Maritimes, Provence-Alpes-Côte D'Azur, France, Nice, Europe;27;Software Development;;;;ab-inbev.fr;
 Custy;Strasbourg, Bas-Rhin, Grand Est, France, Strasbourg, Europe;77;Software Development;;;Privately Held;custy.com;
 LK TECHNOLOGY - LKT;Créteil, Val-de-Marne, Île-De-France, France, Créteil, Europe;24;IT Services and IT Consulting;;;Privately Held;lk.world;
 SOLVACE;Paris, Paris, Île-De-France, France, Europe;88;Software Development;2015;;Privately Held;solvace.com;
 Confluences IT;Toulouse, Haute-Garonne, Occitanie, France, Toulouse, Europe;23;IT Services and IT Consulting;2012;;Partnership;confluences-it.com;
 eData Voice - Skilliance Group;Eysines, Gironde, Nouvelle-Aquitaine, France, Bordeaux, Europe;84;Software Development;1995;;Privately Held;edatavoice.com;
 B2O - BUSINESS OFFICE OXYGEN;Vern-sur-Seiche, Ille-et-Vilaine, Bretagne, France, Rennes, Europe;20;Software Development;2010;;Privately Held;b2o.eu;
 Smartway Accounting & Tax Services;Uckange, Moselle, Grand Est, France, Thionville, Europe;65;Financial Services;2017;;Privately Held;smartwayaccounting.com;
 GEO CONSEILS;Angers, Maine-et-Loire, Pays de la Loire, France, Angers, Europe;56;Financial Services;1994;;Privately Held;geoconseils.fr;
 IDAKTO;Paris, Paris, Île-De-France, France, Europe;66;Software Development;2019;;Privately Held;idakto.com;
 OUDART;Paris, Paris, Île-De-France, France, Europe;23;Financial Services;1988;;Privately Held;cholet-dupont-oudart.fr;
 Clever Age;Paris, Paris, Île-De-France, France, Europe;266;IT Services and IT Consulting;2001;;Privately Held;hugedomains.com;
 ROS DIGITAL IT;Chatou, Yvelines, Île-De-France, France, Saint-Germain-en-Laye, Europe;21;IT Services and IT Consulting;;;Public Company;rosdigitalit.fr;
 Universign (Signaturit Group);Paris, Paris, Île-De-France, France, Europe;68;Software Development;2001;;Privately Held;signaturit.com;
 Atawa Interactive;Artigues-près-Bordeaux, Gironde, Nouvelle-Aquitaine, France, Bordeaux, Europe;54;Software Development;2005;;Privately Held;atawa-interactive.fr;
 Presti (YC S24);Paris, Île-De-France, France;25;Software Development;2023;"Generative AI
+10";Privately Held;presti.com;
 SYSTEMIS;Paris, Paris, Île-De-France, France, Europe;27;IT Services and IT Consulting;2009;"cybersécurité
+3";Partnership;systemis.fr;
 Astrolabe;Paris, Paris, Île-De-France, France, Europe;27;Technology, Information and Internet;;;Privately Held;astrolabe.fr;
 smartTrade Technologies;Aix-en-Provence, Bouches-du-Rhône, Provence-Alpes-Côte D'Azur, France, Aix-en-Provence, Europe;284;Software Development;1999;"Smart order routing
+16";Privately Held;smarttradetechnologies.com;
 GROUPE MINIER;Naveil, Loir-et-Cher, Centre-Val de Loire, France, Vendôme, Europe;24;Financial Services;1934;;Partnership;minier.fr;
 TEDELEC;Niort, Deux-Sèvres, Nouvelle-Aquitaine, France, Niort, Europe;30;IT Services and IT Consulting;1965;"Audiovisuel
+23";Privately Held;tedelec.fr;
 Ubiflow;Betton, Ille-et-Vilaine, Bretagne, France, Rennes, Europe;60;Technology, Information and Internet;2002;"Multidiffusion d'annonces
+10";Privately Held;ubiflow.net;
 CALMETTE;Cannes, Alpes-Maritimes, Provence-Alpes-Côte D'Azur, France, Grasse, Europe;55;Financial Services;;;;hugedomains.com;
 Ecilia;Lyon, Rhône, Auvergne-Rhône-Alpes, France, Lyon, Europe;21;IT Services and IT Consulting;2001;"logiciel courtage assurance
+3";Privately Held;ecilia.fr;
 BFCM;Bordeaux, Gironde, Nouvelle-Aquitaine, France, Bordeaux, Europe;25;Financial Services;;;;creditmutuel.fr;
 ADN AxDaNe;Levallois-Perret, Hauts-de-Seine, Île-De-France, France, Nanterre, Europe;27;IT Services and IT Consulting;1993;"Pharmaceuticals
+19";Privately Held;adn.fr;
 AGENCE DE LOCATION;Marseille, Bouches-du-Rhône, Provence-Alpes-Côte D'Azur, France, 1er Arr., Europe;74;Financial Services;;;;foncia.com;
 Jalios;Le Chesnay, Yvelines, Île-De-France, France, Versailles, Europe;110;Software Development;2001;"Collaboration
+10";Privately Held;jalios.com;
 Geoptis;Issy-les-Moulineaux, Hauts-de-Seine, Île-De-France, France, Boulogne-Billancourt, Europe;43;IT Services and IT Consulting;2017;"geomarketing
+16";Self-Owned;geoptis.com;
 Ministère des Affaires sociales et de la Santé;Paris, Paris, Île-De-France, France, Europe;125;Software Development;;;;sanitaire-social.com;
 LCDE;Chabeuil, Drôme, Auvergne-Rhône-Alpes, France, Valence, Europe;43;Financial Services;;;;lcde.fr;
 Fives ProSim;Labège, Haute-Garonne, Occitanie, France, Toulouse, Europe;39;Software Development;1989;"process simulation software
+21";Privately Held;prosim.net;
 ACSEO;Aix-en-Provence, Bouches-du-Rhône, Provence-Alpes-Côte D'Azur, France, Aix-en-Provence, Europe;46;IT Services and IT Consulting;2009;"Applications Web
+15";Privately Held;acseo.fr;
 Ordissimo S.A.;Montrouge, Hauts-de-Seine, Île-De-France, France, Antony, Europe;24;Software Development;2002;"easy-to-use
+4";Public Company;ordissimo.fr;
 Dataraise;Paris, Paris, Île-De-France, France, Europe;33;IT Services and IT Consulting;2012;;Privately Held;dataraise.com;
 SOLTECHNIC GROUP;Bruges, Gironde, Nouvelle-Aquitaine, France, Bordeaux, Europe;23;Financial Services;;;;soltechnic.fr;
 PRECEPT MEDIA;Draveil, Essonne, Île-De-France, France, Évry, Europe;45;Software Development;;;;preceptmedia.com;
 Magellan Sécurité;Paris, Paris, Île-De-France, France, Europe;85;IT Services and IT Consulting;;"IAMSécurisation Cloud
+3";Privately Held;magellan-securite.eu;
 CHEOPS TECHNOLOGY;Canéjan, Gironde, Nouvelle-Aquitaine, France, Bordeaux, Europe;598;IT Services and IT Consulting;1998;Cloud Computing;Public Company;cheops-technology.com;
 IVELEM;L'Isle d'Espagnac, Charente, Nouvelle-Aquitaine, France, Angoulême, Europe;27;Software Development;1989;"Applicatif : CEGIDSAGE
+1";Privately Held;ivelem.fr;
 INTERSA;Paris, Paris, Île-De-France, France, Europe;61;IT Services and IT Consulting;1984;"Enquêtes SLS / OPS
+15";Privately Held;intersa.fr;
 UniWare Global Services;Boulogne-Billancourt, Hauts-de-Seine, Île-De-France, France, Boulogne-Billancourt, Europe;49;IT Services and IT Consulting;;;Privately Held;societeinfo.com;
 Virtual Net;Rennes, Ille-et-Vilaine, Bretagne, France, Rennes, Europe;59;Technology, Information and Internet;1999;"Open Source
+3";Privately Held;virtualnet.com;
 HDGH;Toulon, Var, Provence-Alpes-Côte D'Azur, France, Toulon, Europe;78;Financial Services;;;;codes83.org;
 IKA;Boulogne-Billancourt, Hauts-de-Seine, Île-De-France, France, Boulogne-Billancourt, Europe;85;Software Development;;"services financiers
+11";Privately Held;ika-technology.com;
 Axome - Brand & Tech Agency | Groupe EDG;Saint-Étienne, Loire, Auvergne-Rhône-Alpes, France, Saint-Étienne, Europe;107;IT Services and IT Consulting;1983;"Image de marque
+11";Partnership;axome.com;
 Big Boss Studio;Paris, Paris, Île-De-France, France, Europe;251;Technology, Information and Internet;2008;"creative technology
+16";Privately Held;big-boss-studio.com;
 PAEONIA;Nantes, Loire-Atlantique, Pays de la Loire, France, Nantes, Europe;21;Financial Services;;;;paeonia.eu;
 Gorgy Time;La Mure, Isère, Auvergne-Rhône-Alpes, France, Grenoble, Europe;47;IT Services and IT Consulting;1974;"Synchronisation horaire
+7";Privately Held;gorgy-time.com;
 ATGTSM Géomètres Experts;Aix-en-Provence, Bouches-du-Rhône, Provence-Alpes-Côte D'Azur, France, Aix-en-Provence, Europe;23;IT Services and IT Consulting;1986;"topographiefoncier
+3";Privately Held;atgtsm.fr;
 SARL FC DEVELOPPEMENT -GROUPE AFORMAC;Clermont-Ferrand, Puy-de-Dôme, Auvergne-Rhône-Alpes, France, Clermont-Ferrand, Europe;40;Financial Services;;;;intercariforef.org;
 Webdentiste - DentalCall IA;Levallois-Perret, Hauts-de-Seine, Île-De-France, France, Nanterre, Europe;43;Technology, Information and Internet;2007;;Partnership;webdentiste.eu;
 Cityway;Aix-en-Provence, Bouches-du-Rhône, Provence-Alpes-Côte D'Azur, France, Aix-en-Provence, Europe;162;IT Services and IT Consulting;2001;"Intelligent Transport System
+22";Privately Held;cityway.io;
 Banque Populaire Provençale et Corse B.P.P.C;Les Angles, Gard, Occitanie, France, Nîmes, Europe;22;Financial Services;;;;banquepopulaire.fr;
 SimplyDesk;Lyon, Rhône, Auvergne-Rhône-Alpes, France, Lyon, Europe;27;Software Development;1994;"HelpDesk
+17";Privately Held;simplydesk.fr;
 BANQUE CHALUS;Clermont-Ferrand, Puy-de-Dôme, Auvergne-Rhône-Alpes, France, Clermont-Ferrand, Europe;103;Financial Services;1797;;;banquechalus.fr;
 SOCOREC;Paris, Paris, Île-De-France, France, Europe;24;Financial Services;1963;"Prêt moyen et long terme
+11";Privately Held;socorec.fr;
 Marmiton;Paris, Paris, Île-De-France, France, Europe;47;Software Development;;;Partnership;marmiton.org;
 ISITEC INTERNATIONAL;Millery, Rhône, Auvergne-Rhône-Alpes, France, Lyon, Europe;66;Software Development;2002;"Automation
+3";Privately Held;isitec-international.com;
 Azura Partners;La Teste-de-Buch, Gironde, Nouvelle-Aquitaine, France, Arcachon, Europe;86;Financial Services;2019;;Privately Held;azura-partners.com;
 USF;Paris, Paris, Île-De-France, France, Europe;151;Software Development;1989;;Nonprofit;usf.paris;
 Cortix S.A.;Mérignac, Gironde, Nouvelle-Aquitaine, France, Bordeaux, Europe;22;IT Services and IT Consulting;;;;sudouest.fr;
 RESO TERTIAIRE IDF;Villeneuve-La-Garenne, Île-De-France, France;21;Financial Services;;;;usinenouvelle.com;
 CLARISYS;Toulouse, Haute-Garonne, Occitanie, France, Toulouse, Europe;46;Software Development;2002;"Logiciel laboratoires biologie
+5";Privately Held;clarisys.fr;
 Biolog-id;Bernay, Eure, Normandie, France, Bernay, Europe;69;IT Services and IT Consulting;2005;"Design solutions & specific answers
+4";Partnership;biolog-id.com;
 SGPI;Pacé, Ille-et-Vilaine, Bretagne, France, Rennes, Europe;44;IT Services and IT Consulting;1985;Paie du Lait - Quotas laitiers - Flux matières - Collecte du lait and Outils de Gestion du Capital Social à destination des Coopératives;Privately Held;sgpi.fr;
 Iconics FR, CH & MA;Chavanod, Haute-Savoie, Auvergne-Rhône-Alpes, France, Annecy, Europe;35;Software Development;1995;"Industrial Automation Software
+14";Privately Held;iconics.fr;
 SoftAtHome;Colombes, Hauts-de-Seine, Île-De-France, France, Nanterre, Europe;266;Software Development;2008;"Telecommunications
+31";Privately Held;softathome.com;
 ICC Banking Commission;Paris, Paris, Île-De-France, France, Europe;38;Financial Services;;"trade finance
+4";Nonprofit;icc-france.fr;
 Ormer ICT;Hauts-de-France, France, Europe;50;IT Services and IT Consulting;1992;"Staffing
+11";Privately Held;ormer.nl;
 NURING;Thiers, Puy-de-Dôme, Auvergne-Rhône-Alpes, France, Thiers, Europe;73;Financial Services;;;;nuring.com;
 Alteia;Labège, Haute-Garonne, Occitanie, France, Toulouse, Europe;51;Software Development;;"Enterprise A.I
+7";Privately Held;alteia.fr;
 Fasterize;Paris, Paris, Île-De-France, France, Europe;26;Technology, Information and Internet;2011;"Web Performance OptimizationCDN
+6";Privately Held;fasterize.com;
 VV TECHNOLOGY;Vernouillet, Yvelines, Île-De-France, France, Saint-Germain-en-Laye, Europe;25;Software Development;;;;vvtechnology.net;
 DAAM ( ancien CFE-Tunisie );Bagnolet, Seine-Saint-Denis, Île-De-France, France, Bobigny, Europe;484;Financial Services;2015;"Services financiers
+3";Partnership;daambuilt.com;
 Vanetys;Vannes, Morbihan, Bretagne, France, Vannes, Europe;31;Financial Services;;courtiers and conseils en financements;Self-Employed;vanetys.com;
 Mentory;Saint-Mandé, Val-de-Marne, Île-De-France, France, Nogent-sur-Marne, Europe;27;IT Services and IT Consulting;;;Privately Held;mentory.io;
 SDS;Entzheim, Bas-Rhin, Grand Est, France, Strasbourg, Europe;58;IT Services and IT Consulting;1993;"Concessionnaire Konica Minolta
+3";Partnership;entzheim.fr;
 Noeva;Sophia Antipolis, Alpes-Maritimes, Provence-Alpes-Côte D'Azur, France, Grasse, Europe;37;IT Services and IT Consulting;1992;"Cloud / Hybride
+5";Privately Held;noeva.io;
 Sinfin;Rosières-près-Troyes, Aube, Grand Est, France, Troyes, Europe;23;Software Development;2008;"plateforme ecommercePIM
+9";Privately Held;sinfin.fr;
 MEDIA & BROADCAST TECHNOLOGIES (MBT);Magny-le-Hongre, Seine-et-Marne, Île-De-France, France, Torcy, Europe;106;Software Development;2004;"Informatique
+5";Partnership;mediabroadcast.fr;
 CERIG;Pierre-Buffière, Haute-Vienne, Nouvelle-Aquitaine, France, Limoges, Europe;28;Software Development;;;;cerig.fr;
 Sant& Numérique Hauts-de-France;Amiens, Somme, Hauts-de-France, France, Amiens, Europe;71;IT Services and IT Consulting;2008;"Innovation
+9";Nonprofit;inea.fr;
 MiddleWay;Lyon, Rhône, Auvergne-Rhône-Alpes, France, Lyon, Europe;77;IT Services and IT Consulting;2013;"Middleware
+9";Self-Owned;middleway.eu;
 CRIT INTERIM;St.-Ouen, Seine-Saint-Denis, Île-De-France, France, Saint-Denis, Europe;84;Financial Services;;;;crit-job.com;
 HD Media - Visites virtuelles 360;Grenoble, Isère, Auvergne-Rhône-Alpes, France, Grenoble, Europe;30;Technology, Information and Internet;2007;"Photos 360°
+3";Partnership;hdmedia.fr;
 NOVRH;Marseille, Bouches-du-Rhône, Provence-Alpes-Côte D'Azur, France, 1er Arr., Europe;67;Software Development;1986;"Editeur et intégrateur de solutions SIRH et PAIE
+6";Partnership;novrh.com;
 PEAKS;Lyon, Rhône, Auvergne-Rhône-Alpes, France, Lyon, Europe;132;IT Services and IT Consulting;2005;"PHP5/7
+24";Privately Held;peaks.fr;
 MATIGNON FINANCES;Paris, Paris, Île-De-France, France, Europe;32;Financial Services;;;;matignonfinances.com;
 Nextoo;Roubaix, Nord, Hauts-de-France, France, Lille, Europe;103;IT Services and IT Consulting;2002;"Web & E-Commerce
+7";Partnership;nextoo.fr;
 Mistral.com;Sundhoffen, Haut-Rhin, Grand Est, France, Colmar, Europe;22;IT Services and IT Consulting;2001;"Réseaux & Wi-Fi
+14";Self-Owned;mistralcom.fr;
 Entr'ouvert;Paris, Paris, Île-De-France, France, Europe;21;Software Development;2002;"logiciel libre
+11";Privately Held;entrouvert.com;
 SKALE-5;Paris, Paris, Île-De-France, France, Europe;22;Technology, Information and Internet;2015;"Infogérance
+13";Partnership;distributique.com;
 InterSystems France;Courbevoie, Hauts-de-Seine, Île-De-France, France, Nanterre, Europe;57;IT Services and IT Consulting;1978;"Big DataeSanté
+6";Privately Held;intersystems.com;
 Sincro Solutions;Paris, Paris, Île-De-France, France, Europe;29;Software Development;2015;"erpvms
+14";Privately Held;sincro-solutions.com;
 Mention;Paris, Paris, Île-De-France, France, Europe;674;Software Development;2012;"social media
+15";Privately Held;mention.fr;
 Aguesseau Partners;Paris, Paris, Île-De-France, France, Europe;20;Financial Services;2007;;Privately Held;aguesseau.co;
 JoliCode;Paris, Paris, Île-De-France, France, Europe;26;IT Services and IT Consulting;2012;"Web developement
+13";Privately Held;jolicode.com;
 Orentis;Paris, Paris, Île-De-France, France, Europe;23;IT Services and IT Consulting;2003;"Intégration des services en entreprise
+7";Privately Held;orentis.fr;
 ONETECH CONSULTING PVT. LTD.;Puteaux, Hauts-de-Seine, Île-De-France, France, Nanterre, Europe;20;IT Services and IT Consulting;2015;;Privately Held;onetechconsulting.com;
 SEGMAR;Mougins, Alpes-Maritimes, Provence-Alpes-Côte D'Azur, France, Grasse, Europe;38;Financial Services;;;;segmar.com;
 GROUPAGORA;Paris, Paris, Île-De-France, France, Europe;78;IT Services and IT Consulting;1990;"Assitance Technique
+11";Privately Held;groupagora.fr;
 WinSystem;Guadeloupe, France, Europe;34;Software Development;1983;"Ameublement
+7";Privately Held;winsystem.fr;
 Amerisource;Carcassonne, Aude, Occitanie, France, Carcassonne, Europe;39;IT Services and IT Consulting;;IT Solutions provider;Privately Held;amerisource.net;
 Groupe CSF;Paris, Paris, Île-De-France, France, Europe;442;Financial Services;1955;"Crédit immobilier
+11";Nonprofit;csf.fr;
 Ginkoia, une entreprise d'Orisha Commerce;Passy, Haute-Savoie, Auvergne-Rhône-Alpes, France, Bonneville, Europe;47;Software Development;1989;;Partnership;orisha.com;
 Actility, a Netmore Company;Paris, Paris, Île-De-France, France, Europe;112;Technology, Information and Internet;;"Smart GridM2M
+13";Privately Held;actility.com;
 Crédit Agricole de Franche-Comté;Lons-le-Saunier, Jura, Bourgogne-Franche-Comté, France, Lons-le-Saunier, Europe;20;Financial Services;;;;credit-agricole.com;
 Autrement;Marseille, Bouches-du-Rhône, Provence-Alpes-Côte D'Azur, France, 1er Arr., Europe;34;Technology, Information and Internet;2008;tourisme and etourisme;Privately Held;autrement.fr;
 Ineï;Montluçon, Allier, Auvergne-Rhône-Alpes, France, Montluçon, Europe;27;Technology, Information and Internet;2010;"Services Web
+3";Privately Held;inei.fr;
 NSI-ADMR;Blagnac, Haute-Garonne, Occitanie, France, Toulouse, Europe;66;Software Development;1998;;Nonprofit;numeum.fr;
 DirectIndustry;Marseille, Bouches-du-Rhône, Provence-Alpes-Côte D'Azur, France, 1er Arr., Europe;20;Technology, Information and Internet;2000;"Industry
+11";Privately Held;directindustry.fr;
 Effet B;Villeurbanne, Rhône, Auvergne-Rhône-Alpes, France, Lyon, Europe;20;Technology, Information and Internet;2009;"Développement WebPHP
+2";Privately Held;effetb.com;
 ONLINEFORMAPRO digital learning & development;Vesoul, Haute-Saône, Bourgogne-Franche-Comté, France, Vesoul, Europe;447;Software Development;1999;"e-learning
+3";Public Company;onlineformapro.com;
 UBICENTREX;Strasbourg, Bas-Rhin, Grand Est, France, Strasbourg, Europe;25;Software Development;2009;"Téléphonie
+8";Privately Held;ubicentrex.fr;
 MACOHA;Tours, Indre-et-Loire, Centre-Val de Loire, France, Tours, Europe;25;Financial Services;;;;macoha-nantes.com;
 CESP (Centre d'Etude des Supports de Publicité);Levallois-Perret, Hauts-de-Seine, Île-De-France, France, Nanterre, Europe;28;Technology, Information and Internet;1957;"AuditEtudes d'audience des médias
+1";Nonprofit;cesp.fr;
 dSPACE France;Bièvres, Essonne, Île-De-France, France, Palaiseau, Europe;22;Software Development;2001;"Industrie Automobile
+3";Privately Held;dspace.com;
 ASIGMA (Groupe RAINBOW PARTNERS);Paris, Paris, Île-De-France, France, Europe;86;IT Services and IT Consulting;2015;"Actuariat
+10";Self-Owned;asigma.fr;
 Crédit Agricole de lAnjou et du Maine;Chalonnes-sur-Loire, Maine-et-Loire, Pays de la Loire, France, Angers, Europe;25;Financial Services;;;;credit-agricole.com;
 STORDATA;Versailles, Yvelines, Île-De-France, France, Versailles, Europe;175;IT Services and IT Consulting;1988;;Privately Held;stordata.fr;
 DropTeam;Paris, Paris, Île-De-France, France, Europe;41;Technology, Information and Internet;2013;"L'expertise
+10";Privately Held;dropteam.fr;
 NABDA;Paris, Paris, Île-De-France, France, Europe;32;Software Development;;;;nabda.io;
 Sharp DX France (ex Apsia);Paris, Paris, Île-De-France, France, Europe;169;IT Services and IT Consulting;2009;;Privately Held;sharpdx.com;
 Devcorp;Paris, Paris, Île-De-France, France, Europe;41;IT Services and IT Consulting;2014;"Applications web
+16";Privately Held;devcorp.com;
 TAWASOL TECHNOLOGY;Royan, Charente-Maritime, Nouvelle-Aquitaine, France, Rochefort, Europe;20;IT Services and IT Consulting;2016;"ITVoIP
+12";Privately Held;tawasol-technology.com;
 Hexaglobe;Paris, Paris, Île-De-France, France, Europe;45;Software Development;2004;"OTTStreaming
+7";Privately Held;hexaglobe.com;
 Aegis Consulting;Francheville, Rhône, Auvergne-Rhône-Alpes, France, Lyon, Europe;42;IT Services and IT Consulting;1998;SAP;Privately Held;aegis-consulting.com;
 PERFORMANCE & INFLUENCE;Paris, Paris, Île-De-France, France, Europe;20;Technology, Information and Internet;2010;"online advertising
+8";Privately Held;agencedesinfluenceurs.com;
 MY. Facturation;Paris, Paris, Île-De-France, France, Europe;21;Software Development;;;Privately Held;myfacturation.com;
 SOLAYA;Paris, Paris, Île-De-France, France, Europe;34;Software Development;2024;"GenAiAI
+3";Privately Held;solaya.fr;
 SECTEUR PUBLIC CONSEIL;Virson, Charente-Maritime, Nouvelle-Aquitaine, France, Rochefort, Europe;187;Software Development;;;;secteurpublic.com;
 Immersive Factory;Paris, Paris, Île-De-France, France, Europe;21;IT Services and IT Consulting;2016;"Virtual Reality
+4";Privately Held;immersivefactory.com;
 FCDO;Brindas, Rhône, Auvergne-Rhône-Alpes, France, Lyon, Europe;97;Financial Services;;;;fcdo.com;
 Coheris;Suresnes, Hauts-de-Seine, Île-De-France, France, Nanterre, Europe;83;Software Development;;"CRMSFA
+13";Public Company;coheris.com;
 Divalto;Entzheim, Bas-Rhin, Grand Est, France, Strasbourg, Europe;267;Software Development;;"Solutions de gestion ERP
+6";Privately Held;divalto.com;
 IDESI;Rouen, Seine-Maritime, Normandie, France, Rouen, Europe;138;Software Development;;;;idesi.com;
 MAGELLAN;Villeurbanne, Rhône, Auvergne-Rhône-Alpes, France, Lyon, Europe;89;Software Development;2000;"monétique bancaire et privative
+8";Privately Held;magellan.eu;
 bluexml;Nantes, Loire-Atlantique, Pays de la Loire, France, Nantes, Europe;25;IT Services and IT Consulting;2005;"GED (gestion documentaire électronique)
+15";Privately Held;bluexml.fr;
 Nexia S&A;Paris, Paris, Île-De-France, France, Europe;461;Financial Services;1985;"AuditTransaction Services
+9";Privately Held;nexiacapetown.com;
 STELR;Saint-Cloud, Hauts-de-Seine, Île-De-France, France, Boulogne-Billancourt, Europe;30;IT Services and IT Consulting;;"ConseilCadrage
+3";Partnership;stelr.fr;
 DaVinciBot;Courbevoie, Hauts-de-Seine, Île-De-France, France, Nanterre, Europe;37;IT Services and IT Consulting;2014;"Robotique
+5";Nonprofit;davincibot.fr;
 Groupe Vauban Humanis;Amiens, Somme, Hauts-de-France, France, Amiens, Europe;38;Financial Services;;;;malakoffhumanis.com;
 EXPLORE;Carquefou, Loire-Atlantique, Pays de la Loire, France, Nantes, Europe;163;IT Services and IT Consulting;1997;"Big Data
+11";Privately Held;explore.fr;
 SINERGIS - Solutions de gestion;Guadeloupe, France, Europe;33;Software Development;1993;"Logiciels de Gestion SAGE
+21";Privately Held;sinergis.fr;
 Shodo Studio;Paris, Paris, Île-De-France, France, Europe;21;IT Services and IT Consulting;2022;;Self-Owned;shodo-studio.fr;
 gentle IT;Lille, Nord, Hauts-de-France, France, Lille, Europe;22;IT Services and IT Consulting;2022;"clouddevops
+11";Privately Held;gentleit.fr;
 TIMCI;Nice, Alpes-Maritimes, Provence-Alpes-Côte D'Azur, France, Nice, Europe;30;Software Development;1982;"Immobilier
+9";Privately Held;timci.com;
 YKB;Lozanne, Rhône, Auvergne-Rhône-Alpes, France, Villefranche-sur-Saône, Europe;131;Financial Services;;;;apple.com;
 ACOR EXPERTISES CONSTRUCTION;Barberaz, Savoie, Auvergne-Rhône-Alpes, France, Chambéry, Europe;22;Financial Services;;;;acor-expertises-construction.fr;
 Modelo Lead Factory;Sillingy, Haute-Savoie, Auvergne-Rhône-Alpes, France, Annecy, Europe;21;Software Development;2004;"Internet immobilier
+8";Partnership;modelo.fr;
 OVALIE;La Turbie, Alpes-Maritimes, Provence-Alpes-Côte D'Azur, France, Nice, Europe;25;Financial Services;;;;ovalie.fr;
 Crédistor;France, Europe;94;Financial Services;;solutions financieres and regroupement de credits;Partnership;credistor.com;
 iconnect S.A.S;Paris, Paris, Île-De-France, France, Europe;30;IT Services and IT Consulting;2015;"MobileApp Developers
+4";Privately Held;hugedomains.com;
 DOTSCREEN;Boulogne-Billancourt, Hauts-de-Seine, Île-De-France, France, Boulogne-Billancourt, Europe;41;Technology, Information and Internet;2011;"streamingOTT
+12";Self-Owned;dotscreen.com;
 AssetValue Consulting;Montrouge, Hauts-de-Seine, Île-De-France, France, Antony, Europe;20;IT Services and IT Consulting;2020;"Asset Management
+8";Partnership;assetvalue-consulting.com;
 Maksu;Athis-Mons, Essonne, Île-De-France, France, Palaiseau, Europe;28;Financial Services;;"Payment Service Provider
+12";Privately Held;mairie-athis-mons.fr;
 ICEB SAS;Chatou, Yvelines, Île-De-France, France, Saint-Germain-en-Laye, Europe;28;Software Development;1988;"ITERPBPM
+6";Privately Held;gebs.fr;
 PANADIS;Feytiat, Haute-Vienne, Nouvelle-Aquitaine, France, Limoges, Europe;36;Financial Services;;;;panadis.fr;
 Atlanticlog;Beaulieu, Hérault, Occitanie, France, Montpellier, Europe;22;Software Development;;"Gemarcur
+3";Self-Owned;atlanticlog.fr;
 Wengo;Paris, Paris, Île-De-France, France, Europe;98;Technology, Information and Internet;;"Place de marché de services
+3";Privately Held;wengo.fr;
 JULIANE;Le Puy-en-Velay, Haute-Loire, Auvergne-Rhône-Alpes, France, Le Puy-en-Velay, Europe;92;Financial Services;;;;juliane.fr;
 MIMOUNI;Villeurbanne, Rhône, Auvergne-Rhône-Alpes, France, Lyon, Europe;31;Financial Services;;;;mimouni.eu;
 TrustInSoft;Paris, Paris, Île-De-France, France, Europe;56;Software Development;2013;"Cyber Security
+10";Privately Held;trust-in-soft.com;
 LOGYX;Tournefeuille, Haute-Garonne, Occitanie, France, Toulouse, Europe;28;Software Development;2001;"AVSEC operators / instructors
+19";Privately Held;logyx.fr;
 SISTEMA STRATEGY;Lyon, Rhône, Auvergne-Rhône-Alpes, France, Lyon, Europe;34;IT Services and IT Consulting;2003;"Stratégie des systèmes d’information
+7";Partnership;sistema-strategy.com;
 PI Services;Noisy-Le-Grand, Île-De-France, France;91;IT Services and IT Consulting;1997;Enterprise infrastructure consulting and engineering and Cloud Computing;Privately Held;piservices.fr;
 Intersec;Puteaux, Hauts-de-Seine, Île-De-France, France, Nanterre, Europe;177;Software Development;2004;"Customer Value ManagementLBS
+32";Privately Held;intersec.com;
 IEEE FST Student Branch;Plumieux, Morbihan, Bretagne, France, Vannes, Europe;22;IT Services and IT Consulting;2013;;Nonprofit;ieee.tn;
 ALCER;Champlan, Essonne, Île-De-France, France, Palaiseau, Europe;28;Software Development;;;;atom.com;
 SOGETI High Tech;Issy-les-Moulineaux, Hauts-de-Seine, Île-De-France, France, Boulogne-Billancourt, Europe;356;IT Services and IT Consulting;1967;"Engineering
+9";Public Company;sogeti.com;
 FCINQ I groupe AUSTRALIEGAD;Paris, Paris, Île-De-France, France, Europe;25;Technology, Information and Internet;2008;"Graphic Design
+4";Privately Held;fcinq.com;
 Miranui;Paris, Paris, Île-De-France, France, Europe;50;IT Services and IT Consulting;2020;"Architecte SICloud
+2";Privately Held;miranui.fr;
 DimoMaint;Limonest, Rhône, Auvergne-Rhône-Alpes, France, Lyon, Europe;88;Software Development;1995;"CMMS
+15";Privately Held;gmao.com;
 Groupe ACMI;Paris, Paris, Île-De-France, France, Europe;54;IT Services and IT Consulting;1986;"Infrastructures
+12";Privately Held;acmi.fr;
 Business At Work;Paris, Paris, Île-De-France, France, Europe;249;IT Services and IT Consulting;2000;Maintenance applicative;Partnership;businessatwork.fr;
 MI6;Paris, Paris, Île-De-France, France, Europe;382;IT Services and IT Consulting;2008;Business Intelligence;Public Company;leparisien.fr;
 National Center for Artificial Intelligence and Robotics;Die, Drôme, Auvergne-Rhône-Alpes, France, Die, Europe;55;Technology, Information and Internet;;;Government Agency;nationalcenter.com;
 Telys;Paris, Paris, Île-De-France, France, Europe;46;IT Services and IT Consulting;1997;"Business Analyse - Assistance à la Maîtrise d'ouvrage
+8";Privately Held;telys.com;
 Distrisoft;Angers, Maine-et-Loire, Pays de la Loire, France, Angers, Europe;22;Software Development;2001;"Articulate Storyline
+17";Privately Held;distrisoft.io;
 Jems Group;Levallois-Perret, Hauts-de-Seine, Île-De-France, France, Nanterre, Europe;712;IT Services and IT Consulting;2002;"Big Data
+29";Privately Held;jems.fr;
 KERELA;Parigné, Ille-et-Vilaine, Bretagne, France, Fougeres, Europe;37;Software Development;;;;kerela.com;
 Stonal;Paris, Paris, Île-De-France, France, Europe;92;Software Development;2017;;Privately Held;stonal.com;
 Nat System;Maisons-Alfort, Val-de-Marne, Île-De-France, France, Créteil, Europe;129;Software Development;1987;"Tierce Maintenance Applicative
+4";Privately Held;natsystem.fr;
 Lumini;Paris, Paris, Île-De-France, France, Europe;43;Technology, Information and Internet;2004;"interactivité
+6";Privately Held;lumini.fr;
 MISTIK;Canéjan, Gironde, Nouvelle-Aquitaine, France, Bordeaux, Europe;24;Software Development;;;;mistik.com;
 afsol;Perpignan, Pyrénées-Orientales, Occitanie, France, Perpignan, Europe;27;Software Development;2005;;Partnership;afsol.fr;
 PMB Services;Vouvray-sur-Loir, Sarthe, Pays de la Loire, France, La Flèche, Europe;50;IT Services and IT Consulting;2004;;Partnership;sigb.net;
 Office Center;Le Chaffaut-Saint-Jurson, Alpes-de-Haute-Provence, Provence-Alpes-Côte D'Azur, France, Digne-les-Bains, Europe;20;IT Services and IT Consulting;1973;;Privately Held;officecenter.fr;
 WIIO;Saint-Pierre-du-Perray, Essonne, Île-De-France, France, Évry, Europe;65;IT Services and IT Consulting;;"Solutions mobiles
+17";Privately Held;wiio.fr;
 Solutions eolas;Grenoble, Isère, Auvergne-Rhône-Alpes, France, Grenoble, Europe;72;Technology, Information and Internet;1991;"Hébergement et Infogérance
+17";Privately Held;orange-business.com;
 Artelys;Paris, Paris, Île-De-France, France, Europe;168;Software Development;2000;"operations research
+6";Partnership;artelys.com;
 ADVANCED Schema;Paris, Paris, Île-De-France, France, Europe;217;IT Services and IT Consulting;2001;"Business Intelligence
+7";Privately Held;advanced-schema.com;
 MPI Tech;Vitry-sur-Seine, Val-de-Marne, Île-De-France, France, Créteil, Europe;57;Software Development;1981;"Printing solutions for IBM systems
+15";Privately Held;mpitech.com;
 ITESS;Fontainebleau, Seine-et-Marne, Île-De-France, France, Fontainebleau, Europe;29;IT Services and IT Consulting;2010;"Société de services en ingénierie informatique
+4";Privately Held;itess.fr;
 DCS EASYWARE;Toulouse, Occitanie, France;561;IT Services and IT Consulting;;Production engineering and workstation management and user assistance;Privately Held;dcsit-group.com;
 Apogea;Levallois-Perret, Hauts-de-Seine, Île-De-France, France, Nanterre, Europe;237;IT Services and IT Consulting;;"SageCRM
+18";Privately Held;apogea.fr;
 CEFOP;Bainville-sur-Madon, Meurthe-et-Moselle, Grand Est, France, Nancy, Europe;80;Financial Services;;;;cefop.fr;
 FDOC;Maine-et-Loire, Pays de la Loire, France, Cholet, Europe;63;Financial Services;;;;maine-et-loire.fr;
 Kaizen Agency;Bordeaux, Gironde, Nouvelle-Aquitaine, France, Bordeaux, Europe;51;Technology, Information and Internet;2005;"internet marketingSEO
+12";Privately Held;hugedomains.com;
 Predell;Angers, Maine-et-Loire, Pays de la Loire, France, Angers, Europe;51;IT Services and IT Consulting;2008;"Echanges Electroniques Professionnels (EDI)
+6";Privately Held;predell.com;
 Jalis, Agence Web;Marseille, Bouches-du-Rhône, Provence-Alpes-Côte D'Azur, France, 1er Arr., Europe;213;Technology, Information and Internet;2002;"Internet
+14";Privately Held;jalis.fr;
 ZSoft;Paris, Paris, Île-De-France, France, Europe;26;IT Services and IT Consulting;2016;"Software Engineering
+13";Partnership;zsoft.fr;
 SAS RENAULT;Boulogne-Billancourt, Hauts-de-Seine, Île-De-France, France, Boulogne-Billancourt, Europe;79;Software Development;;;;renault.fr;
 Almeria Solutions Informatiques;Les Sorinières, Loire-Atlantique, Pays de la Loire, France, Nantes, Europe;74;IT Services and IT Consulting;1985;"Infrastructure et Réseau
+8";Privately Held;almeriasolutions.com;
 FUGI;Naintré, Vienne, Nouvelle-Aquitaine, France, Châtellerault, Europe;90;Financial Services;;;;first-proust-industrie.com;
 Ciril GROUP;Villeurbanne, Rhône, Auvergne-Rhône-Alpes, France, Lyon, Europe;317;Software Development;1978;"logiciels de gestion pour les collectivités
+20";Privately Held;democogroup.com;
 ADENIS;Bagnolet, Seine-Saint-Denis, Île-De-France, France, Bobigny, Europe;54;IT Services and IT Consulting;1999;"opérateur telecom
+2";Privately Held;adenis.fr;
 Tosa Certifications;Paris, Paris, Île-De-France, France, Europe;28;IT Services and IT Consulting;2010;"Professional Training
+21";Partnership;tosa.org;
 C&C France | Apple Premium Partner;Pessac, Gironde, Nouvelle-Aquitaine, France, Bordeaux, Europe;216;IT Services and IT Consulting;1996;"Vente de produits Apple
+5";Privately Held;cec.fr;
 Arago;Paris, Paris, Île-De-France, France, Europe;192;IT Services and IT Consulting;2010;"SaaSSIRH
+20";Privately Held;msb-arago-avocats.fr;
 Fast Lease;Levallois-Perret, Hauts-de-Seine, Île-De-France, France, Nanterre, Europe;26;Financial Services;2003;"Location longue durée voitures
+11";Partnership;fastlease.fr;
 Cognate IT Services Pvt. Ltd.;Die, Drôme, Auvergne-Rhône-Alpes, France, Die, Europe;31;Software Development;2012;"Managed Services
+2";Privately Held;expireddomains.com;
 ANYWAY SOLUTION;Boulogne-Billancourt, Hauts-de-Seine, Île-De-France, France, Boulogne-Billancourt, Europe;21;IT Services and IT Consulting;2013;;Partnership;cahiers-techniques-batiment.fr;
 Koesio Networks;Valence, Drôme, Auvergne-Rhône-Alpes, France, Valence, Europe;60;IT Services and IT Consulting;2013;"Informatique
+17";Self-Owned;koesionetworks.fr;
 EOLE Consulting;Blagnac, Haute-Garonne, Occitanie, France, Toulouse, Europe;26;IT Services and IT Consulting;2012;"SAPMétiers de l'informatique de gestion
+6";Partnership;eole-consulting.fr;
 Sintegra Consulting;Paris, Paris, Île-De-France, France, Europe;89;IT Services and IT Consulting;2008;"rectrecrutement
+2";Privately Held;sintegraconsulting.com;
 Ciril (Ciril GROUP);Villeurbanne, Rhône, Auvergne-Rhône-Alpes, France, Lyon, Europe;73;Software Development;1978;"progiciels de gestion
+9";Privately Held;democogroup.com;
 COMPANY 1972;Paris, Paris, Île-De-France, France, Europe;29;IT Services and IT Consulting;;;;company1972.com;
 EAZYCO;Gennevilliers, Hauts-de-Seine, Île-De-France, France, Nanterre, Europe;33;Software Development;;;;en-contact.com;
 ALL SYSTEMS LOGICIELS;Seyssinet-Pariset, Isère, Auvergne-Rhône-Alpes, France, Grenoble, Europe;31;Software Development;1991;"logiciels pour constructeurs de maisons individuelles
+5";Privately Held;allsystems.fr;
 Pompes Funèbres;Monteux, Vaucluse, Provence-Alpes-Côte D'Azur, France, Carpentras, Europe;492;Software Development;;;;pompesfunebres.fr;
 Green-Got;Neuilly-sur-Seine, Hauts-de-Seine, Île-De-France, France, Nanterre, Europe;480;Financial Services;2020;;Privately Held;greengot.fr;
 SOCREDIT;Tremblay-en-France, Seine-Saint-Denis, Île-De-France, France, Le Raincy, Europe;46;Financial Services;;;;socredit.fr;
 Mc KINLEY CONSULTING;Paris, Paris, Île-De-France, France, Europe;22;IT Services and IT Consulting;2007;"Information Systems
+12";Privately Held;versique.com;
 OKTAL Synthetic Environment;Vigoulet-Auzil, Haute-Garonne, Occitanie, France, Toulouse, Europe;32;Software Development;2001;"software
+2";Privately Held;oktal-se.fr;
 Coptis;Croissy-sur-Seine, Yvelines, Île-De-France, France, Saint-Germain-en-Laye, Europe;55;Software Development;1999;"Software Solutions for Cosmetic R&D
+4";Privately Held;coptis.com;
 2MoRO;Bidart, Pyrénées-Atlantiques, Nouvelle-Aquitaine, France, Bayonne, Europe;79;IT Services and IT Consulting;;"In-service configuration management & Control
+13";Privately Held;2moro.fr;
 Partenor Digital;Puteaux, Hauts-de-Seine, Île-De-France, France, Nanterre, Europe;68;IT Services and IT Consulting;;"Transformation digitale
+14";Privately Held;partenordigital.com;
 Visual Planning Powered by Stilog I.S.T.;Nanterre, Hauts-de-Seine, Île-De-France, France, Nanterre, Europe;54;IT Services and IT Consulting;1991;;Privately Held;visualplanning.com;
 SEC-IT;Levallois-Perret, Hauts-de-Seine, Île-De-France, France, Nanterre, Europe;28;IT Services and IT Consulting;;"Audit organisationnel
+19";Privately Held;sec-it.fr;
 CALASYS;Rillieux-la-Pape, Rhône, Auvergne-Rhône-Alpes, France, Lyon, Europe;31;IT Services and IT Consulting;2002;"smart building
+15";Privately Held;calasys.fr;
 LOIR ET CHER EXPERTISE;Blois, Loir-et-Cher, Centre-Val de Loire, France, Blois, Europe;27;Financial Services;;;;expert-auto.com;
 MARPORT FRANCE;Ploemeur, Morbihan, Bretagne, France, Lorient, Europe;26;Software Development;2008;;Privately Held;marport.fr;
 Sescoi International;Sancé, Saône-et-Loire, Bourgogne-Franche-Comté, France, Mâcon, Europe;22;Software Development;1987;"CAMCADCAM
+3";Privately Held;118712.fr;
 STRADA Conseil;Paris, Paris, Île-De-France, France, Europe;29;IT Services and IT Consulting;2002;"Réassurance
+7";Privately Held;strada-conseil.com;
 G NOVA;Nantes, Loire-Atlantique, Pays de la Loire, France, Nantes, Europe;26;IT Services and IT Consulting;2023;"IT services
+3";Partnership;gnova.fr;
 PADOMI;Nieul-sur-Mer, Charente-Maritime, Nouvelle-Aquitaine, France, La Rochelle, Europe;21;Financial Services;;;;infobel.com;
 Mantic Consulting;Nice, Alpes-Maritimes, Provence-Alpes-Côte D'Azur, France, Nice, Europe;22;IT Services and IT Consulting;;"Ciberseguridad
+11";Privately Held;mantic-consulting.com;
 Septeo Legal Suite (Solutions Directions Juridiques);Courbevoie, Hauts-de-Seine, Île-De-France, France, Nanterre, Europe;48;Software Development;2000;"Contract Management
+10";Partnership;septeo.com;
 Les Petits Bilingues;Lyon, Rhône, Auvergne-Rhône-Alpes, France, Lyon, Europe;41;Technology, Information and Internet;;;;lespetitsbilingues.com;
 Sonora Labs;Aix-En-Provence, Provence-Alpes-Côte D'azur, France;30;IT Services and IT Consulting;2016;"Hébergement web
+3";Partnership;provence-pad.com;
 GREENSPARK S.A.S;Génelard, Saône-et-Loire, Bourgogne-Franche-Comté, France, Charolles, Europe;24;Software Development;2010;"ERPVINS & SPIRITUEUX
+4";Partnership;co.uk;
 Athlon France;Le Bourget, Seine-Saint-Denis, Île-De-France, France, Bobigny, Europe;216;Financial Services;;"location longue durée
+9";Privately Held;athlon.fr;
 Sefico Nexia;Paris, Paris, Île-De-France, France, Europe;70;Financial Services;1958;"Conseil
+12";Partnership;nexia-sa.fr;
 AODB;Paris, Paris, Île-De-France, France, Europe;160;IT Services and IT Consulting;;"drupalinternet
+45";Partnership;aodb.com;
 Bealink;Rennes, Ille-et-Vilaine, Bretagne, France, Rennes, Europe;126;Technology, Information and Internet;2001;"LXPLMS
+4";Privately Held;bealink.com;
 INFORMATIQUE CONSULTING;France, Europe;20;IT Services and IT Consulting;2004;"Maintenance réseau Médical
+4";Privately Held;informatiqueconsulting.fr;
 Groupe Bourgogne Repro;Saint-Apollinaire, Côte-d'Or, Bourgogne-Franche-Comté, France, Dijon, Europe;36;IT Services and IT Consulting;1983;"Solutions d'Impression
+13";Self-Employed;bourgogne-repro.fr;
 Amontech (groupe Artemys);Paris, Paris, Île-De-France, France, Europe;48;IT Services and IT Consulting;;;Privately Held;amontech.fr;
 POLE SUD;La Penne-sur-Huveaune, Bouches-du-Rhône, Provence-Alpes-Côte D'Azur, France, 1er Arr., Europe;76;IT Services and IT Consulting;1996;"Informatique
+15";Privately Held;polesud.fr;
 ECOLE MILITAIRE;Paris, Paris, Île-De-France, France, Europe;70;Financial Services;;;;cometoparis.com;
 HAENGGI & ASSOCIÉS;Mulhouse, Haut-Rhin, Grand Est, France, Mulhouse, Europe;24;Financial Services;1989;"gestion patrimoine
+8";Privately Held;haenggi-associes.com;
 Junior INSA Services;Toulouse, Haute-Garonne, Occitanie, France, Toulouse, Europe;23;IT Services and IT Consulting;1982;"Automatique
+10";Nonprofit;juniorinsaservices.fr;
 IZUBA énergies;Fabrègues, Hérault, Occitanie, France, Montpellier, Europe;22;Software Development;2001;"optimisation énergétique et environementale
+8";Partnership;izuba-energies.com;
 PERSONAL STORE;La Chapelle-sur-Erdre, Loire-Atlantique, Pays de la Loire, France, Nantes, Europe;46;Financial Services;;;;lachapellesurerdre.fr;
 Synaltic;Vincennes, Val-de-Marne, Île-De-France, France, Nogent-sur-Marne, Europe;24;IT Services and IT Consulting;2004;"ExpertiseProjet
+18";Privately Held;synaltic.fr;
 Groupe DSA;Paris, Paris, Île-De-France, France, Europe;34;Financial Services;1981;"Corporate Finance
+10";Privately Held;dsa.fr;
 Concentrix Payment Services;La Motte-Servolex, Savoie, Auvergne-Rhône-Alpes, France, Chambéry, Europe;403;Financial Services;;"Etablissement de Paiement
+5";Privately Held;mappy.com;
 SOGEFI INGENIERIE GEOMATIQUE;Toulouse, Haute-Garonne, Occitanie, France, Toulouse, Europe;30;IT Services and IT Consulting;1989;"Web mapping
+21";Privately Held;sogefi-sig.com;
 Pwrteams;Bouy-Luxembourg, Aube, Grand Est, France, Troyes, Europe;442;IT Services and IT Consulting;2007;"Dedicated Teams
+19";Privately Held;nortal.com;
 Kénora;Strasbourg, Bas-Rhin, Grand Est, France, Strasbourg, Europe;44;Software Development;2010;"Editions de logiciels
+2";Privately Held;kenora.fr;
 Progisem;Entzheim, Bas-Rhin, Grand Est, France, Strasbourg, Europe;20;Software Development;2000;;Privately Held;progisem.com;
 Bluemega;Villejust, Essonne, Île-De-France, France, Palaiseau, Europe;25;IT Services and IT Consulting;1995;"PaperCut
+25";Privately Held;bluemega.com;
 FFDD;Ploërmel, Morbihan, Bretagne, France, Vannes, Europe;68;Financial Services;;;;ffdd.com;
 Ecedi;Paris, Paris, Île-De-France, France, Europe;61;Technology, Information and Internet;2001;"Agence digitale
+17";Privately Held;ecedi.fr;
 MAXPPP;Nice, Alpes-Maritimes, Provence-Alpes-Côte D'Azur, France, Nice, Europe;38;IT Services and IT Consulting;1991;;Privately Held;maxppp.fr;
 DOZ;Lyon, Rhône, Auvergne-Rhône-Alpes, France, Lyon, Europe;27;Technology, Information and Internet;2013;"SEOSocial Media
+10";Privately Held;lagazettefrance.fr;
 ISSY MEDIA;Issy-les-Moulineaux, Hauts-de-Seine, Île-De-France, France, Boulogne-Billancourt, Europe;39;IT Services and IT Consulting;1989;"Agence de communication
+7";Privately Held;issymedia.fr;
 CODiLOG;Nanterre, Hauts-de-Seine, Île-De-France, France, Nanterre, Europe;216;IT Services and IT Consulting;1998;"SAPConseil en intégration et maintenance
+21";Partnership;codilog.fr;
 Bleu;France, Europe;205;Technology, Information and Internet;2024;"cloudFrance
+5";Privately Held;bleu.fr;
 SALCHIPAPA;Paris, Paris, Île-De-France, France, Europe;78;Software Development;;;;salchipapa.com;
 Edda Luxembourg;Le Crotoy, Somme, Hauts-de-France, France, Abbeville, Europe;114;Software Development;;"Java.Net
+14";Privately Held;pappers.lu;
 ALCINEO;La Ciotat, Bouches-du-Rhône, Provence-Alpes-Côte D'Azur, France, 1er Arr., Europe;21;Software Development;2007;"SoftPOS
+12";Privately Held;alcineo.com;
 PerformanSe;Nantes, Loire-Atlantique, Pays de la Loire, France, Nantes, Europe;87;Software Development;1988;"Talent Management
+8";Partnership;performanse.com;
 NovaCâmbios;Paris, Paris, Île-De-France, France, Europe;107;Financial Services;2000;Money Exchange and Money Transfer;Privately Held;novacambios.com;
 ESII;Pont-d'Ain, Ain, Auvergne-Rhône-Alpes, France, Bourg-en-Bresse, Europe;137;IT Services and IT Consulting;1982;"Accueil
+14";Partnership;esii.com;
 RS2i;Levallois-Perret, Hauts-de-Seine, Île-De-France, France, Nanterre, Europe;161;IT Services and IT Consulting;1992;"Transformation digitaleBPM
+16";Privately Held;rs2i.fr;
 TCHIP;Saussac, Gironde, Nouvelle-Aquitaine, France, Langon, Europe;149;Financial Services;;;;tchip.fr;
 Sadf Informatique;Onnaing, Nord, Hauts-de-France, France, Valenciennes, Europe;25;IT Services and IT Consulting;;;;starofservice.com;
 TAIGA;Neuilly-sur-Seine, Hauts-de-Seine, Île-De-France, France, Nanterre, Europe;29;Financial Services;2009;"working capital
+19";Self-Owned;taiga.com;
 Fortify Group;Lyon, Rhône, Auvergne-Rhône-Alpes, France, Lyon, Europe;80;Software Development;2014;"numérique durable
+18";Self-Owned;fortify.fr;
 ADN'co;Paris, Paris, Île-De-France, France, Europe;24;Financial Services;1992;"Monétique
+26";Partnership;adn-tourisme.fr;
 CBT FINANCE;Aix-en-Provence, Bouches-du-Rhône, Provence-Alpes-Côte D'Azur, France, Aix-en-Provence, Europe;20;Financial Services;1994;"Expertise-Comptable
+11";Privately Held;cbtfinance.com;
 La Poste Bureau de Poste;St.-Palais, Pyrénées-Atlantiques, Nouvelle-Aquitaine, France, Bayonne, Europe;26;Financial Services;;;;laposte.fr;
 EXPLORE;Carquefou, Loire-Atlantique, Pays de la Loire, France, Nantes, Europe;168;IT Services and IT Consulting;;"Big Data
+11";Privately Held;explore.fr;
 Big Data Consulting;Garges-lès-Gonesse, Val-d'Oise, Île-De-France, France, Sarcelles, Europe;24;IT Services and IT Consulting;2005;"Echange de données informatisées
+2";Self-Employed;bigdataconsulting.fr;
 HST Solutions;Chavanoz, Isère, Auvergne-Rhône-Alpes, France, Vienne, Europe;22;Software Development;2007;"Custom Software Development
+17";Privately Held;demarchesadministratives.fr;
 ChapsVision for Gov;Suresnes, Hauts-de-Seine, Île-De-France, France, Nanterre, Europe;140;IT Services and IT Consulting;;;Privately Held;chapsvision.com;
 DCI;Les Ulis, Essonne, Île-De-France, France, Palaiseau, Europe;149;IT Services and IT Consulting;1992;"Stockage et Virtualisation
+4";Privately Held;fusacq.com;
 Exaion;Neuilly-sur-Seine, Hauts-de-Seine, Île-De-France, France, Nanterre, Europe;85;Software Development;2020;;Privately Held;exaion.com;
 EI-Technologies;Levallois-Perret, Hauts-de-Seine, Île-De-France, France, Nanterre, Europe;94;IT Services and IT Consulting;;"SalesforceCRM
+15";Privately Held;cognizant.com;
 SIRKA;Biard, Vienne, Nouvelle-Aquitaine, France, Poitiers, Europe;33;Financial Services;;;;sirka.com;
 LPR 75016;Paris, Paris, Île-De-France, France, Europe;24;Financial Services;;;;bonjour-ratp.fr;
 Agence LunaWeb;Rennes, Ille-et-Vilaine, Bretagne, France, Rennes, Europe;22;Technology, Information and Internet;2004;"webdesign
+16";Privately Held;lunaweb.fr;
 CONGO TERMINAL HOLDING;Puteaux, Hauts-de-Seine, Île-De-France, France, Nanterre, Europe;160;Financial Services;;;;congoterminal.net;
 POWER.xyz - 3D & AI for Brands;Paris, Paris, Île-De-France, France, Europe;22;Software Development;2022;"Augmented Reality3D
+7";Privately Held;lesclesdudigital.fr;
 TechViz;Paris, Paris, Île-De-France, France, Europe;34;Software Development;2004;"Virtual Reality
+8";Privately Held;techviz.com;
 HMED;Compiègne, Oise, Hauts-de-France, France, Compiègne, Europe;26;Financial Services;;;;hmed.io;
 ACDL informatique;Quévert, Côtes-d'Armor, Bretagne, France, Dinan, Europe;20;Software Development;1994;"Logiciel de caisse
+12";Privately Held;acdl.bzh;
 COGEFI - Conseil de Gestion Financière;Paris, Paris, Île-De-France, France, Europe;20;Financial Services;1962;"Finance
+5";Partnership;cogefi.fr;
 MFG INVEST;France, Europe;23;Financial Services;2007;;Privately Held;mfginvest.com;
 SASHA;La Ciotat, Bouches-du-Rhône, Provence-Alpes-Côte D'Azur, France, 1er Arr., Europe;21;Software Development;2016;"Gestion du personnel
+6";Privately Held;sasha.fr;
 GINKO;Puteaux, Hauts-de-Seine, Île-De-France, France, Nanterre, Europe;40;IT Services and IT Consulting;2020;"IAData
+4";Privately Held;ginko.fr;
 HANDISHARE;Limonest, Rhône, Auvergne-Rhône-Alpes, France, Lyon, Europe;34;IT Services and IT Consulting;2011;"Assistance aux fonctions support des entreprises
+7";Privately Held;handishare.com;
 Activeo;Issy-les-Moulineaux, Hauts-de-Seine, Île-De-France, France, Boulogne-Billancourt, Europe;79;IT Services and IT Consulting;1993;"Consulting - Expertise - Software
+11";Self-Owned;activeo.com;
 Insti7;Paris, Paris, Île-De-France, France, Europe;40;Financial Services;2007;Conseil en Investissements Financiers;Privately Held;insti7.com;
 SCHAEFFER PRODUCTIQUE;Pfastatt, Haut-Rhin, Grand Est, France, Mulhouse, Europe;21;Software Development;;;;schaeffer-productique.com;
 TBD GROUP;Paris, Paris, Île-De-France, France, Europe;22;Technology, Information and Internet;2015;"e-commerce
+7";Privately Held;tbdgroup.com;
 ONE ID;Saint-Mathieu-de-Tréviers, Hérault, Occitanie, France, Montpellier, Europe;40;IT Services and IT Consulting;2008;"Hyperconvergence
+12";Privately Held;one-id.fr;
 Goodflag;Saint-André-les-Vergers, Aube, Grand Est, France, Troyes, Europe;39;Software Development;2005;"Signature électronique
+18";Privately Held;goodflag.com;
 Sentry Software;Cannes, Alpes-Maritimes, Provence-Alpes-Côte D'Azur, France, Grasse, Europe;23;Software Development;2004;"IT Monitoring
+11";Privately Held;sentrysoftware.com;
 AJP - Groupe Factoria;Cesson-Sévigné, Ille-et-Vilaine, Bretagne, France, Rennes, Europe;59;IT Services and IT Consulting;1991;"Solutions d'impression
+4";Partnership;ajp.fr;
 JEECE;Paris, Paris, Île-De-France, France, Europe;43;IT Services and IT Consulting;1986;"Electronique
+9";Nonprofit;jeece.fr;
 Datakit, data exchange solutions;Lyon, Rhône, Auvergne-Rhône-Alpes, France, Lyon, Europe;32;Software Development;1994;"LogicielsCAO
+1";Privately Held;datakit.com;
 COMPAGNIE MARITIME CHAMBON;Marseille, Bouches-du-Rhône, Provence-Alpes-Côte D'Azur, France, 1er Arr., Europe;28;Financial Services;;;;cmchambon.com;
 CODIAL - Saitec;Chauffailles, Saône-et-Loire, Bourgogne-Franche-Comté, France, Charolles, Europe;21;Software Development;1992;"ERP-PGI
+8";Privately Held;codial.fr;
 2dcom;Chavigny, Meurthe-et-Moselle, Grand Est, France, Nancy, Europe;29;Software Development;1998;"Logiciels de gestion de librairie
+2";Self-Owned;2dcom.fr;
 CASG;Paris, Paris, Île-De-France, France, Europe;32;Financial Services;;;;casg.com;
 Meeschaert;Paris, Paris, Île-De-France, France, Europe;172;Financial Services;1935;"Gestion Privée
+4";Privately Held;meeschaert.com;
 Portalia (Portage Salarial);Paris, Paris, Île-De-France, France, Europe;49;IT Services and IT Consulting;2016;;Privately Held;portalia.fr;
 Calaméo;Paris, Paris, Île-De-France, France, Europe;29;Software Development;2008;"Digital Publishing
+14";Privately Held;calameo.com;
 Witbe;Nanterre, Hauts-de-Seine, Île-De-France, France, Nanterre, Europe;137;Software Development;2000;"Quality of Experience
+13";Public Company;witbe.net;
 HOSSEGOR;Saint-Étienne-lès-Remiremont, Vosges, Grand Est, France, Épinal, Europe;74;Financial Services;;;;hossegor.fr;
 JOCOM;Paris, Paris, Île-De-France, France, Europe;21;Software Development;;;;jocom.fr;
 Edmond de Rothschild Asset Management;Paris, Paris, Île-De-France, France, Europe;267;Financial Services;;;Privately Held;edmond-de-rothschild.com;
 Tite Live;Montrouge, Île-De-France, France;79;IT Services and IT Consulting;1983;;Privately Held;titelive.com;
 DistriSoft;Angers, Maine-et-Loire, Pays de la Loire, France, Angers, Europe;24;Software Development;2001;"Articulate Storyline
+18";Privately Held;distrisoft.io;
 T&T Consulting SAS;Sèvres, Hauts-de-Seine, Île-De-France, France, Boulogne-Billancourt, Europe;143;IT Services and IT Consulting;1999;"Télécommunication Mobiles & Réseaux IP
+4";Partnership;ttconsulting.co;
 Eveler;Rueil-Malmaison, Hauts-de-Seine, Île-De-France, France, Nanterre, Europe;28;IT Services and IT Consulting;2011;"Télérelève&Monitoring Sans Investissement
+3";Partnership;eveler.fr;
 AxIA;Paris, Île-De-France, France;24;IT Services and IT Consulting;2021;"Intelligence artificielle
+9";Self-Owned;axia.ai;
 Missler Software S.A.;Évry, Essonne, Île-De-France, France, Évry, Europe;36;Software Development;;;;topsolid.com;
 Ville de Leers;Leers, Nord, Hauts-de-France, France, Lille, Europe;20;Technology, Information and Internet;;;;ville-leers.fr;
 La Bonne Agence;Grenoble, Isère, Auvergne-Rhône-Alpes, France, Grenoble, Europe;26;Technology, Information and Internet;1998;"Dispositifs web
+5";Privately Held;labonneagence.com;
 HENRI;Vincennes, Val-de-Marne, Île-De-France, France, Nogent-sur-Marne, Europe;80;IT Services and IT Consulting;1961;"Suivi de projets
+11";Privately Held;henri.fr;
 Adopte;Paris, Paris, Île-De-France, France, Europe;71;Technology, Information and Internet;2008;♥;Privately Held;adopte.fr;
 MBRDIS;France, Europe;31;Financial Services;;;;mairie-medis.fr;
 Trace Software International;Étainhus, Seine-Maritime, Normandie, France, Le Havre, Europe;84;Software Development;1987;"electrical calculation
+20";Privately Held;trace-software.com;
 2AC - Associés audit et conseil;Vincennes, Val-de-Marne, Île-De-France, France, Nogent-sur-Marne, Europe;29;Financial Services;1988;"ComptabilitéAudit
+18";Privately Held;2ac.fr;
 OTC Conseil;Paris, Paris, Île-De-France, France, Europe;41;Financial Services;1997;"Expert business analysis
+4";Privately Held;yelp.com;
 La Banque Postale Consumer Finance;Saint-Denis, Seine-Saint-Denis, Île-De-France, France, Saint-Denis, Europe;677;Financial Services;2009;"Crédit à la consommation
+3";Self-Owned;labanquepostale.fr;
 Sis ID;Lyon, Rhône, Auvergne-Rhône-Alpes, France, Lyon, Europe;106;Software Development;2016;;Partnership;sis-id.com;
 WORLDATA TEAM;Paris, Paris, Île-De-France, France, Europe;37;IT Services and IT Consulting;2018;"ESNIT
+15";Privately Held;worldata-team.com;
 VET'AFFAIRES;Paris, Paris, Île-De-France, France, Europe;25;Financial Services;;;;vetaffaires.fr;
 GROUPE ALTHAYS;Annecy-le-Vieux, Haute-Savoie, Auvergne-Rhône-Alpes, France, Annecy, Europe;83;IT Services and IT Consulting;2001;"ERP Manufacturing
+10";Privately Held;groupe-althays.com;
 Cellfish;Aubervilliers, Seine-Saint-Denis, Île-De-France, France, Saint-Denis, Europe;42;Technology, Information and Internet;2004;"Entertainment
+10";Privately Held;cellfish.net;
 ALMATEK;La Garenne-Colombes, Hauts-de-Seine, Île-De-France, France, Nanterre, Europe;30;Software Development;;;;almatek.fr;
 Altam;Paris, Paris, Île-De-France, France, Europe;47;IT Services and IT Consulting;1994;"Formation
+18";Privately Held;altam.fr;
 EURALLIA FINANCE;Paris, Paris, Île-De-France, France, Europe;45;Financial Services;2000;"Acquisition
+12";Privately Held;eurallia.fr;
 FashionJobs.com;Paris, Paris, Île-De-France, France, Europe;33;Technology, Information and Internet;2001;"FashionLuxury
+5";Privately Held;fashionjobs.com;
 WALLIX Group;Paris, Paris, Île-De-France, France, Europe;273;Software Development;2003;"Cybersecurity
+22";Public Company;wallix.com;
 Median Technologies;Valbonne, Alpes-Maritimes, Provence-Alpes-Côte D'Azur, France, Grasse, Europe;205;Software Development;2002;"clinical trials
+16";Public Company;mediantechnologies.com;
 elba;Paris, Paris, Île-De-France, France, Europe;35;Software Development;;;Partnership;elba.fr;
 Arthaud & Associés;Tassin-la-Demi-Lune, Rhône, Auvergne-Rhône-Alpes, France, Lyon, Europe;86;Financial Services;2000;"AuditAccounting
+2";Privately Held;arthaud-associes.fr;
 Cilea Software & Payments;Dardilly, Rhône, Auvergne-Rhône-Alpes, France, Lyon, Europe;44;Software Development;1994;"Logiciels Métier
+2";Privately Held;cilea.fr;
 FUTEL;Montauban, Tarn-et-Garonne, Occitanie, France, Montauban, Europe;38;Financial Services;;;;futel.com;
 SYMATIQUE;Laruscade, Gironde, Nouvelle-Aquitaine, France, Blaye, Europe;25;Software Development;2012;"Logiciels & Développement
+21";Privately Held;symatique.com;
 Devoteam | AWS Partner;Levallois-Perret, Hauts-de-Seine, Île-De-France, France, Nanterre, Europe;205;IT Services and IT Consulting;;"DevOps
+7";Privately Held;devoteam.com;
 ASSU 2000 PARTICIPATIONS;Noisy-le-Sec, Seine-Saint-Denis, Île-De-France, France, Bobigny, Europe;22;Financial Services;;;;assu2000.fr;
 Formality;Paris, Paris, Île-De-France, France, Europe;27;Software Development;2023;"SaaSLegal
+5";Privately Held;formality.com;
 Culture Patrimoine;Paris, Paris, Île-De-France, France, Europe;34;Financial Services;2003;"Optimisation patrimoniale
+7";Privately Held;culturepatrimoine.fr;
 Lemon Learning;Paris, Paris, Île-De-France, France, Europe;52;Software Development;2014;"formationCRM
+17";Partnership;lemonlearning.com;
 Contentia Maroc;Savenay, Loire-Atlantique, Pays de la Loire, France, Saint-Nazaire, Europe;41;Financial Services;;;Self-Owned;contentiamaroc.ma;
 MONEWEB - JES;St.-Herblain, Loire-Atlantique, Pays de la Loire, France, Nantes, Europe;124;Software Development;1975;"système de gestion
+21";Privately Held;jes.fr;
 OUTSCALE;Saint-Cloud, Hauts-de-Seine, Île-De-France, France, Boulogne-Billancourt, Europe;343;IT Services and IT Consulting;;"Cloud ComputingCloud
+9";Privately Held;outscale.com;
 1640 groupe;Élancourt, Yvelines, Île-De-France, France, Rambouillet, Europe;48;Financial Services;2010;"debt collection
+5";Partnership;1640.fr;
 HOLDING FZ;Paris, Paris, Île-De-France, France, Europe;28;Financial Services;;;;infonet.fr;
 SIS Marchés;Courbevoie, Hauts-de-Seine, Île-De-France, France, Nanterre, Europe;27;Software Development;;"Logiciel des achats publics
+3";Partnership;sis-marches.com;
 idiCo;Paris, Paris, Île-De-France, France, Europe;37;Financial Services;;;Self-Employed;idico.fr;
 ORIX Leasing Malaysia Group;Tourcoing, Nord, Hauts-de-France, France, Lille, Europe;243;Financial Services;1973;;Privately Held;com.my;
 Consultanta;Brignoles, Var, Provence-Alpes-Côte D'Azur, France, Brignoles, Europe;20;Financial Services;2004;"finacenonrefundable funds
+1";Privately Held;consultanta.com;
 Tabsters;Paris, Paris, Île-De-France, France, Europe;20;Software Development;2016;;Partnership;tabsters.fr;
 LOGEMED;La Garde, Var, Provence-Alpes-Côte D'Azur, France, Toulon, Europe;31;Financial Services;;;;logemed.fr;
 ChapsVision for Customer Experience;Suresnes, Hauts-de-Seine, Île-De-France, France, Nanterre, Europe;81;Software Development;;"CRMSFA
+13";Public Company;chapsvision.com;
 BMSoft;Paris, Paris, Île-De-France, France, Europe;28;Software Development;2000;;Privately Held;bmsoft.fr;
 humelab hospitality;Dreux, Eure-et-Loir, Centre-Val de Loire, France, Dreux, Europe;79;IT Services and IT Consulting;;"TV / IPTV
+9";Privately Held;humelab-hospitality.com;
 ASTRIA SERVICES;Levallois-Perret, Hauts-de-Seine, Île-De-France, France, Nanterre, Europe;35;Financial Services;;;;astria.ai;
 maison.fr;Aix-en-Provence, Bouches-du-Rhône, Provence-Alpes-Côte D'Azur, France, Aix-en-Provence, Europe;45;Technology, Information and Internet;2019;"batimentBTP
+26";Privately Held;maison.fr;
 Financière de Courcelles;Paris, Paris, Île-De-France, France, Europe;118;Financial Services;1928;;Privately Held;financieredecourcelles.fr;
 Factofrance;France, Europe;349;Financial Services;;"AFFACTURAGE
+6";Privately Held;factofrance.com;
 SE2T Engineering;La Farlède, Var, Provence-Alpes-Côte D'Azur, France, Toulon, Europe;33;IT Services and IT Consulting;;"Détection de réseaux
+3";Privately Held;se2t.fr;
 R&F;Annecy, Haute-Savoie, Auvergne-Rhône-Alpes, France, Annecy, Europe;47;Technology, Information and Internet;2009;Front-end Development and Back-end Development;Self-Employed;rf-bat.fr;
 Talarian;Paris, Paris, Île-De-France, France, Europe;37;Software Development;2015;"google sheets
+5";Privately Held;talarian.io;
 CFA;Saint-Étienne, Loire, Auvergne-Rhône-Alpes, France, Saint-Étienne, Europe;33;Financial Services;;;Privately Held;btpcfa-aura.fr;
 Jamespot;Montreuil, Seine-Saint-Denis, Île-De-France, France, Bobigny, Europe;43;IT Services and IT Consulting;2005;"Digital Workplace
+14";Privately Held;jamespot.com;
 Cap Digital;Paris, Paris, Île-De-France, France, Europe;110;IT Services and IT Consulting;2006;"AccelerationR&D
+19";Nonprofit;capdigital.com;
 BlueMind;Labège, Occitanie, France;60;Software Development;;"Messaging
+4";Partnership;bluemind.fr;
 BIGOT;Ploemeur, Morbihan, Bretagne, France, Lorient, Europe;59;Financial Services;;;;bigot.fr;
 Cadic Services;Paris, Paris, Île-De-France, France, Europe;20;Software Development;;"gestion documentaireged
+1";Privately Held;cadic-services.com;
 ARINFO;Combrit, Finistère, Bretagne, France, Quimper, Europe;20;Software Development;1993;"DigitalGestion Système d'Informations
+6";Privately Held;arinfo.fr;
 EURAXIEL;Paris, Paris, Île-De-France, France, Europe;26;Software Development;1997;Editeur de solutions logicielles and Prestations ingénierie au forfait;Self-Owned;euraxiel.fr;
 INFOMINA BERHAD;Tourcoing, Nord, Hauts-de-France, France, Lille, Europe;147;IT Services and IT Consulting;2007;"System Integration & IT Solutions
+6";Public Company;bursamalaysia.com;
 SEI | Groupe LKS;Bidart, Pyrénées-Atlantiques, Nouvelle-Aquitaine, France, Bayonne, Europe;55;IT Services and IT Consulting;;"Supply ChainERP
+12";Self-Owned;seilks.com;
 CIGS;Paris, Paris, Île-De-France, France, Europe;44;Financial Services;;;;cigs.com;
 Infass Systèmes;Montgeron, Essonne, Île-De-France, France, Évry, Europe;29;Software Development;1973;"logiciel gestion
+14";Partnership;infass.com;
 Zen Networks Inc.;Paris, Paris, Île-De-France, France, Europe;22;IT Services and IT Consulting;2017;"IoTMonitoring
+10";Privately Held;zenetco.com;
 Golden Bees (Groupe Figaro);Paris, Paris, Île-De-France, France, Europe;32;Technology, Information and Internet;2015;"programmatic advertising
+11";Self-Owned;goldenbees.fr;
 Inpart;Lyon, Rhône, Auvergne-Rhône-Alpes, France, Lyon, Europe;187;Technology, Information and Internet;2014;"Partnering Platform
+25";Privately Held;inpart.io;
 ProvenRun;Paris, Paris, Île-De-France, France, Europe;56;IT Services and IT Consulting;2009;"Cybersecurity
+9";Privately Held;provenrun.com;
 Novarchive;Clichy, Hauts-de-Seine, Île-De-France, France, Nanterre, Europe;44;IT Services and IT Consulting;1992;"archivage physique
+13";Partnership;novarchive.fr;
 People in action;Paris, Paris, Île-De-France, France, Europe;54;IT Services and IT Consulting;2004;"Ergonomie & Design
+4";Privately Held;people-in-action.com;
 Bemove;Chantepie, Ille-et-Vilaine, Bretagne, France, Rennes, Europe;45;IT Services and IT Consulting;2002;"Internet
+18";Partnership;bemove.fr;
 Boostmyshop;Toulon, Var, Provence-Alpes-Côte D'Azur, France, Toulon, Europe;26;Software Development;2008;"E-Commerce
+14";Privately Held;boostmyshop.com;
 FABIO SALSA;Paris, Paris, Île-De-France, France, Europe;36;Financial Services;;;;fabiosalsa.com;
 R SYSTEMES D'INFORMATION;Castries, Hérault, Occitanie, France, Montpellier, Europe;22;Software Development;;;;rsystemes.fr;
 Diapason;Paris, Paris, Île-De-France, France, Europe;113;Software Development;1990;"Cash Management
+30";Privately Held;diapason.co;
 iZySolutions;Orléans, Loiret, Centre-Val de Loire, France, Orléans, Europe;37;Software Development;2009;"Fax to EDI
+13";Privately Held;izysolutions.com;
 Agoragroup;Paris, Paris, Île-De-France, France, Europe;62;IT Services and IT Consulting;1997;"After Sales
+5";Privately Held;agoragroup.com;
 ArtMajeur;Levallois-Perret, Hauts-de-Seine, Île-De-France, France, Nanterre, Europe;33;Software Development;2000;"artistemarché de l'art
+14";Privately Held;artmajeur.com;
 Maiano Informatique - Groupe Maiano;Vaux-sur-Mer, Charente-Maritime, Nouvelle-Aquitaine, France, Rochefort, Europe;24;IT Services and IT Consulting;2002;"informatiquewifi
+18";Privately Held;groupe-maiano.com;
 GROUPE POVATAJ;Amblainville, Oise, Hauts-de-France, France, Beauvais, Europe;21;Financial Services;2001;;Privately Held;hellowork.com;
 SHARP BUSINESS SYSTEMS FRANCE;Chalon-sur-Saône, Saône-et-Loire, Bourgogne-Franche-Comté, France, Chalon-sur-Saône, Europe;249;IT Services and IT Consulting;;;Privately Held;sharp.fr;
 OpenAirlines;Plaisance-du-Touch, Haute-Garonne, Occitanie, France, Toulouse, Europe;125;Software Development;2006;"Software
+14";Privately Held;openairlines.com;
 GROUPE CONSEIL UNION;Paris, Paris, Île-De-France, France, Europe;29;Financial Services;1965;;Privately Held;groupe-conseil-union.fr;
 FEDERAL FINANCE GESTION;Le Relecq-Kerhuon, Finistère, Bretagne, France, Brest, Europe;21;Financial Services;;;;arkea-am.com;
 Serious Factory;Suresnes, Hauts-de-Seine, Île-De-France, France, Nanterre, Europe;23;Software Development;2007;"Serious Games
+9";Partnership;seriousfactory.com;
 BM&A;Paris, Paris, Île-De-France, France, Europe;400;Financial Services;1979;"auditTransaction services
+18";Partnership;bma-groupe.com;
 BIKESHOP;Brest, Finistère, Bretagne, France, Brest, Europe;50;Financial Services;;;;bikeshop.com;
 Gens de Confiance;Nantes, Loire-Atlantique, Pays de la Loire, France, Nantes, Europe;343;Technology, Information and Internet;2014;"Confiance
+10";Privately Held;gensdeconfiance.com;
 GROUPE FIGARO;Paris, Paris, Île-De-France, France, Europe;47;Financial Services;;;;lefigaro.fr;
 FONCIERE;Annecy, Haute-Savoie, Auvergne-Rhône-Alpes, France, Annecy, Europe;60;Financial Services;;;;fonciere.com;
 AZAE;Nice, Alpes-Maritimes, Provence-Alpes-Côte D'Azur, France, Nice, Europe;297;Financial Services;;;Privately Held;azae.com;
 AddixGroup;Aix-en-Provence, Bouches-du-Rhône, Provence-Alpes-Côte D'Azur, France, Aix-en-Provence, Europe;33;IT Services and IT Consulting;2011;"Cyber-Sécurité
+8";Privately Held;addixgroup.fr;
 UVI;Paris, Paris, Île-De-France, France, Europe;102;Software Development;1987;Virtual InstrumentsEffects and Music Software;Partnership;uvi.net;
 Novahé;Saint-Cloud, Hauts-de-Seine, Île-De-France, France, Boulogne-Billancourt, Europe;94;IT Services and IT Consulting;;;Privately Held;novahe.fr;
 ESCT;Clayeures, Meurthe-et-Moselle, Grand Est, France, Lunéville, Europe;27;Financial Services;;;;esct.fr;
 Lepape;Paris, Paris, Île-De-France, France, Europe;80;Technology, Information and Internet;1996;"RunningVélo
+4";Privately Held;lepape.net;
 Fleetch;Paris, Paris, Île-De-France, France, Europe;41;Financial Services;2023;;Privately Held;fleetch.fr;
 Quizzbox Solutions;Clermont-Ferrand, Puy-de-Dôme, Auvergne-Rhône-Alpes, France, Clermont-Ferrand, Europe;29;IT Services and IT Consulting;2001;"Boitier de vote interactif
+5";Partnership;quizzbox.com;
 Gino LegalTech;Paris, Paris, Île-De-France, France, Europe;40;Software Development;2018;"contract management
+20";Privately Held;ginolegaltech.com;
 MyScript;Nantes, Loire-Atlantique, Pays de la Loire, France, Nantes, Europe;95;Software Development;;"Handwriting Recognition Technology
+20";Privately Held;myscript.com;
 GESTAM;Albertville, Savoie, Auvergne-Rhône-Alpes, France, Albertville, Europe;442;Financial Services;;;;gestam.com;
 Transactis France;Nanterre, Hauts-de-Seine, Île-De-France, France, Nanterre, Europe;334;Technology, Information and Internet;2008;;Privately Held;transactis.fr;
 Devoteam | ServiceNow Partner;Levallois-Perret, Hauts-de-Seine, Île-De-France, France, Nanterre, Europe;114;IT Services and IT Consulting;;"ServiceNow
+2";Privately Held;devoteam.com;
 NODYA Group - Digital Services;Paris, Paris, Île-De-France, France, Europe;30;IT Services and IT Consulting;2010;"Business IntelligenceIA
+3";Privately Held;a-leads.co;
 CORAL-IO;Paris, Île-De-France, France;31;IT Services and IT Consulting;2018;;Partnership;hugedomains.com;
 CCMB LOCATION;Spay, Sarthe, Pays de la Loire, France, La Flèche, Europe;22;Financial Services;;;;ccmblocation.fr;
 CYCLOCITY;Cachan, Val-de-Marne, Île-De-France, France, L'Haÿ-les-Roses, Europe;63;Financial Services;;;;leparisien.fr;
 IntraMuros;Bordeaux, Gironde, Nouvelle-Aquitaine, France, Bordeaux, Europe;40;Software Development;2018;;Privately Held;intramuros.fr;
 Tessi Assurance;Paris, Paris, Île-De-France, France, Europe;424;Financial Services;;"BPOITO
+4";Privately Held;tessi.eu;
 COPY SUD it;Toulouse, Haute-Garonne, Occitanie, France, Toulouse, Europe;73;IT Services and IT Consulting;1978;"Impression
+6";Self-Employed;copysudit.fr;
 Agence Altimax;Chavanod, Haute-Savoie, Auvergne-Rhône-Alpes, France, Annecy, Europe;31;Technology, Information and Internet;1998;"Digital et ecommerce
+8";Privately Held;altimax.com;
 DAVI The Humanizers;Puteaux, Hauts-de-Seine, Île-De-France, France, Nanterre, Europe;20;Software Development;2000;"Artificial Intelligence
+9";Partnership;davi.ai;
 JMCH;Bressuire, Deux-Sèvres, Nouvelle-Aquitaine, France, Bressuire, Europe;64;Financial Services;;;;venture.com;
 NOVASPARKS;Paris, Paris, Île-De-France, France, Europe;41;Financial Services;2008;"Market Data Solutions
+4";Privately Held;novasparks.fr;
 60fps;Nancy, Meurthe-et-Moselle, Grand Est, France, Nancy, Europe;29;Technology, Information and Internet;2013;"Web DevelopmentWebGL
+6";Privately Held;60fps.fr;
 VIGITRONIC;Gellenoncourt, Meurthe-et-Moselle, Grand Est, France, Nancy, Europe;35;IT Services and IT Consulting;;"vidéoprotection
+6";Privately Held;vigitronic.eu;
 PINACLE;Montpellier, Hérault, Occitanie, France, Montpellier, Europe;40;Financial Services;;;;pinacle.fr;
 anavid;Paris, Paris, Île-De-France, France, Europe;38;Software Development;2018;"intelligence artificielle
+2";Privately Held;anavid.ai;
 Adexos;Béthune, Pas-de-Calais, Hauts-de-France, France, Béthune, Europe;26;Technology, Information and Internet;2006;"Conception de sites Web
+5";Partnership;adexos.fr;
 EDHEC Climate Institute;Nice, Alpes-Maritimes, Provence-Alpes-Côte D'Azur, France, Nice, Europe;40;Financial Services;;"Academic Research
+20";Nonprofit;edhec.edu;
 Incka by Astek;Boulogne-Billancourt, Hauts-de-Seine, Île-De-France, France, Boulogne-Billancourt, Europe;35;IT Services and IT Consulting;;;Privately Held;incka-astek.fr;
 Dotsafe;Bordeaux, Gironde, Nouvelle-Aquitaine, France, Bordeaux, Europe;39;Software Development;2009;web;Privately Held;dotsafe.fr;
 SOLUMAT ILE-DE-FRANCE;Marolles-en-Hurepoix, Essonne, Île-De-France, France, Palaiseau, Europe;20;Financial Services;;;;vinci-construction.com;
 Euriware;Guyancourt, Yvelines, Île-De-France, France, Versailles, Europe;138;IT Services and IT Consulting;;;Privately Held;euriware.fr;
 ST JO;St.-Vincent-de-Barrès, Ardèche, Auvergne-Rhône-Alpes, France, Privas, Europe;42;Financial Services;;;;saint-vincent-de-barres.fr;
 Arsenal | Bornes de jeu & gamification omnicanale;Marcq-en-Barœul, Nord, Hauts-de-France, France, Lille, Europe;55;IT Services and IT Consulting;1988;"Bornes de jeu
+14";Privately Held;arsenal.fr;
 Alfadir;Paris, Paris, Île-De-France, France, Europe;21;Technology, Information and Internet;2012;Internet;Partnership;alfadir.com;
 FCL Gérer la Cité;Paris, Paris, Île-De-France, France, Europe;30;Financial Services;1989;"Optimiser la gestion locale
+4";Partnership;fcl.fr;
 PLRS;Lamballe, Côtes-d'Armor, Bretagne, France, Saint-Brieuc, Europe;36;Software Development;;;;plrs.com;
 Don't remember the name;Paris, Paris, Île-De-France, France, Europe;537;Software Development;2014;"Développement
+9";Privately Held;reddit.com;
 Knowmore;Ivry-sur-Seine, Val-de-Marne, Île-De-France, France, Créteil, Europe;53;Software Development;2001;"Simulation SoftwareEPSS
+16";Privately Held;knowmore365.com;
 DOXENSE;Wasquehal, Nord, Hauts-de-France, France, Lille, Europe;38;IT Services and IT Consulting;2005;"Gestion des impressions
+4";Partnership;doxense.com;
 SUDOKEYS;Montauban, Tarn-et-Garonne, Occitanie, France, Montauban, Europe;34;IT Services and IT Consulting;2002;"Intégrateur ERP Odoo Gold Partner
+13";Privately Held;sudokeys.com;
 DEVOLIS;Le Petit-Quevilly, Seine-Maritime, Normandie, France, Rouen, Europe;49;IT Services and IT Consulting;2007;"Logiciels
+14";Privately Held;devolis.com;
 Conseils-Plus;Paris, Paris, Île-De-France, France, Europe;70;IT Services and IT Consulting;2005;"ConsultingSAP
+10";Privately Held;conseils-plus.com;
 APMT;Les Abrets, Isère, Auvergne-Rhône-Alpes, France, La Tour-du-Pin, Europe;56;Financial Services;;;;apmt.io;
 Atout Majeur Concept;Ribaute-les-Tavernes, Gard, Occitanie, France, Alès, Europe;46;IT Services and IT Consulting;2005;"IntranetInternet
+14";Privately Held;atoutmajeurconcept.fr;
 Fimalac;Paris, Paris, Île-De-France, France, Europe;27;Financial Services;;"Spectacle vivant
+3";Privately Held;fimalac.com;
 Tekoway;Marseille, Bouches-du-Rhône, Provence-Alpes-Côte D'Azur, France, 1er Arr., Europe;26;IT Services and IT Consulting;2013;"Applications Web
+13";Privately Held;tekoway.com;
 Mexty;France, Europe;25;Software Development;;"AI-powered instructional design
+9";Privately Held;mexty.fr;
 Armadillo;Vanves, Hauts-de-Seine, Île-De-France, France, Antony, Europe;22;Technology, Information and Internet;1998;"DAMGestion de contenu
+5";Partnership;armadillo.net;
 ntic;Montpellier, Hérault, Occitanie, France, Montpellier, Europe;30;Technology, Information and Internet;;;Self-Employed;ntic.com;
 ZERO Markets;Beaurepaire, Isère, Auvergne-Rhône-Alpes, France, Vienne, Europe;65;Financial Services;2017;"Forex broker
+4";Privately Held;zeromarkets.com;
 CAP Vision ERP Métiers & Expertise Microsoft;Rouffach, Haut-Rhin, Grand Est, France, Guebwiller, Europe;32;Software Development;2002;"ERPWeb
+9";Privately Held;capvision.fr;
 KLS Group;Meylan, Isère, Auvergne-Rhône-Alpes, France, Grenoble, Europe;83;Software Development;1986;"Editeur de logiciels
+7";Partnership;kls-group.fr;
 All4it;Lezennes, Nord, Hauts-de-France, France, Lille, Europe;54;IT Services and IT Consulting;1997;"Architecture consultancy
+3";Privately Held;all4it.com;
 Smartway Accounting & Tax Services;Uckange, Moselle, Grand Est, France, Thionville, Europe;39;Financial Services;2017;"Accounting Services
+6";Privately Held;smartwayaccounting.com;
 TRAXXEO;Paris, Paris, Île-De-France, France, Europe;38;Software Development;2008;;Privately Held;traxxeo.com;
 Groupe Altéor;Aix-en-Provence, Bouches-du-Rhône, Provence-Alpes-Côte D'Azur, France, Aix-en-Provence, Europe;26;Financial Services;1986;;Self-Owned;alteor.net;
 Vivalto Vie;Paris, Paris, Île-De-France, France, Europe;51;Financial Services;;;;vivaltovie.fr;
 AI.Dragonfly;Nanterre, Hauts-de-Seine, Île-De-France, France, Nanterre, Europe;20;IT Services and IT Consulting;1995;"Sécurité des Systèmes d'Information
+4";Privately Held;hugedomains.com;
 Blog Ecommerce;Cachan, Val-de-Marne, Île-De-France, France, L'Haÿ-les-Roses, Europe;35;Technology, Information and Internet;2006;"SEASEM
+8";Privately Held;blog-ecommerce.com;
 LES PLANCHES;Caen, Calvados, Normandie, France, Caen, Europe;52;Financial Services;;;;planches.fr;
 PLANET Bourgogne;Saint-Apollinaire, Côte-d'Or, Bourgogne-Franche-Comté, France, Dijon, Europe;33;Technology, Information and Internet;1995;"Hébergement
+5";Privately Held;planetb.fr;
 CAD.42;Paris, Paris, Île-De-France, France, Europe;25;Software Development;2016;"Training
+2";Self-Owned;cad42.com;
 OVEA;Montpellier, Hérault, Occitanie, France, Montpellier, Europe;30;IT Services and IT Consulting;2002;"Accès Haut Débit
+7";Privately Held;ovea.com;
 Bfast System;Vibraye, Sarthe, Pays de la Loire, France, Mamers, Europe;35;IT Services and IT Consulting;2010;"iOSAndroïd
+14";Privately Held;bfast-system.fr;
 Worldgrid;Bezons, Val-d'Oise, Île-De-France, France, Argenteuil, Europe;968;IT Services and IT Consulting;2009;"EnergyUtilities
+10";Privately Held;worldgrid.net;
 CIPELIA;Amiens, Somme, Hauts-de-France, France, Amiens, Europe;58;Financial Services;;;;nextmove.fr;
 Fitnet Manager;Montpellier, Hérault, Occitanie, France, Montpellier, Europe;35;Software Development;2007;"ERP de gestion par affaireCRM
+9";Privately Held;fitnetmanager.fr;
 myConnectedCompany;Nanterre, Hauts-de-Seine, Île-De-France, France, Nanterre, Europe;27;IT Services and IT Consulting;2017;"macOSVIP
+11";Partnership;myconnectedcompany.com;
 SPHINX France;Saint-Germain-lès-Arpajon, Essonne, Île-De-France, France, Palaiseau, Europe;22;IT Services and IT Consulting;2001;"Wireless
+4";Privately Held;sphinx.com;
 Fairjungle;Saint-Mandé, Val-de-Marne, Île-De-France, France, Nogent-sur-Marne, Europe;36;Technology, Information and Internet;2017;"TechTravel
+7";Privately Held;fairjungle.com;
 ESSEC Capital Investments Club;Cergy, Val-d'Oise, Île-De-France, France, Pontoise, Europe;26;Financial Services;;;Privately Held;essec.edu;
 IRIUM SOFTWARE;Artigues-près-Bordeaux, Gironde, Nouvelle-Aquitaine, France, Bordeaux, Europe;214;Software Development;1982;"logiciel de gestion
+25";Privately Held;irium-software.fr;
 Activisu / Activ'screen;Clichy, Hauts-de-Seine, Île-De-France, France, Nanterre, Europe;121;Software Development;;"Software solutions
+10";Privately Held;acuite.fr;
 LE CLUZEAU;Vouhé, Charente-Maritime, Nouvelle-Aquitaine, France, Rochefort, Europe;27;Financial Services;;;;cluzeau.fr;
 OfficeRiders;Paris, Paris, Île-De-France, France, Europe;44;Software Development;;"Immobilier flexible
+6";Privately Held;officeriders.com;
 Aareon France;Hauts-de-Seine, Île-De-France, France, Boulogne-Billancourt, Europe;179;Software Development;1982;"Software
+12";Privately Held;aareon.fr;
 Noveo Group;Paris, Paris, Île-De-France, France, Europe;321;Software Development;1998;"Technical audit and consulting
+7";Privately Held;noveo.eu;
 Proxi Service;Mennecy, Essonne, Île-De-France, France, Évry, Europe;21;Software Development;;;;proxiservice.fr;
 Cashpad;Paris, Paris, Île-De-France, France, Europe;35;Software Development;2010;"Caisse enregistreuse tactile (iPad)
+9";Privately Held;cashpad.io;
 jetpulp, groupe DATASOLUTION;Lyon, Rhône, Auvergne-Rhône-Alpes, France, Lyon, Europe;25;Technology, Information and Internet;;;Partnership;jetpulp.fr;
 Crafteam;Paris, Paris, Île-De-France, France, Europe;20;IT Services and IT Consulting;2021;"Conseil en Informatique
+7";Privately Held;crafteam.io;
 IENA | Performance Management and Finance Consulting;Puteaux, Hauts-de-Seine, Île-De-France, France, Nanterre, Europe;60;IT Services and IT Consulting;2005;"EPMData Intelligence
+8";Privately Held;iena.com;
 Lanteas;Aix-en-Provence, Bouches-du-Rhône, Provence-Alpes-Côte D'Azur, France, Aix-en-Provence, Europe;20;Software Development;2014;"Gestion de la Relation usagersCRM
+3";Privately Held;lanteas.com;
 Central Test;Paris, Paris, Île-De-France, France, Europe;251;Software Development;2002;"Psychometric assessments
+10";Privately Held;keypredict.com;
 Dataïads;Paris, Paris, Île-De-France, France, Europe;34;Software Development;2021;"Post Click Experience
+9";Privately Held;dataiads.io;
 Axis Informatique;Creuzier-le-Vieux, Allier, Auvergne-Rhône-Alpes, France, Vichy, Europe;23;IT Services and IT Consulting;1997;;Privately Held;axis-informatique.com;
 Groupe Flow Line;Bron, Rhône, Auvergne-Rhône-Alpes, France, Lyon, Europe;74;Software Development;2000;"ERPSage X3
+5";Privately Held;flowlineintegration.com;
 CALSUN HOLDING;St.-Priest, Rhône, Auvergne-Rhône-Alpes, France, Lyon, Europe;32;Financial Services;;;;calsun.com;
 BD Multimedia;Paris, Paris, Île-De-France, France, Europe;21;Financial Services;1986;"établissement de paiement
+7";Public Company;tractial.com;
 Talan - Cloud & Applications Services;Paris, Paris, Île-De-France, France, Europe;330;IT Services and IT Consulting;;"SAPOracle
+10";Privately Held;talan.com;
 Open Bee;Haute-Savoie, Auvergne-Rhône-Alpes, France, Annecy, Europe;132;Software Development;2008;"Gestion Electronique de Documents (GED)
+10";Privately Held;openbee.com;
 CRiP;Neuilly-sur-Seine, Hauts-de-Seine, Île-De-France, France, Nanterre, Europe;67;IT Services and IT Consulting;2007;;Nonprofit;crip.fr;
 ALTEN SYSTEMES D'INFORMATION ET RESEAUX;Boulogne-Billancourt, Hauts-de-Seine, Île-De-France, France, Boulogne-Billancourt, Europe;32;Software Development;;;;alten.fr;
 Insitoo-IT Freelances;Wasquehal, Nord, Hauts-de-France, France, Lille, Europe;71;IT Services and IT Consulting;2007;"Portage Salarial
+9";Privately Held;insitoo.com;
 Abelium Collectivités;Pleurtuit, Ille-et-Vilaine, Bretagne, France, Saint-Malo, Europe;30;Software Development;1999;Editeur de logiciels;Self-Owned;familea.fr;
 Pole Star Indoor Positioning;Toulouse, Haute-Garonne, Occitanie, France, Toulouse, Europe;24;IT Services and IT Consulting;2002;"Indoor Location Solutions
+8";Privately Held;polestar.eu;
 alter way;Saint-Cloud, Hauts-de-Seine, Île-De-France, France, Boulogne-Billancourt, Europe;122;IT Services and IT Consulting;2006;"PHPopen source
+24";Privately Held;alterway.fr;
 Sopht I B Corp certified;Lyon, Rhône, Auvergne-Rhône-Alpes, France, Lyon, Europe;40;Software Development;2021;"Environnement
+23";Privately Held;sopht.com;
 BeTomorrow;Bordeaux, Gironde, Nouvelle-Aquitaine, France, Bordeaux, Europe;75;Software Development;2002;"MobileWeb
+21";Privately Held;betomorrow.com;
 THEVENET;Courtry, Seine-et-Marne, Île-De-France, France, Torcy, Europe;28;Financial Services;;;;thevenet.fr;
 EIF Innovation;Paris, Paris, Île-De-France, France, Europe;23;Financial Services;;"financement de l'innovation
+7";Privately Held;eifinnovation.fr;
 JLR Distribution;Lyon, Rhône, Auvergne-Rhône-Alpes, France, Lyon, Europe;63;Software Development;2002;"Logiciels de gestion
+7";Partnership;retail-france.com;
 CORUS;Villeurbanne, Rhône, Auvergne-Rhône-Alpes, France, Lyon, Europe;46;IT Services and IT Consulting;;"Editique
+13";Partnership;corus.fr;
 IKOSOFT;Aix-en-Provence, Bouches-du-Rhône, Provence-Alpes-Côte D'Azur, France, Aix-en-Provence, Europe;53;IT Services and IT Consulting;;"marketing
+7";Self-Owned;ikosoft.com;
 Step;Pau, Pyrénées-Atlantiques, Nouvelle-Aquitaine, France, Pau, Europe;53;IT Services and IT Consulting;2001;"Numérisation
+6";Privately Held;step.com;
 BUAWEI;Saint-André-lez-Lille, Nord, Hauts-de-France, France, Lille, Europe;39;Software Development;2020;"intelligence artificielle
+2";Self-Owned;pokaiok.fr;
 Aleysia;Lyon, Rhône, Auvergne-Rhône-Alpes, France, Lyon, Europe;113;IT Services and IT Consulting;2013;;Privately Held;aleysia.com;
 2CRSi;Strasbourg, Bas-Rhin, Grand Est, France, Strasbourg, Europe;102;IT Services and IT Consulting;2005;"High Performance Servers
+10";Public Company;2crsi.com;
 Hellowork;Rennes, Ille-et-Vilaine, Bretagne, France, Rennes, Europe;800;Technology, Information and Internet;;;Privately Held;hellowork.com;
 CENIA;Montreuil, Seine-Saint-Denis, Île-De-France, France, Bobigny, Europe;20;Software Development;;;;cenia.fr;
 Business Geografic (Ciril GROUP);Villeurbanne, Rhône, Auvergne-Rhône-Alpes, France, Lyon, Europe;38;Software Development;2001;"GISmapping
+12";Privately Held;cirilgroup.com;
 Everwin;Étampes, Essonne, Île-De-France, France, Étampes, Europe;540;Software Development;1995;"leader français des logiciels de gestion d’affaires
+3";Partnership;everwin.com;
 Utocat;Lille, Nord, Hauts-de-France, France, Lille, Europe;27;Financial Services;2014;"blockchain
+6";Self-Owned;utocat.com;
 CEICOM;Toulouse, Haute-Garonne, Occitanie, France, Toulouse, Europe;44;Software Development;1971;"ERPCloud computing
+20";Privately Held;ceicom-solutions.fr;
 Directeur Particulier;Paris, Paris, Île-De-France, France, Europe;107;Financial Services;2007;"Services et conseils aux entreprises
+8";Privately Held;directeurparticulier.fr;
 Goood!;Paris, Paris, Île-De-France, France, Europe;100;IT Services and IT Consulting;2004;"Formation aux méthodes Agiles
+19";Privately Held;goood.com;
 EXOS TELECOM;Paris, Paris, Île-De-France, France, Europe;28;Software Development;1999;;Partnership;exos.fr;
 HelloAsso;Bègles, Gironde, Nouvelle-Aquitaine, France, Bordeaux, Europe;166;Technology, Information and Internet;2009;"Mobilisation des internautes
+10";Partnership;helloasso.com;
 TJC Group;Marseille, Provence-Alpes-Côte D'azur, France;69;IT Services and IT Consulting;1997;"SAP ERP
+10";Privately Held;tjc-group.com;
 SOCAF;Paris, Paris, Île-De-France, France, Europe;75;Financial Services;1965;"immobilier
+3";Partnership;socaf.fr;
 Genesis Groupe By Audensiel;Lyon, Rhône, Auvergne-Rhône-Alpes, France, Lyon, Europe;53;IT Services and IT Consulting;1988;"Conseil et Assistance à Maîtrise d'Ouvrage
+4";Self-Owned;audensiel.com;
 ActiPay;Sainghin-en-Mélantois, Nord, Hauts-de-France, France, Lille, Europe;32;Financial Services;1997;"Gestion des impayes
+10";Partnership;actipay.fr;
 ANGOFLEX;Courbevoie, Hauts-de-Seine, Île-De-France, France, Nanterre, Europe;169;Financial Services;;;;gowork.fr;
 MARBAL;Fécamp, Seine-Maritime, Normandie, France, Le Havre, Europe;473;Financial Services;;;;marbal.net;
 Groupe ADINFO;La Roche-sur-Yon, Vendée, Pays de la Loire, France, La Roche-sur-Yon, Europe;129;Software Development;1985;"services informatiques
+11";Privately Held;groupeadinfo.com;
 Akoa;Paris, Paris, Île-De-France, France, Europe;41;Technology, Information and Internet;1986;"transformation digitale
+11";Partnership;roboyo.global;
 SIDEXIA;Boulogne-Billancourt, Hauts-de-Seine, Île-De-France, France, Boulogne-Billancourt, Europe;34;IT Services and IT Consulting;2015;"DigitalIngénierie Applicative
+2";Privately Held;sidexia.com;
 VITEC;Fort de Châtillon, Hauts-de-Seine, Île-De-France, France, Antony, Europe;466;IT Services and IT Consulting;1988;"Encoders
+25";Privately Held;vitec.com;
 SCASICOMP;Boulogne-Billancourt, Hauts-de-Seine, Île-De-France, France, Boulogne-Billancourt, Europe;36;IT Services and IT Consulting;1994;"intégration
+10";Privately Held;groupe-cyllene.com;
 courrir;Orléans, Loiret, Centre-Val de Loire, France, Orléans, Europe;36;Software Development;;;;courrir.fr;
 YourArt;Levallois-Perret, Hauts-de-Seine, Île-De-France, France, Nanterre, Europe;28;Software Development;2022;"artistemarché de l'art
+14";Privately Held;yourart.art;
 TALARON SERVICES;Montpellier, Hérault, Occitanie, France, Montpellier, Europe;41;Software Development;2010;;Privately Held;talaron-services.com;
 ETIB;Lanester, Morbihan, Bretagne, France, Lorient, Europe;249;Software Development;1994;"Editeur logiciels
+8";Privately Held;etib.fr;
 CEMDI;Sainte-Foy-lès-Lyon, Rhône, Auvergne-Rhône-Alpes, France, Lyon, Europe;35;Software Development;;;;saintefoyleslyon.fr;
 ITS Ibelem;Boulogne-Billancourt, Hauts-de-Seine, Île-De-France, France, Boulogne-Billancourt, Europe;57;IT Services and IT Consulting;2001;"Enterprise Mobility Management
+5";Privately Held;itsibelem.fr;
 group-solutions;Amiens, Somme, Hauts-de-France, France, Amiens, Europe;104;IT Services and IT Consulting;1985;"Informatique
+7";Privately Held;atom.com;
 ITK;Clapiers, Occitanie, France;110;IT Services and IT Consulting;2003;Modélisation agronomique and Développement de logiciel spécialisé;Privately Held;itk.fr;
 BBS Slama;Clermont-Ferrand, Puy-de-Dôme, Auvergne-Rhône-Alpes, France, Clermont-Ferrand, Europe;25;Software Development;1985;"Calculs thermiques
+20";Privately Held;bbs-slama.com;
 Groupe Diagram;Saint-Étienne, Loire, Auvergne-Rhône-Alpes, France, Saint-Étienne, Europe;48;Software Development;1986;"Développement dapplication sur mesure
+3";Partnership;diagram.fr;
 EUROCOM 2000;Clichy, Hauts-de-Seine, Île-De-France, France, Nanterre, Europe;54;Software Development;;;;eurocom2000.net;
 IRT b-com;Cesson-Sévigné, Ille-et-Vilaine, Bretagne, France, Rennes, Europe;138;IT Services and IT Consulting;2012;"user experience
+7";Self-Owned;b-com.com;
 API & YOU Agence Conseil Data & IA - Communication - E-commerce Console SecretBox;Poligny, Jura, Bourgogne-Franche-Comté, France, Lons-le-Saunier, Europe;100;Technology, Information and Internet;1996;"Stratégie de Communication
+7";Self-Owned;api-and-you.com;
 Celaneo - Agence Digitale in Paris;Paris, Paris, Île-De-France, France, Europe;35;IT Services and IT Consulting;2008;"Agence web
+18";Privately Held;celaneo.com;
 Audencia Finance;Nantes, Loire-Atlantique, Pays de la Loire, France, Nantes, Europe;31;Financial Services;1998;"Finance
+3";Nonprofit;audencia.com;
 makemepulse;Paris, Paris, Île-De-France, France, Europe;33;Technology, Information and Internet;2008;"Digital activation strategy
+12";Partnership;makemepulse.com;
 MSI Experts;Lyon, Rhône, Auvergne-Rhône-Alpes, France, Lyon, Europe;33;IT Services and IT Consulting;2014;"AMOAEtudes & Projets
+13";Privately Held;msi-experts.fr;
 Next Décision;Nantes, Loire-Atlantique, Pays de la Loire, France, Nantes, Europe;275;IT Services and IT Consulting;2010;"Informatique décisionnelleMDM
+12";Privately Held;next-decision.fr;
 EUROPEA;Paris, Paris, Île-De-France, France, Europe;50;IT Services and IT Consulting;2003;;Privately Held;europea.com;
 ZSH;Paris, Paris, Île-De-France, France, Europe;22;Financial Services;;;;avis-pros.com;
 African Lease Group;Castelsarrasin, Tarn-et-Garonne, Occitanie, France, Castelsarrasin, Europe;30;Financial Services;;"Crédit bail
+2";Privately Held;africanlease.com;
 AKANEA;Limonest, Rhône, Auvergne-Rhône-Alpes, France, Lyon, Europe;264;Software Development;2013;"Logiciels pour les professionnels de la logistique
+4";Partnership;akanea.com;
 Audencia Financial Club;Nantes, Loire-Atlantique, Pays de la Loire, France, Nantes, Europe;23;Financial Services;1998;"Finance
+3";Nonprofit;audenciafinancialclub.com;
 IZITEK;Éguilles, Bouches-du-Rhône, Provence-Alpes-Côte D'Azur, France, Aix-en-Provence, Europe;56;IT Services and IT Consulting;2002;"informatique & bureautique
+4";Privately Held;izitek.fr;
 Clearnox (by Wolters Kluwer);Paris, Paris, Île-De-France, France, Europe;28;Financial Services;2013;"Account Receivables Management
+3";Privately Held;clearnox.com;
 Omnes;Paris, Paris, Île-De-France, France, Europe;98;Financial Services;1999;"Infrastructure
+6";Self-Owned;omnes.fr;
 Élap Éditeur de Logiciels pour les Administrations Publiques;Aix-en-Provence, Bouches-du-Rhône, Provence-Alpes-Côte D'Azur, France, Aix-en-Provence, Europe;132;Software Development;1981;"édition de logiciels
+5";Partnership;elap.io;
 UTI-Group;Levallois-Perret, Hauts-de-Seine, Île-De-France, France, Nanterre, Europe;139;IT Services and IT Consulting;1986;".NetJava/J2ee
+19";Public Company;uti-group.fr;
 ADDL;Cachan, Val-de-Marne, Île-De-France, France, L'Haÿ-les-Roses, Europe;38;Software Development;1994;"Logiciel de Simulation Numérique
+8";Privately Held;addl.fr;
 Sycomore Asset Management;Paris, Paris, Île-De-France, France, Europe;101;Financial Services;2001;"European Equities
+5";Privately Held;sycomoreassetmanagement.com;
 Kioskemploi | Inasoft;Rillieux-la-Pape, Rhône, Auvergne-Rhône-Alpes, France, Lyon, Europe;22;Software Development;2019;"logiciel
+13";Privately Held;chooseyourboss.com;
 MPSI Santé Social;Bagnères-de-Bigorre, Hautes-Pyrénées, Occitanie, France, Bagnères-de-Bigorre, Europe;20;Software Development;2010;"Analyse et pilotage médico-économique
+4";Privately Held;mpsi-sante.fr;
 Arche MC2;Aix-en-Provence, Bouches-du-Rhône, Provence-Alpes-Côte D'Azur, France, Aix-en-Provence, Europe;436;IT Services and IT Consulting;1992;"Services à la personne
+5";Privately Held;arche-mc2.fr;
 SKEZI;Paris, Paris, Île-De-France, France, Europe;26;Software Development;2020;"eHealthePRO
+4";Privately Held;skezi.eu;
 Activisu;Clichy, Hauts-de-Seine, Île-De-France, France, Nanterre, Europe;114;Software Development;;"Software solutions
+10";Privately Held;essishop.fr;
 Flowwa;Toulouse, Haute-Garonne, Occitanie, France, Toulouse, Europe;22;Software Development;2004;"Edition logicielle
+11";Privately Held;flowwa.io;
 CHG-MERIDIAN France;Courbevoie, Hauts-de-Seine, Île-De-France, France, Nanterre, Europe;23;Financial Services;;;Privately Held;chgmeridian.com;
 Learning Tribes - Acticall Group;Paris, Paris, Île-De-France, France, Europe;32;Technology, Information and Internet;;;;hugedomains.com;
 metaFactory;Arcueil, Val-de-Marne, Île-De-France, France, L'Haÿ-les-Roses, Europe;32;Software Development;;"technologySSII
+7";Privately Held;metafactory.io;
 Persistant Studios - PopcornFX;Paris, Paris, Île-De-France, France, Europe;33;Software Development;2005;"Software development
+7";Privately Held;persistant.fr;
 Bexter Agence Web Digitale;La Seyne-sur-Mer, Var, Provence-Alpes-Côte D'Azur, France, Toulon, Europe;31;Technology, Information and Internet;2001;"Création de sites internet / e-commerce / Intranet et Extranet
+3";Privately Held;bexter.fr;
 Applium;Clichy, Hauts-de-Seine, Île-De-France, France, Nanterre, Europe;120;IT Services and IT Consulting;2002;"SAPConseil
+28";Partnership;applium.com;
 Weexa;Clichy, Hauts-de-Seine, Île-De-France, France, Nanterre, Europe;86;IT Services and IT Consulting;;"EDIEAI
+11";Privately Held;weexa.com;
 Agence Plan B;Paris, Paris, Île-De-France, France, Europe;38;IT Services and IT Consulting;2011;"Création de site internet
+5";Privately Held;agenceplanb.com;
 APSSI Group;Pont-Saint-Martin, Loire-Atlantique, Pays de la Loire, France, Nantes, Europe;38;IT Services and IT Consulting;2006;"Infogérance
+16";Partnership;aps-si.com;
 Data System;Paris, Paris, Île-De-France, France, Europe;22;Software Development;1982;;Privately Held;datasystem.fr;
 LK Interactive | L'agence de com' digitale;Aix-en-Provence, Bouches-du-Rhône, Provence-Alpes-Côte D'Azur, France, Aix-en-Provence, Europe;24;Technology, Information and Internet;2007;"Stratégie Digitales
+7";Self-Owned;lk-interactive.fr;
 Ipsos Synthesio;Paris, Paris, Île-De-France, France, Europe;89;Technology, Information and Internet;2006;"Audience Analysis
+17";Privately Held;synthesio.com;
 Groupe ISIA;Saint-Mathieu-de-Tréviers, Hérault, Occitanie, France, Montpellier, Europe;114;IT Services and IT Consulting;1996;"Microsoft .net
+13";Privately Held;isia.com;
 WebexpR;Compiègne, Oise, Hauts-de-France, France, Compiègne, Europe;22;Technology, Information and Internet;2012;"Création de site Internet Institutionnels & d'entreprises
+4";Partnership;webexpr.fr;
 Palico;Paris, Paris, Île-De-France, France, Europe;25;Financial Services;2012;;Privately Held;palico.com;
 Hitechsoftware;Toulouse, Haute-Garonne, Occitanie, France, Toulouse, Europe;23;Software Development;1986;"logiciel location de voitures
+19";Privately Held;hitech.fr;
 Acci Plus Patrimoine;Nîmes, Gard, Occitanie, France, Nîmes, Europe;21;Financial Services;1998;"Gestion de patrimoine
+5";Privately Held;acciplus-patrimoine.com;
 ORIS Materials Intelligence;Lyon, Rhône, Auvergne-Rhône-Alpes, France, Lyon, Europe;44;Software Development;2021;"LCAInfrastructure
+12";Privately Held;oris-connect.com;
 OPTEOS Coopérative d'Activité et d'Emploi LILLE;Lille, Nord, Hauts-de-France, France, Lille, Europe;65;IT Services and IT Consulting;;"communs
+8";Privately Held;opteos.fr;
 LMBA / GEDIX;Lyon, Rhône, Auvergne-Rhône-Alpes, France, Lyon, Europe;22;Software Development;1993;"Transfert DNC
+8";Self-Owned;gedix.fr;
 D.L DEVELOPPEMENT;Issy-les-Moulineaux, Hauts-de-Seine, Île-De-France, France, Boulogne-Billancourt, Europe;49;Financial Services;1993;Audit and Conseil opérationnel aux entreprises;Self-Owned;dldevel.com;
 SKIDATA France;Les Mollettes, Savoie, Auvergne-Rhône-Alpes, France, Chambéry, Europe;46;IT Services and IT Consulting;;;Privately Held;skidata.com;
 Believe IT;Montpellier, Hérault, Occitanie, France, Montpellier, Europe;27;IT Services and IT Consulting;2016;Société de service informatique and Assistance technique;Privately Held;believeit.fr;
 Digital Garden;Nantes, Loire-Atlantique, Pays de la Loire, France, Nantes, Europe;23;Technology, Information and Internet;2007;"webmarketing
+26";Privately Held;digitalgarden.fr;
 Blank;Paris, Paris, Île-De-France, France, Europe;255;Financial Services;2019;;Privately Held;blank.com;
 Manymore;Puteaux, Hauts-de-Seine, Île-De-France, France, Nanterre, Europe;46;Technology, Information and Internet;2006;"Conseil en gestion patrimonialeCRM
+2";Privately Held;rightperson.com;
 LINKBYNET;Saint-Denis, Seine-Saint-Denis, Île-De-France, France, Saint-Denis, Europe;199;IT Services and IT Consulting;2000;"DevOpsCloud
+17";Privately Held;cisco.com;
 Aprovall;Massy, Essonne, Île-De-France, France, Palaiseau, Europe;62;Software Development;2008;"TPRMTPGRC
+14";Privately Held;aprovall.com;
 CyberCité;Villeurbanne, Rhône, Auvergne-Rhône-Alpes, France, Lyon, Europe;136;Technology, Information and Internet;1999;"SEOSEA/Média
+13";Partnership;cybercite.fr;
 LabVantage Solutions France;Clichy, Hauts-de-Seine, Île-De-France, France, Nanterre, Europe;35;Software Development;;"LIMSLabVantage
+4";Privately Held;mappy.com;
 Evolutive;Saint-Genis-Laval, Rhône, Auvergne-Rhône-Alpes, France, Lyon, Europe;96;Technology, Information and Internet;2005;"Ecommerce
+24";Privately Held;evolutive.com;
 TLTI ingénierie numérique;Paris, Paris, Île-De-France, France, Europe;86;IT Services and IT Consulting;2010;;Privately Held;tlti.fr;
 WR;Paris, Paris, Île-De-France, France, Europe;23;Technology, Information and Internet;2001;"Sites web
+10";Privately Held;wr-pompes-funebres-musulmanes.fr;
 UPF;Le Havre, Seine-Maritime, Normandie, France, Le Havre, Europe;31;Financial Services;2002;;Privately Held;upfpatrimoine.com;
 Seldon Finance;Bidart, Pyrénées-Atlantiques, Nouvelle-Aquitaine, France, Bayonne, Europe;31;Software Development;;comptabilité publique and dette structurée;Partnership;seldon-finance.com;
 SdV;Strasbourg, Bas-Rhin, Grand Est, France, Strasbourg, Europe;106;Technology, Information and Internet;1981;"hébergement
+11";Privately Held;unistra.fr;
 ITESOFT;Rueil-Malmaison, Hauts-de-Seine, Île-De-France, France, Nanterre, Europe;216;Software Development;1984;"capture and processing of documents
+18";Self-Owned;itesoft.com;
 Primelis Market (Formerly OmnyAI);Levallois-Perret, Hauts-de-Seine, Île-De-France, France, Nanterre, Europe;22;Technology, Information and Internet;2022;"Amazon
+8";Privately Held;frenchweb.fr;
 UNOWHY;Neuilly-sur-Seine, Hauts-de-Seine, Île-De-France, France, Nanterre, Europe;153;Technology, Information and Internet;2007;"logiciels
+4";Self-Owned;unowhy.com;
 WINSERVICE LANGUEDOC ROUSSILLON;Mauguio, Hérault, Occitanie, France, Montpellier, Europe;24;Software Development;2010;;Privately Held;winservice.fr;
 SMG / SMG-MC;Alpes-Maritimes, Provence-Alpes-Côte D'Azur, France, Grasse, Europe;28;IT Services and IT Consulting;1993;"Solution d'impression
+3";Self-Owned;smg-fr.fr;
 SuiviDeFlotte.net;Tours, Indre-et-Loire, Centre-Val de Loire, France, Tours, Europe;59;Software Development;2001;"Géolocalisation
+22";Self-Owned;suivideflotte.net;
 GENBIO;Paris, Paris, Île-De-France, France, Europe;43;Financial Services;;;;genbio.fr;
 Openium;Clermont-Ferrand, Puy-de-Dôme, Auvergne-Rhône-Alpes, France, Clermont-Ferrand, Europe;40;Software Development;2007;"développement mobile
+12";Privately Held;openium.fr;
 Kls;Paris, Paris, Île-De-France, France, Europe;48;Software Development;2019;;Privately Held;elecson.com;
 KARTOSA;Cachan, Val-de-Marne, Île-De-France, France, L'Haÿ-les-Roses, Europe;38;IT Services and IT Consulting;2010;"CORE HR
+16";Privately Held;kartosa.com;
 GMEF;France, Europe;20;Financial Services;;;;gmef.com;
 CENFE COMMUNICATION;France, Europe;24;Financial Services;;;;edhec.edu;
 INFOCONSEIL SAS;Paris, Paris, Île-De-France, France, Europe;108;Financial Services;1987;"Subventions Publiques et Para Publiques
+3";Privately Held;infoconseil.fr;
 ORIA;Toulouse, Haute-Garonne, Occitanie, France, Toulouse, Europe;27;IT Services and IT Consulting;1991;Conseil télécommunications et systèmes d'informations;Privately Held;oria.fr;
 FRANSABANK (FRANCE) SA;Paris, Paris, Île-De-France, France, Europe;28;Financial Services;;;;fransabank.fr;
 Lcl - Le Crédit Lyonnais;Cusset, Allier, Auvergne-Rhône-Alpes, France, Vichy, Europe;36;Financial Services;;;;contact-banque.fr;
 Orchestra;Paris, Paris, Île-De-France, France, Europe;172;IT Services and IT Consulting;2005;Distribution automatisée de produits de loisirs;Privately Held;shop-orchestra.com;
 PROXIAD;Paris, Paris, Île-De-France, France, Europe;454;IT Services and IT Consulting;1997;;Privately Held;proxiad.eu;
 DEF FINANCE;Paris, Paris, Île-De-France, France, Europe;25;Financial Services;;;;edcparis.edu;
 CSDL;Mérignac, Gironde, Nouvelle-Aquitaine, France, Bordeaux, Europe;42;Software Development;;;;csdl-bordeaux.org;
 Agfa-Gevaert S.A.;Rueil-Malmaison, Hauts-de-Seine, Île-De-France, France, Nanterre, Europe;28;Software Development;;;;societeinfo.com;
 Novius;Villeurbanne, Rhône, Auvergne-Rhône-Alpes, France, Lyon, Europe;41;Technology, Information and Internet;1996;"Site internet
+9";Privately Held;novius.com;
 Klanik;Marseille, Bouches-du-Rhône, Provence-Alpes-Côte D'Azur, France, 1er Arr., Europe;548;IT Services and IT Consulting;;"Conseil en ingénierieIT
+1";Self-Owned;klanik.com;
 COIFFURE DU MONDE;Toulouse, Haute-Garonne, Occitanie, France, Toulouse, Europe;30;Financial Services;;;;booksy.com;
 Fromageries bel production france snc - F.B.P.F.;Suresnes, Hauts-de-Seine, Île-De-France, France, Nanterre, Europe;25;Software Development;;;;usinenouvelle.com;
 Agence Aristote;Paris, Paris, Île-De-France, France, Europe;21;Technology, Information and Internet;2008;"Web Development
+3";Partnership;aristote.io;
 MAJURI;Lyon, Rhône, Auvergne-Rhône-Alpes, France, Lyon, Europe;99;Financial Services;;;;majuri.com;
 ProRealTime Trading;Rueil-Malmaison, Hauts-de-Seine, Île-De-France, France, Nanterre, Europe;21;Financial Services;2001;"Trading Software
+6";Privately Held;prorealtime.com;
 EVEN MEDIA INTERACTIVE;Marseille, Bouches-du-Rhône, Provence-Alpes-Côte D'Azur, France, 1er Arr., Europe;227;Software Development;;;;evenmedia.fr;
 WBNC;Paris, Paris, Île-De-France, France, Europe;22;Financial Services;;;;avis-pros.com;
 manager.one;Paris, Paris, Île-De-France, France, Europe;85;Financial Services;2016;"fintechbanque
+9";Privately Held;manager.one;
 GO SYSTEMES;France, Europe;35;IT Services and IT Consulting;1995;"Intégrateur SAP Business One
+7";Partnership;gosystemes.com;
 ETABLISSEMENTS VILLEBENOIT;Sens, Yonne, Bourgogne-Franche-Comté, France, Sens, Europe;21;Financial Services;;;;villebenoit.eu;
 XBP Europe;Noisiel, Seine-et-Marne, Île-De-France, France, Torcy, Europe;355;Technology, Information and Internet;;"Digital transformation
+19";Public Company;xbpglobal.com;
 Arvor Finance;Rennes, Ille-et-Vilaine, Bretagne, France, Rennes, Europe;24;Financial Services;2023;"RSEBanques / Assurances
+6";Privately Held;arvorfinance.fr;
 ADEVA;Orthez, Pyrénées-Atlantiques, Nouvelle-Aquitaine, France, Pau, Europe;29;Financial Services;2004;;Partnership;adeva.com;
 EuraCreative (Plaine Images);Tourcoing, Nord, Hauts-de-France, France, Lille, Europe;38;IT Services and IT Consulting;2010;"Accompagnement du développement de l'entreprise
+21";Government Agency;euracreative.fr;
 DUBOST;Dijon, Côte-d'Or, Bourgogne-Franche-Comté, France, Dijon, Europe;40;Financial Services;;;;dubo.st;
 Advisa e-commerce performance;Strasbourg, Bas-Rhin, Grand Est, France, Strasbourg, Europe;24;Technology, Information and Internet;2002;"E-Commerce
+18";Privately Held;atom.com;
 Smart Impact;Nantes, Loire-Atlantique, Pays de la Loire, France, Nantes, Europe;21;Technology, Information and Internet;2007;"Dataecommerce
+10";Self-Owned;smartimpact.fr;
 Kreactive;Lyon, Rhône, Auvergne-Rhône-Alpes, France, Lyon, Europe;55;IT Services and IT Consulting;2007;"Stratégie Mobile
+17";Privately Held;kreactive.fr;
 moshi moshi;Paris, Paris, Île-De-France, France, Europe;30;Technology, Information and Internet;2010;"internet
+7";Privately Held;moshimoshi.fr;
 PAINDOR;Carros, Alpes-Maritimes, Provence-Alpes-Côte D'Azur, France, Grasse, Europe;55;Financial Services;;;Privately Held;paindor.fr;
 SPC Consultants;Saint-Genis-Laval, Rhône, Auvergne-Rhône-Alpes, France, Lyon, Europe;130;IT Services and IT Consulting;1988;"Excellence opérationnelle
+24";Partnership;groupe-spc.com;
 Mext Metaverse;France, Europe;22;Software Development;2024;"B2B Metaverse
+9";Privately Held;lespepitestech.com;
 Factory Software - AVEVA Select France;Champs-sur-Marne, Seine-et-Marne, Île-De-France, France, Torcy, Europe;42;IT Services and IT Consulting;1986;"SCADAIIoT
+10";Privately Held;factorysoftware.com;
 Auguste;Meylan, Isère, Auvergne-Rhône-Alpes, France, Grenoble, Europe;30;Technology, Information and Internet;2021;"communicationdigital
+9";Privately Held;auguste.fr;
 Mr Suricate;Nantes, Loire-Atlantique, Pays de la Loire, France, Nantes, Europe;38;Technology, Information and Internet;2015;"TestsRecette
+8";Partnership;mrsuricate.com;
 Auriga - Infinie Technologie;Paris, Paris, Île-De-France, France, Europe;34;Software Development;1988;"Enseignement supérieur
+12";Partnership;auriga.fr;
 ADSI by Parthena Consultant;Puteaux, Hauts-de-Seine, Île-De-France, France, Nanterre, Europe;95;IT Services and IT Consulting;2005;"applications mobile
+6";Privately Held;parthena.com;
 CEPAP COMPAGNIE EUROPEENNE DE PAPETERIE SA;Roullet-Saint-Estèphe, Charente, Nouvelle-Aquitaine, France, Angoulême, Europe;52;Software Development;;;;enveloppeslacouronne.fr;
 Almavia CX;Paris, Paris, Île-De-France, France, Europe;164;IT Services and IT Consulting;2003;"SALESFORCE
+9";Privately Held;almaviacx.com;
 SoftNext;Paris, Paris, Île-De-France, France, Europe;38;Software Development;2018;"software
+2";Privately Held;softnext.fr;
 Anythings;Paris, Paris, Île-De-France, France, Europe;73;Technology, Information and Internet;2014;"Internet of Things
+2";Privately Held;anythings.com;
 GSPI;Communay, Rhône, Auvergne-Rhône-Alpes, France, Lyon, Europe;20;Financial Services;;;;gspi.net;
 itech France;Maurice d'Agaune, Val-de-Marne, Île-De-France, France, Créteil, Europe;26;Software Development;1986;"software edition
+11";Privately Held;itech.fr;
 CODRA;Massy, Île-De-France, France;183;Software Development;1986;"Industrial SCADA
+20";Privately Held;codra.net;
 bdpo;Paris, Paris, Île-De-France, France, Europe;62;Software Development;;;;bdpo.fr;
 Ecocea Technologies;Paris, Paris, Île-De-France, France, Europe;43;IT Services and IT Consulting;2009;"e-commerce
+4";Privately Held;ecoceatechnologies.com;
 ARCADE;Saint-Thibéry, Hérault, Occitanie, France, Béziers, Europe;43;Software Development;1993;"Editeur logiciel pour le secteur de la construction
+12";Privately Held;arcade.fr;
 STUDIO TATTOO;Saint-Maximin-la-Sainte-Baume, Var, Provence-Alpes-Côte D'Azur, France, Brignoles, Europe;75;Financial Services;;;;studiotattoo.com;
 Lengow;Nantes, Loire-Atlantique, Pays de la Loire, France, Nantes, Europe;181;Software Development;2009;"feed-management
+7";Privately Held;lengow.com;
 SEIDOR France;Beaumont-lès-Valence, Drôme, Auvergne-Rhône-Alpes, France, Valence, Europe;22;IT Services and IT Consulting;;;Partnership;seidor.com;
 Global POS;Baillargues, Hérault, Occitanie, France, Montpellier, Europe;29;Software Development;2004;"dématérialisation titres prépayés
+7";Privately Held;globalpos.fr;
 MGDIS;Vannes, Morbihan, Bretagne, France, Vannes, Europe;198;Software Development;1983;"Valorisation données publiques
+5";Privately Held;mgdis.fr;
 Point Base;Montigny-le-Bretonneux, Yvelines, Île-De-France, France, Versailles, Europe;21;IT Services and IT Consulting;1995;"IAMOKTA
+21";Privately Held;pointbase.fr;
 PARTNER SYSTEMES;Wasquehal, Nord, Hauts-de-France, France, Lille, Europe;36;IT Services and IT Consulting;1991;"BUREAUTIQUE
+3";Privately Held;partnersystemes.fr;
 Cadoles;Dijon, Côte-d'Or, Bourgogne-Franche-Comté, France, Dijon, Europe;20;Software Development;2011;"Free and Opensource softwareLinux
+3";Self-Owned;cadoles.com;
 TKM - TecKnowMetrix;Voiron, Isère, Auvergne-Rhône-Alpes, France, Grenoble, Europe;26;IT Services and IT Consulting;2004;"Conseil et services en innovation
+18";Partnership;tkminnovation.io;
 GIE IMAGERIE POLE DE SANTE GASSIN;Gassin, Provence-Alpes-Côte D'azur, France;24;Financial Services;;;;radiologie-pole-de-sante-gassin.fr;
 SG 29 HAUSSMANN;Paris, Paris, Île-De-France, France, Europe;22;Financial Services;;;;societegenerale.com;
 Je gère ma micro-entreprise;Denain, Nord, Hauts-de-France, France, Valenciennes, Europe;127;Technology, Information and Internet;2019;;Privately Held;info-comptable.org;
 Radiospares Sas;Beauvais, Oise, Hauts-de-France, France, Beauvais, Europe;23;Technology, Information and Internet;;;;rs-online.com;
 D2L INFORMATIQUE;Marcilly-sur-Maulne, Indre-et-Loire, Centre-Val de Loire, France, Tours, Europe;21;Software Development;2005;"Protection de l'enfance
+2";Privately Held;d2l-informatique.fr;
 INFODIP;Saint-Leu-la-Forêt, Val-d'Oise, Île-De-France, France, Pontoise, Europe;34;IT Services and IT Consulting;1986;"AuditConseil
+7";Privately Held;infodip.com;
 INSY2S;France, Europe;47;Software Development;2014;;Privately Held;insy2s.com;
 devo.to;Cergy, Val-d'Oise, Île-De-France, France, Pontoise, Europe;33;Software Development;2011;"Développement d'applications
+6";Privately Held;devo.to;
 Mobility Solutions Volkswagen Group France;Roissy-en-France, Val-d'Oise, Île-De-France, France, Sarcelles, Europe;26;Financial Services;2011;"Gestion de flotte
+3";Privately Held;mobility-solutions-volkswagengroup.fr;
 AFREETECH;Nantes, Loire-Atlantique, Pays de la Loire, France, Nantes, Europe;52;IT Services and IT Consulting;2007;"Marketing digital
+10";Privately Held;afreetech.fr;
 DUOTECH INFORMATIQUE;Bressuire, Deux-Sèvres, Nouvelle-Aquitaine, France, Bressuire, Europe;61;IT Services and IT Consulting;2003;"Support technique
+2";Privately Held;duotech.fr;
 CABINET LAURENT;Paris, Paris, Île-De-France, France, Europe;26;Financial Services;;;;cabinetlaurent.fr;
 Systar;Saint-Cloud, Hauts-de-Seine, Île-De-France, France, Boulogne-Billancourt, Europe;73;Software Development;1984;"Operational Intelligence
+5";Privately Held;systar.net;
 Submagic;Paris, Paris, Île-De-France, France, Europe;23;Software Development;2023;;Self-Owned;submagic.fr;
 ENDEXAR;Nanterre, Hauts-de-Seine, Île-De-France, France, Nanterre, Europe;29;IT Services and IT Consulting;;;Partnership;endexar.com;
 Articque by ChapsVision;Fondettes, Indre-et-Loire, Centre-Val de Loire, France, Tours, Europe;31;Software Development;;"cartographie statistique
+12";Partnership;articque.com;
 Edenred France;Montrouge, Hauts-de-Seine, Île-De-France, France, Antony, Europe;995;Financial Services;;"Avantages aux salariés
+8";Public Company;edenred.fr;
 ISHANGO;Paris, Paris, Île-De-France, France, Europe;34;Financial Services;2015;"Consolidation
+2";Privately Held;ishango.fr;
 ATOO NEXT;Nîmes, Gard, Occitanie, France, Nîmes, Europe;21;Software Development;2007;"Editeurs de logicielsSage
+6";Privately Held;atoo-next.net;
 Limova.ai;Nice, Alpes-Maritimes, Provence-Alpes-Côte D'Azur, France, Nice, Europe;53;Technology, Information and Internet;2024;;Privately Held;limova.ai;
 almerys;Clermont-Ferrand, Puy-de-Dôme, Auvergne-Rhône-Alpes, France, Clermont-Ferrand, Europe;132;IT Services and IT Consulting;2000;;Self-Owned;be-almerys.com;
 AGENA3000;Cholet, Maine-et-Loire, Pays de la Loire, France, Cholet, Europe;138;Software Development;1980;"PIMEDI
+6";Privately Held;agena3000.com;
 Google Developer Group On Campus ISSATSo;Redon, Ille-et-Vilaine, Bretagne, France, Redon, Europe;40;Software Development;2013;;Nonprofit;googledeveloper.net;
 CONDOR AUTO;Paris, Paris, Île-De-France, France, Europe;26;Financial Services;;;;mappy.com;
 ESSEC Capital Investments;Cergy, Val-d'Oise, Île-De-France, France, Pontoise, Europe;32;Financial Services;;;Privately Held;essec.edu;
 UX4MATION;Paris, Paris, Île-De-France, France, Europe;94;IT Services and IT Consulting;2022;"ServiceNow
+5";Privately Held;ux4mation.com;
 DC Company;Paris, Paris, Île-De-France, France, Europe;33;Technology, Information and Internet;2021;;Privately Held;dccompany.com;
 RézoSocial;Paris, Paris, Île-De-France, France, Europe;48;IT Services and IT Consulting;2013;"Infogérance
+4";Self-Owned;rezosocial.com;
 FWA;Paris, Paris, Île-De-France, France, Europe;77;IT Services and IT Consulting;2005;"Développement sur mesure
+15";Privately Held;fwa.fr;
 Bertin IT by ChapsVision;Suresnes, Hauts-de-Seine, Île-De-France, France, Nanterre, Europe;23;IT Services and IT Consulting;;"Cyber Security
+24";Privately Held;chapsvision.com;
 Open Pricer;Paris, Paris, Île-De-France, France, Europe;24;Software Development;2000;"PricingSoftware
+5";Privately Held;openpricer.com;
 L'ENFANCE;Châlons-sur-Vesle, Marne, Grand Est, France, Reims, Europe;21;Financial Services;;;;hugedomains.com;
 Pertimm;Asnières-sur-Seine, Hauts-de-Seine, Île-De-France, France, Nanterre, Europe;20;Software Development;1997;"Semantic Search
+13";Privately Held;pertimm.com;
 ShopCaisse;Besançon, Doubs, Bourgogne-Franche-Comté, France, Besançon, Europe;24;Software Development;2013;"Développement de logiciel
+3";Privately Held;shopcaisse.fr;
 Clarity;La Teste-de-Buch, Gironde, Nouvelle-Aquitaine, France, Arcachon, Europe;50;IT Services and IT Consulting;;;Privately Held;clarity.net;
 ARAMIX;Béthune, Pas-de-Calais, Hauts-de-France, France, Béthune, Europe;51;Software Development;;;;aramix.com;
 Neocase;La Garenne-Colombes, Hauts-de-Seine, Île-De-France, France, Nanterre, Europe;83;Software Development;;"HR Shared Service Centers
+25";Privately Held;neocase.co;
 TVPaint Développement;Metz, Moselle, Grand Est, France, Europe;25;Software Development;1997;Animation 2D and C++;Privately Held;tvpaint.com;
 Groupe Univerp;Gétigné, Loire-Atlantique, Pays de la Loire, France, Nantes, Europe;34;Software Development;1988;"solutions ERP
+6";Privately Held;hugedomains.com;
 IDV;Paris, Paris, Île-De-France, France, Europe;41;Technology, Information and Internet;2009;"Moteur de recherche e-reputation
+10";Partnership;institut-vision.org;
 Tersedia;Chatou, Yvelines, Île-De-France, France, Saint-Germain-en-Laye, Europe;74;IT Services and IT Consulting;1996;"Storage / SAN / NAS / Big Data
+15";Privately Held;tersedia.fr;
 Cervval;Plouzané, Finistère, Bretagne, France, Brest, Europe;47;Software Development;2003;;Privately Held;cervval.fr;
 Poseidon (a business unit from Maytronics / MG International);Boulogne-Billancourt, Hauts-de-Seine, Île-De-France, France, Boulogne-Billancourt, Europe;21;IT Services and IT Consulting;1995;"computer vision products and services
+2";Public Company;poseidon.com;
 PERCALL APS;Lyon, Rhône, Auvergne-Rhône-Alpes, France, Lyon, Europe;20;Software Development;;;;percallgroup.com;
 HYPERHOME;Toulouse, Haute-Garonne, Occitanie, France, Toulouse, Europe;116;Financial Services;;;;hyperhome.com;
 Solutions Finance;Rueil-Malmaison, Hauts-de-Seine, Île-De-France, France, Nanterre, Europe;34;Financial Services;2009;"crédit-bail
+4";Partnership;solutionsfinance.com;
 Groupe Altiore MT;L'Isle d'Espagnac, Charente, Nouvelle-Aquitaine, France, Angoulême, Europe;98;IT Services and IT Consulting;2019;;Privately Held;altioremt.fr;
 WIDIP sas;Vaulx-en-Velin, Rhône, Auvergne-Rhône-Alpes, France, Lyon, Europe;32;IT Services and IT Consulting;2005;"Cloud Privé
+15";Partnership;widip.fr;
 TRANSPOLE;Paris, Paris, Île-De-France, France, Europe;196;Financial Services;;;;ratp.fr;
 WINTRANS;Aix-en-Provence, Bouches-du-Rhône, Provence-Alpes-Côte D'Azur, France, Aix-en-Provence, Europe;27;Software Development;1993;"AffrètementLot
+9";Privately Held;wintrans.fr;
 Keewe;Paris, Paris, Île-De-France, France, Europe;82;Financial Services;2021;"forexpaiements internationaux
+4";Privately Held;hugedomains.com;
 Bodet Time;Trémentines, Maine-et-Loire, Pays de la Loire, France, Cholet, Europe;31;IT Services and IT Consulting;1950;;Self-Owned;bodet-time.com;
 La Luciole;Nantes, Loire-Atlantique, Pays de la Loire, France, Nantes, Europe;20;Technology, Information and Internet;2023;"Éco-conception web
+5";Privately Held;luciole.fr;
 SPYRIT;Versailles, Yvelines, Île-De-France, France, Versailles, Europe;27;IT Services and IT Consulting;2003;"Symfony
+15";Privately Held;spyrit.net;
 Lefty;Paris, Paris, Île-De-France, France, Europe;138;Software Development;2015;"Digital Marketing
+6";Privately Held;lefty.co;
 MATIS;France, Europe;296;IT Services and IT Consulting;1994;"Aerospace
+17";Partnership;matis.fr;
 e.SNCF Solutions;France, Europe;848;Technology, Information and Internet;;;Government Agency;groupe-sncf.com;
 CEREALOG;La Rochelle, Charente-Maritime, Nouvelle-Aquitaine, France, La Rochelle, Europe;46;Software Development;1996;"ERP SAP
+15";Partnership;cerealog.fr;
 Infomil;Toulouse, Haute-Garonne, Occitanie, France, Toulouse, Europe;593;Software Development;1994;"Développement logiciel
+8";Partnership;infomil.fr;
 Dylogy;Lyon, Rhône, Auvergne-Rhône-Alpes, France, Lyon, Europe;20;Technology, Information and Internet;2023;"Software development
+5";Privately Held;dylogy.com;
 AGB;Fontainebleau, Seine-et-Marne, Île-De-France, France, Fontainebleau, Europe;93;Financial Services;;"Spot MetalsMT5
+7";Privately Held;pays-fontainebleau.fr;
 Bilendi;Paris, Paris, Île-De-France, France, Europe;592;Technology, Information and Internet;;"mobile solutions
+8";Public Company;bilendi.fr;
 PCDS;Égly, Essonne, Île-De-France, France, Palaiseau, Europe;25;Financial Services;;;;pcds.com;
 APIZR;Lille, Nord, Hauts-de-France, France, Lille, Europe;22;Software Development;2017;"APIapisation
+14";Privately Held;apizr.fr;
 LMTP;Villejust, Essonne, Île-De-France, France, Palaiseau, Europe;28;Financial Services;;;;lmtp.fr;
 APOTAMOX;Le Mans, Sarthe, Pays de la Loire, France, Le Mans, Europe;31;Technology, Information and Internet;1993;"Site Web Responsive
+8";Partnership;apotamox.com;
 GAIA MINI SYSTEMES;Lyon, Rhône, Auvergne-Rhône-Alpes, France, Lyon, Europe;31;Software Development;1994;"IBMIFormation
+1";Partnership;gaia.fr;
 DialOnce;Paris, Paris, Île-De-France, France, Europe;31;Technology, Information and Internet;2015;"Customer ServiceIVR
+26";Privately Held;dialonce.ai;
 UNOFI PATRIMOINE;Paris, Paris, Île-De-France, France, Europe;25;Financial Services;;;;unofi.fr;
 HLi Consulting en Tunisie;St.-Brieuc-des-Iffs, Ille-et-Vilaine, Bretagne, France, Rennes, Europe;29;IT Services and IT Consulting;2004;"Transformation Digitale
+2";Privately Held;hliconsulting.com;
 Techbee;Paris, Île-De-France, France;35;IT Services and IT Consulting;2019;"Sécurité des systèmes d'Information
+6";Privately Held;techbee.fr;
 Suadeo;Ivry-sur-Seine, Val-de-Marne, Île-De-France, France, Créteil, Europe;58;IT Services and IT Consulting;2004;"Software
+10";Privately Held;suadeo.fr;
 Elisa Industriq France;France, Europe;39;IT Services and IT Consulting;1981;"MESAPS
+18";Privately Held;elisaindustriq.fr;
 COMGEST;Paris, Paris, Île-De-France, France, Europe;219;Financial Services;1985;"Quality Growth Equity Management
+10";Partnership;comgest.com;
 FINOPSYS;Fuveau, Bouches-du-Rhône, Provence-Alpes-Côte D'Azur, France, Aix-en-Provence, Europe;42;Software Development;1997;"Gestion de Trésorerie
+13";Privately Held;finopsys.fr;
 TECHSYS;Villeneuve-d'Ascq, Nord, Hauts-de-France, France, Lille, Europe;75;IT Services and IT Consulting;2003;"network
+19";Privately Held;techsys.fr;
 ESI European Systems Integration;Le Cannet, Alpes-Maritimes, Provence-Alpes-Côte D'Azur, France, Grasse, Europe;37;Software Development;1999;"Alarm monitoring
+5";Partnership;esifrance.net;
 FINEXSI;Paris, Paris, Île-De-France, France, Europe;71;Financial Services;1997;"Evaluation
+17";Partnership;finexsi.eu;
 Acciline+;Bruges, Gironde, Nouvelle-Aquitaine, France, Bordeaux, Europe;23;Software Development;1964;;Privately Held;acciline.com;
 CIRS;Saint-Nicolas-Du-Bosc, Normandie, France;23;Software Development;;;;cirs.eu;
 ASCA INFORMATIQUE;Chessy, Seine-et-Marne, Île-De-France, France, Torcy, Europe;72;Software Development;2000;"étiquetage électronique en pharmacie
+9";Privately Held;asca-pharma.com;
 Septeo Digital & Services;Lattes, Hérault, Occitanie, France, Montpellier, Europe;155;Technology, Information and Internet;;;Privately Held;septeo.com;
 VIDAL;Issy-les-Moulineaux, Hauts-de-Seine, Île-De-France, France, Boulogne-Billancourt, Europe;486;IT Services and IT Consulting;1914;"Base de données
+4";Privately Held;vidal.fr;
 SOTIAF - TELEMATIQUE ASSOCIES;Saint-Jacques-de-la-Lande, Ille-et-Vilaine, Bretagne, France, Rennes, Europe;30;IT Services and IT Consulting;1969;"Marketing DirectDigital
+17";Privately Held;sotiaf.fr;
 LSML;Challuy, Nièvre, Bourgogne-Franche-Comté, France, Nevers, Europe;26;Financial Services;;;;educagri.fr;
 France Active Auvergne;Aubière, Puy-de-Dôme, Auvergne-Rhône-Alpes, France, Clermont-Ferrand, Europe;31;Financial Services;;;Nonprofit;franceactive-auvergne.org;
 Constellation;Saint-Cloud, Hauts-de-Seine, Île-De-France, France, Boulogne-Billancourt, Europe;143;IT Services and IT Consulting;;;Privately Held;constellation.fr;
 OW2;Paris, Île-De-France, France;29;Software Development;2007;"globalsoftware
+18";Nonprofit;ow2con.org;
 Ataraxie;Carcassonne, Aude, Occitanie, France, Carcassonne, Europe;29;Technology, Information and Internet;1998;;Privately Held;ataraxie.fr;
 MATD;Kourou, Guyane, France, arrondissement de Cayenne, Europe;26;Financial Services;;;;domtomemploi.fr;
 WHICH ONE;Versailles, Yvelines, Île-De-France, France, Versailles, Europe;24;Software Development;;;;whichone.fr;
 SoftwareOne France;St.-Ouen, Seine-Saint-Denis, Île-De-France, France, Saint-Denis, Europe;58;IT Services and IT Consulting;;"Software Asset Management
+15";Public Company;softwareone.com;
 Technic Bureau SA;Sallanches, Haute-Savoie, Auvergne-Rhône-Alpes, France, Bonneville, Europe;38;IT Services and IT Consulting;1970;"Mobilier de bureau
+19";Privately Held;aldene.fr;
 Synox;Castelnau-le-Lez, Hérault, Occitanie, France, Montpellier, Europe;63;IT Services and IT Consulting;2005;"Internet des Objets
+9";Privately Held;synox.io;
 Kelio;Cholet, Maine-et-Loire, Pays de la Loire, France, Cholet, Europe;617;Software Development;;"Editeur de logiciel
+13";Partnership;kelio.com;
 ISPA Consulting;Paris, Île-De-France, France;33;IT Services and IT Consulting;2001;"Gouvernance des projets & des portefeuilles
+3";Privately Held;myfrenchstartup.com;
 CEBPL LOCATRANS;Orvault, Loire-Atlantique, Pays de la Loire, France, Nantes, Europe;123;Financial Services;;;;lesentreprises.com;
 Namkin - BtoB Customer Experience;Rosières-près-Troyes, Aube, Grand Est, France, Troyes, Europe;58;IT Services and IT Consulting;2015;"Industrie
+13";Privately Held;namkin.fr;
 KAPIA-RGI;Paris, Paris, Île-De-France, France, Europe;142;Software Development;;"Édition de Logiciel
+13";Partnership;kapia-rgi.com;
 EPSILOG;Castries, Hérault, Occitanie, France, Montpellier, Europe;84;Software Development;1993;"logicieltélétransmission
+6";Privately Held;vega-logiciel.fr;
 IMS Networks;Castres, Tarn, Occitanie, France, Castres, Europe;104;IT Services and IT Consulting;1997;"réseau
+17";Privately Held;imsnetworks.com;
 INTERACTIV-GROUP SAS;Perpignan, Pyrénées-Orientales, Occitanie, France, Perpignan, Europe;29;IT Services and IT Consulting;2005;;Privately Held;interactiv-group.com;
 ACTHEOS AUDIT | ADVISORY | ACCOUNTING | PAYROLL;Paris, Paris, Île-De-France, France, Europe;62;Financial Services;;"Accompagnement comptable & financier multiservices
+9";Privately Held;actheos.com;
 GRENELLE;Méry-sur-Oise, Val-d'Oise, Île-De-France, France, Pontoise, Europe;20;Financial Services;;;;grenelle-immobilier.com;
 OCI Informatique;Mundolsheim, Bas-Rhin, Grand Est, France, Strasbourg, Europe;783;IT Services and IT Consulting;1979;"Réseaux et TélécomsCloud
+4";Self-Owned;bispro.fr;
 COMPAGNIE FINANCIERE;Vichy, Allier, Auvergne-Rhône-Alpes, France, Vichy, Europe;29;Financial Services;;;;wn.com;
 TECHER;Villeparisis, Seine-et-Marne, Île-De-France, France, Torcy, Europe;315;Financial Services;;;;techer.fr;
 E-SI;Limoges, Haute-Vienne, Nouvelle-Aquitaine, France, Limoges, Europe;20;IT Services and IT Consulting;;"Datacenter
+8";Partnership;unilim.fr;
 d2x;Lyon, Rhône, Auvergne-Rhône-Alpes, France, Lyon, Europe;131;IT Services and IT Consulting;;;Partnership;oned2x.com;
 Aprile;Boulogne-Billancourt, Hauts-de-Seine, Île-De-France, France, Boulogne-Billancourt, Europe;37;IT Services and IT Consulting;2004;"Infrastructure Systèmes et Réseaux
+14";Privately Held;aprile.fr;
 LES GOBELINS;St.-Maur-des-Fossés, Val-de-Marne, Île-De-France, France, Créteil, Europe;33;Financial Services;;;;gobelins.fr;
 HIDUP BARU;La Vergne, Nouvelle-Aquitaine, France;91;Financial Services;;;;hidup-baru.com;
 THOMAS TONTEC;Moirans-en-Montagne, Jura, Bourgogne-Franche-Comté, France, Saint-Claude, Europe;107;Financial Services;;;;thomas-tontec.com;
 PIETRI;Valence, Drôme, Auvergne-Rhône-Alpes, France, Valence, Europe;30;Financial Services;;;;pietri.com;
 Banque Centrale des Etats de lAfrique de lOuest B.C.E.A.O;Paris, Paris, Île-De-France, France, Europe;101;Financial Services;;;;banquecentrale.com;
 Popcorn Media;Paris, Paris, Île-De-France, France, Europe;30;Software Development;;;Privately Held;popcorn-media.fr;
 Yneia;Paris, Paris, Île-De-France, France, Europe;71;IT Services and IT Consulting;1997;"Impressions numériques
+13";Privately Held;yneia.fr;
 BOKARO;Saint-Erblon, Ille-et-Vilaine, Bretagne, France, Rennes, Europe;343;Financial Services;;;;bokaro.eu;
 i2S Innovative Imaging Solutions;Pessac, Gironde, Nouvelle-Aquitaine, France, Bordeaux, Europe;84;IT Services and IT Consulting;1979;"imageriecaméra
+7";Public Company;i2s.fr;
 Javista;Paris, Paris, Île-De-France, France, Europe;82;IT Services and IT Consulting;2005;"Microsoft Dynamics 365
+16";Privately Held;javista.com;
 illi&co;Croix, Nord, Hauts-de-France, France, Lille, Europe;98;Financial Services;2005;;Privately Held;illico.com;
 Aliénor.net;Le Bouscat, Gironde, Nouvelle-Aquitaine, France, Bordeaux, Europe;29;IT Services and IT Consulting;1999;"Création de sites web
+7";Privately Held;groupe-aquitem.fr;
 Comptoir Fiduciaire de Paris;Paris, Paris, Île-De-France, France, Europe;35;Financial Services;1883;"Recouvrement de créances B to B
+3";Privately Held;comptoir-fiduciaire.fr;
 N;Paris, Paris, Île-De-France, France, Europe;99;IT Services and IT Consulting;;"DécisionnelBI
+2";Privately Held;planity.com;
 Alteo;France, Europe;42;Technology, Information and Internet;2002;"ecommerce
+10";Privately Held;alteo.fr;
 Ministère de la Santé et des Sports;Brienne-le-Château, Aube, Grand Est, France, Bar-sur-Aube, Europe;45;Technology, Information and Internet;2018;health;Self-Employed;ministeresante.com;
 Alma scop;Saint-Martin-d'Hères, Isère, Auvergne-Rhône-Alpes, France, Grenoble, Europe;99;Software Development;1979;"Edition de logiciels CFAO
+8";Self-Owned;alma.fr;
 mavillemonshopping.fr;Paris, Paris, Île-De-France, France, Europe;28;Software Development;2015;"Social shopping
+8";Privately Held;trustpilot.com;
 PRODIGYUS;Wasquehal, Nord, Hauts-de-France, France, Lille, Europe;44;IT Services and IT Consulting;2021;;Partnership;prodigyus.fr;
 KAREV;Carrières-sur-Seine, Yvelines, Île-De-France, France, Saint-Germain-en-Laye, Europe;33;Financial Services;;;;karev.com;
 E-TEACHER;Thonon-les-Bains, Haute-Savoie, Auvergne-Rhône-Alpes, France, Thonon-les-Bains, Europe;22;Software Development;;;;eteacher.com;
 CAISSE FEDERALE DE CREDIT MUTUEL;Strasbourg, Bas-Rhin, Grand Est, France, Strasbourg, Europe;51;Financial Services;;;;creditmutuel.fr;
 Logiciel Bestt;Paris, Paris, Île-De-France, France, Europe;22;Software Development;2012;"logiciel interim
+11";Privately Held;logiciel-interim.com;
 Welcount (Welcome Account);Paris, Paris, Île-De-France, France, Europe;21;Financial Services;2022;;Privately Held;welcount.com;
 Polymorph;Pacé, Ille-et-Vilaine, Bretagne, France, Rennes, Europe;26;Software Development;2002;"3D-4D animation
+8";Privately Held;polymorph.fr;
 Trakx;London, Guadeloupe, France, Europe;33;Financial Services;2019;"Finance
+13";Privately Held;trakx.io;
 CISA Informatique;Bourg-en-Bresse, Ain, Auvergne-Rhône-Alpes, France, Bourg-en-Bresse, Europe;49;Software Development;1964;"Industrie
+6";Privately Held;cisa-informatique.com;
 eZyness;Paris, Paris, Île-De-France, France, Europe;27;Financial Services;2017;"Encaissement pour compte de tiers
+14";Privately Held;ezyness.com;
 TEBESSA;Versailles, Yvelines, Île-De-France, France, Versailles, Europe;249;Financial Services;;;;unesco.org;
 SUNFIX Consulting Myanmar;Blainville-sur-Mer, Manche, Normandie, France, Coutances, Europe;21;Software Development;2017;ERP Software and Business Consulting;Privately Held;sunfixconsulting.com;
 ABM;Paris, Paris, Île-De-France, France, Europe;123;IT Services and IT Consulting;;"cultureluxury
+7";Partnership;abm.fr;
 OCTO FINANCES;Paris, Paris, Île-De-France, France, Europe;38;Financial Services;1991;"BondsConvertible bonds
+3";Privately Held;octofinances.com;
 GNM;Le Lamentin, Martinique, France, Europe;74;Financial Services;;;;annonces-legales.fr;
 Henix;Montrouge, Hauts-de-Seine, Île-De-France, France, Antony, Europe;353;IT Services and IT Consulting;1998;"TestDevOps
+19";Privately Held;henix.com;
 SLDB;Saint-Hilaire-de-Riez, Vendée, Pays de la Loire, France, Les Sables-d'Olonne, Europe;20;Financial Services;;;;sldb.net;
 Verimatrix;Meyreuil, Bouches-du-Rhône, Provence-Alpes-Côte D'Azur, France, Aix-en-Provence, Europe;203;Software Development;1995;"Broadcast & Hybrid video security
+27";Public Company;verimatrix.com;
 Xelya;Saint-Cloud, Hauts-de-Seine, Île-De-France, France, Boulogne-Billancourt, Europe;238;IT Services and IT Consulting;2005;"Logiciel de gestion
+15";Privately Held;xelya.com;
 INFIBAIL;Clichy, Hauts-de-Seine, Île-De-France, France, Nanterre, Europe;38;Financial Services;1986;"Location financière
+8";Privately Held;infibail.com;
 SYSNAV;Vernon, Eure, Normandie, France, Évreux, Europe;99;Technology, Information and Internet;2008;"Géolocalisation
+27";Privately Held;sysnav.fr;
 Adeunis;Crolles, Isère, Auvergne-Rhône-Alpes, France, Grenoble, Europe;35;Technology, Information and Internet;2000;"Process optimization
+10";Public Company;adeunis.fr;
 GIPEC;Villeneuve-d'Ascq, Nord, Hauts-de-France, France, Lille, Europe;32;Software Development;1979;Mise en place de l'ERP Divalto;Privately Held;mappy.com;
 Avizo;Levallois-Perret, Hauts-de-Seine, Île-De-France, France, Nanterre, Europe;24;IT Services and IT Consulting;2004;"Conseil opérationnel
+4";Privately Held;avizo.fr;
 SEREC-AUDIT;Paris, Paris, Île-De-France, France, Europe;20;Financial Services;1981;;Self-Owned;serecaudit.fr;
 Limpide;Paris, Paris, Île-De-France, France, Europe;34;Technology, Information and Internet;2011;"DigitalWeb design
+9";Privately Held;limpide.fr;
 SUNERIS SOLUTION;Vélizy-Villacoublay, Yvelines, Île-De-France, France, Versailles, Europe;20;Software Development;;Software and Hardware;Privately Held;suneris.com;
 Sprint JE;Évry, Essonne, Île-De-France, France, Évry, Europe;41;IT Services and IT Consulting;1981;"Développement
+13";Nonprofit;sprint-je.com;
 3D OUEST;Lannion, Côtes-d'Armor, Bretagne, France, Lannion, Europe;27;Software Development;2003;"Enfance
+6";Privately Held;3douest.com;
 All Together;Neuilly-sur-Seine, Hauts-de-Seine, Île-De-France, France, Nanterre, Europe;40;Technology, Information and Internet;2012;"Online to offline
+3";Privately Held;alltogether.fr;
 Juno;Paris, Paris, Île-De-France, France, Europe;21;Software Development;2021;;Self-Owned;vandoren.fr;
 SELENCIA Patrimoine;Courbevoie, Hauts-de-Seine, Île-De-France, France, Nanterre, Europe;29;Financial Services;2015;Assurance vie and Produits financiers;Privately Held;selencia-patrimoine.fr;
 Akawam;Villeneuve-d'Ascq, Nord, Hauts-de-France, France, Lille, Europe;20;Software Development;2008;"création de site web
+14";Privately Held;akawam.com;
 Gimel Lavergne;Beynost, Ain, Auvergne-Rhône-Alpes, France, Bourg-en-Bresse, Europe;39;Software Development;;;Privately Held;gimel.fr;
 SYARTEC;Aix-en-Provence, Bouches-du-Rhône, Provence-Alpes-Côte D'Azur, France, Aix-en-Provence, Europe;23;Software Development;2012;"Gestion de la relation client
+3";Privately Held;syartec.com;
 Verspieren Credit & Finance;Wasquehal, Nord, Hauts-de-France, France, Lille, Europe;32;Financial Services;1912;"Affacturage
+5";Privately Held;verspierencreditfinance.com;
 AG Net;Guignicourt, Aisne, Hauts-de-France, France, Laon, Europe;27;IT Services and IT Consulting;2001;"UMLProjects management
+14";Privately Held;agnet.fr;
 ELCIA Group;Brignais, Rhône, Auvergne-Rhône-Alpes, France, Lyon, Europe;211;Software Development;1999;"Editeur de logiciels
+12";Privately Held;elcia.com;
 SOFTWARE SERVICE INDUSTRY;Saint-Pierre-des-Corps, Indre-et-Loire, Centre-Val de Loire, France, Tours, Europe;64;Software Development;;;;cgi.com;
 Silog ERP;Caen, Calvados, Normandie, France, Caen, Europe;46;Software Development;1984;"ERPGPAO
+6";Self-Owned;silog.fr;
 Surgica;Eysines, Gironde, Nouvelle-Aquitaine, France, Bordeaux, Europe;20;Software Development;1994;"Logiciel médical pour médecins spécialistes
+19";Privately Held;surgica.fr;
 BANQUE INTERNATIONALE POUR LE MALI;France, Europe;50;Financial Services;;;;attijariwafabank.com;
 MIRADOURO;St.-Saturnin, Sarthe, Pays de la Loire, France, Le Mans, Europe;24;Financial Services;;;;miradouro.fr;
 Systrans, an Equans company;Neuville-sur-Oise, Val-d'Oise, Île-De-France, France, Pontoise, Europe;110;IT Services and IT Consulting;;"Système d'aide à l'exploitation
+10";Privately Held;systrans.com;
 ASSA Associates;Paris, Paris, Île-De-France, France, Europe;35;IT Services and IT Consulting;2006;"Bonita BPM
+6";Privately Held;assa-associates.com;
 AI&DATA;Paris, Paris, Île-De-France, France, Europe;44;IT Services and IT Consulting;1972;"Datamining
+17";Privately Held;aidata.com;
 PPDA;Saleilles, Pyrénées-Orientales, Occitanie, France, Perpignan, Europe;28;Financial Services;;;;lagazettefrance.fr;
 LiteSoft;Agnetz, Oise, Hauts-de-France, France, Clermont, Europe;21;IT Services and IT Consulting;2011;;Privately Held;litesoft.fr;
 CALIA Conseil;Paris, Paris, Île-De-France, France, Europe;38;Financial Services;2006;;Privately Held;caliaconseil.fr;
 ADEBEO;Lyon, Rhône, Auvergne-Rhône-Alpes, France, Lyon, Europe;20;Software Development;2010;"Informatique
+12";Privately Held;adebeo.fr;
 City and Co;Paris, Paris, Île-De-France, France, Europe;61;Financial Services;2013;Courtier en prêt immobilier and Assurances de prêts;Self-Owned;cityandco.fr;
 Yunit;Paris, Paris, Île-De-France, France, Europe;100;IT Services and IT Consulting;;"ITSMServiceNow
+3";Public Company;yunit.com;
 Capsens;Paris, Paris, Île-De-France, France, Europe;67;Technology, Information and Internet;2013;"Marque blanche crowdfunding
+5";Privately Held;capsens.eu;
 InovaGès & NRC;Lissieu, Rhône, Auvergne-Rhône-Alpes, France, Lyon, Europe;51;IT Services and IT Consulting;1997;"SagePennylane
+12";Privately Held;nrc-inovages.fr;
 Dernier Cri;Paris, Paris, Île-De-France, France, Europe;71;IT Services and IT Consulting;2015;"Développement web
+17";Privately Held;dernier-cri.fr;
 OXIPRO;Pont-Audemer, Eure, Normandie, France, Bernay, Europe;21;Software Development;;;;oxipro.io;
 NextStage AM;Paris, Paris, Île-De-France, France, Europe;62;Financial Services;2002;Private Equity and Capital Développement;Privately Held;nextstage-am.com;
 QG & CO;Montpellier, Hérault, Occitanie, France, Montpellier, Europe;30;Technology, Information and Internet;2014;"Application mobileDigital
+1";Partnership;procedures-collectives.com;
 Global SP;Paris, Paris, Île-De-France, France, Europe;26;IT Services and IT Consulting;2000;"infogérance informatique
+18";Privately Held;globalsp.com;
 Matawan Services;Alpes-Maritimes, Provence-Alpes-Côte D'Azur, France, Grasse, Europe;46;Technology, Information and Internet;2015;Expertise en développement Web et Mobile and Partenaire stratégique dans la transformation digitale de nos clients;Partnership;matawan-services.com;
 Axiome Concept - Supervise your site;Mouans-Sartoux, Alpes-Maritimes, Provence-Alpes-Côte D'Azur, France, Grasse, Europe;30;Software Development;2001;"Logiciel de supervision
+31";Partnership;axiomeconcept.com;
 Crowe Fideliance;Fontainebleau, Seine-et-Marne, Île-De-France, France, Fontainebleau, Europe;317;Financial Services;1978;"Expertise comptable
+9";Privately Held;fideliance.fr;
 GESTION TIERS PAYANT;France, Europe;24;Financial Services;2001;"Gestion Tiers Payant
+23";Privately Held;gestiontierspayant.com;
 Fircosoft;Paris, Paris, Île-De-France, France, Europe;70;Software Development;1990;"Watch List Filtering
+3";Privately Held;doctrine.fr;
 Fenyx Consult;France, Europe;32;IT Services and IT Consulting;2017;"Assistance techniqueForfait
+16";Privately Held;fenyx.fr;
 Spectro;Paris, Paris, Île-De-France, France, Europe;54;Technology, Information and Internet;2000;"E-Commerce
+7";Privately Held;spectro.com;
 alpha micro;La Chaussée-Saint-Victor, Loir-et-Cher, Centre-Val de Loire, France, Blois, Europe;20;IT Services and IT Consulting;1990;"Services aux entreprises
+2";Privately Held;alphamicro.com;
 HMCP;Clermont-Ferrand, Puy-de-Dôme, Auvergne-Rhône-Alpes, France, Clermont-Ferrand, Europe;25;Software Development;;;;clermont-auvergne-inp.fr;
 GINEVRA;Rumilly, Haute-Savoie, Auvergne-Rhône-Alpes, France, Annecy, Europe;29;Financial Services;;;;ginevra.io;
 net-entreprises.fr / GIP-MDS;Paris, Paris, Île-De-France, France, Europe;73;IT Services and IT Consulting;2000;"e-govE-Government
+8";Government Agency;net-entreprises.fr;
 Amiral Gestion;Paris, Paris, Île-De-France, France, Europe;83;Financial Services;2003;Gestion d'actifs and stock picking;Privately Held;amiralgestion.com;
 KLTP;Celles-sur-Aisne, Aisne, Hauts-de-France, France, Soissons, Europe;30;Financial Services;;;;kltp.fr;
 Groupe Euodia;Neuilly-sur-Seine, Hauts-de-Seine, Île-De-France, France, Nanterre, Europe;174;Financial Services;2009;"Les SCPI
+8";Privately Held;euodia.fr;
 Anetys;Puteaux, Hauts-de-Seine, Île-De-France, France, Nanterre, Europe;83;IT Services and IT Consulting;2001;"CitrixMicrosoft
+17";Privately Held;anetys.com;
 Panoptès;Cavaillon, Vaucluse, Provence-Alpes-Côte D'Azur, France, Apt, Europe;42;IT Services and IT Consulting;2022;"TraçabilitéRFID
+2";Self-Owned;panoptes-partners.com;
 SINERKAB SL;Donzenac, Corrèze, Nouvelle-Aquitaine, France, Brive-la-Gaillarde, Europe;36;Software Development;;;;sinerkab.com;
 Octipas by ChapsVision;Pérols, Hérault, Occitanie, France, Montpellier, Europe;20;Software Development;;;Partnership;chapsvision.com;
 Synergee;Colombes, Hauts-de-Seine, Île-De-France, France, Nanterre, Europe;35;Software Development;2016;"Franchise
+19";Privately Held;synergee.com;
 MTI France SAS;Croissy-sur-Seine, Yvelines, Île-De-France, France, Saint-Germain-en-Laye, Europe;34;IT Services and IT Consulting;1988;;Privately Held;mti.com;
 GETEO;Voisins-le-Bretonneux, Yvelines, Île-De-France, France, Rambouillet, Europe;26;IT Services and IT Consulting;;"Bureau d'étude
+5";Privately Held;geteo.fr;
 Comarch France;Lezennes, Nord, Hauts-de-France, France, Lille, Europe;90;IT Services and IT Consulting;1993;"ERPBusiness Intelligence
+12";Privately Held;comarch.fr;
 PANDA SERVICES;Charenton-le-Pont, Val-de-Marne, Île-De-France, France, Créteil, Europe;61;IT Services and IT Consulting;2004;"Consulting
+6";Privately Held;pandaservices.fr;
 Siradel;Saint-Grégoire, Ille-et-Vilaine, Bretagne, France, Rennes, Europe;129;Software Development;1994;"wireless network planning
+27";Privately Held;siradel.com;
 ADIPSO Agence Web & Mobile;Strasbourg, Bas-Rhin, Grand Est, France, Strasbourg, Europe;29;Technology, Information and Internet;2004;"Communication & Stratégie Digitale
+13";Privately Held;adipso.com;
 Imagina;Vannes, Morbihan, Bretagne, France, Vannes, Europe;34;IT Services and IT Consulting;2016;"Hybrid Events
+20";Privately Held;imagina.com;
 EASYTEAM;Saint-Cloud, Hauts-de-Seine, Île-De-France, France, Boulogne-Billancourt, Europe;226;IT Services and IT Consulting;2005;"CLOUD
+14";Privately Held;easyteam.fr;
 MATA;Strasbourg, Bas-Rhin, Grand Est, France, Strasbourg, Europe;33;Financial Services;1999;"ANTIFRAUDE
+13";Privately Held;mata.com;
 Cerise;Bordeaux, Gironde, Nouvelle-Aquitaine, France, Bordeaux, Europe;20;Financial Services;1998;"Microfinance
+10";Nonprofit;groupama.fr;
 Denjean & Associés;Paris, Paris, Île-De-France, France, Europe;178;Financial Services;1994;"Spécialités sectorielles : immobilier; banque-assurance; énergie - and Spécialités métiers : projets comptables complexes; fiscalité des entreprises ; consolidation; audit de sociétés moyennes cotées; évaluation et modélisation financière...";Privately Held;denjeanassocies.fr;
 CBA Informatique Libérale;Avignon, Vaucluse, Provence-Alpes-Côte D'Azur, France, Avignon, Europe;257;Software Development;1986;"Editeur de logiciels
+6";Self-Owned;cbainfo.fr;
 InfraVia Capital Partners;Paris, Paris, Île-De-France, France, Europe;114;Financial Services;2008;;Privately Held;infraviacapital.com;
 DIGIT;Le Petit-Quevilly, Seine-Maritime, Normandie, France, Rouen, Europe;29;IT Services and IT Consulting;2017;"BUSINESS INTELLIGENCE
+7";Privately Held;domainseller.site;
 GYH;Fagnières, Marne, Grand Est, France, Châlons-en-Champagne, Europe;80;Financial Services;;;;pulsat.fr;
 Ingeteam;Sèvres, Hauts-de-Seine, Île-De-France, France, Boulogne-Billancourt, Europe;68;Software Development;2006;"NETWORK CISCO PALO ALTO JUNIPER F5
+4";Privately Held;ingeteam.com;
 BEST By POZEO;Nanterre, Hauts-de-Seine, Île-De-France, France, Nanterre, Europe;44;Financial Services;1985;"Animation de réseaux
+6";Privately Held;pozeo.fr;
 AER;Saint-Andéol-le-Château, Rhône, Auvergne-Rhône-Alpes, France, Lyon, Europe;30;Technology, Information and Internet;2000;"GTBBACS
+37";Privately Held;beauvallon69.fr;
 Axisoft;Illange, Moselle, Grand Est, France, Thionville, Europe;56;IT Services and IT Consulting;1998;"Investment Suitability
+16";Privately Held;axisoft.fr;
 Salsify EMEA;Paris, Paris, Île-De-France, France, Europe;20;Software Development;2011;"Product data
+11";Privately Held;salsify.com;
 Arobiz;Anglet, Pyrénées-Atlantiques, Nouvelle-Aquitaine, France, Bayonne, Europe;36;Technology, Information and Internet;2006;"Agence Web
+6";Privately Held;arobiz.com;
 Quartix France;Paris, Paris, Île-De-France, France, Europe;21;Technology, Information and Internet;2001;Géolocalisation de véhicules and Télématique embarquée;Public Company;quartix.com;
 Product-Live;Paris, Paris, Île-De-France, France, Europe;24;Technology, Information and Internet;;"Product SheetBrand
+15";Public Company;hugedomains.com;
 dzango;Paris, Paris, Île-De-France, France, Europe;23;Technology, Information and Internet;2018;"team as a service
+4";Privately Held;dzango.com;
 Digital Surf;Besançon, Doubs, Bourgogne-Franche-Comté, France, Besançon, Europe;59;Software Development;1989;"Analysis software
+15";Privately Held;digitalsurf.com;
 GESTION CREDIT EXPERT (FRANCE CREANCES, SFNP, INFORCREDIT, BFR EXPERTS, CASH SPRINT);Toulouse, Haute-Garonne, Occitanie, France, Toulouse, Europe;26;Financial Services;1970;"Credit Management
+4";Privately Held;gestioncreditexpert.com;
 Ondes;Marseille, Bouches-du-Rhône, Provence-Alpes-Côte D'Azur, France, 1er Arr., Europe;31;IT Services and IT Consulting;2002;"Audit et Etude
+6";Privately Held;ondes.co;
 SAREPTA;Bernay, Eure, Normandie, France, Bernay, Europe;24;Financial Services;2013;"CGPTransactions Immobilières
+2";Privately Held;sarepta.com;
 LOCASERV;Le Robert, Martinique, France, Europe;62;Financial Services;;;;locaserv.fr;
 Tekneum by Astek;Boulogne-Billancourt, Hauts-de-Seine, Île-De-France, France, Boulogne-Billancourt, Europe;49;IT Services and IT Consulting;;"Systèmes & Réseaux
+4";Privately Held;tekneum.fr;
 AVILOG;Paris, Paris, Île-De-France, France, Europe;34;Software Development;;;;atom.com;
 COSOLUCE;Pau, Pyrénées-Atlantiques, Nouvelle-Aquitaine, France, Pau, Europe;75;Software Development;2002;;Privately Held;cosoluce.fr;
 MTB by Créative (MTB111);Ruffec, Charente, Nouvelle-Aquitaine, France, Confolens, Europe;101;Software Development;;"Spécialiste de la défragilisation des SI
+3";Privately Held;mtb-generative.com;
 LumApps;France, Europe;455;Software Development;2015;"Google Cloud Platform
+12";Privately Held;lumapps.com;
 JR ENTERPRISE;Paris, Paris, Île-De-France, France, Europe;40;Financial Services;;;;jrenterprise.com;
 ECUS;Brie, Charente, Nouvelle-Aquitaine, France, Angoulême, Europe;31;IT Services and IT Consulting;1990;"Micro Datacenter
+6";Privately Held;ecus.fr;
 EONA;Annecy, Haute-Savoie, Auvergne-Rhône-Alpes, France, Annecy, Europe;20;Software Development;2003;"IPTVVOD
+14";Privately Held;eona.com;
 SWISSLIFE BANQUE PRIVEE;Paris, Paris, Île-De-France, France, Europe;27;Financial Services;;;;swisslife.fr;
 Milleis Banque;Paris, Paris, Île-De-France, France, Europe;820;Financial Services;2018;Banque Privée and Gestion patrimoniale;Privately Held;milleis.fr;
 Mezzoteam;Gentilly, Val-de-Marne, Île-De-France, France, L'Haÿ-les-Roses, Europe;67;Software Development;1988;"Document Management
+11";Privately Held;mezzoteam.fr;
 ARFITEC;Grasse, Alpes-Maritimes, Provence-Alpes-Côte D'Azur, France, Grasse, Europe;22;Financial Services;2004;;Self-Owned;arfitec.com;
 ANSENA;Toulon, Var, Provence-Alpes-Côte D'Azur, France, Toulon, Europe;60;Financial Services;;;;ansena.com;
 Teliae;Taluyers, Rhône, Auvergne-Rhône-Alpes, France, Lyon, Europe;67;Software Development;1989;"Logistique
+12";Privately Held;teliae.fr;
 People Input;Yvetot, Seine-Maritime, Normandie, France, Rouen, Europe;34;IT Services and IT Consulting;2002;"WebMobile services
+8";Privately Held;peopleinput.com;
 Becouze;Angers, Maine-et-Loire, Pays de la Loire, France, Angers, Europe;200;Financial Services;1982;"Expertise comptableAudit
+21";Privately Held;becouze-talents.com;
 AlloBrain;Paris, Paris, Île-De-France, France, Europe;25;Software Development;2020;"Artificial Intelligence
+12";Privately Held;allobrain.com;
 Nasha Tech;Le Locheur, Calvados, Normandie, France, Caen, Europe;24;Software Development;2018;"Software Development
+6";Privately Held;nashatech.com;
 MASA Group;Paris, Paris, Île-De-France, France, Europe;160;Software Development;;"artificial intelligence
+10";Privately Held;masa.eu;
 HDJ GROUP;Libourne, Gironde, Nouvelle-Aquitaine, France, Libourne, Europe;35;Financial Services;;;;gaylord-dijulio.com;
 B2O - BUSINESS OFFICE OXYGEN;Vern-sur-Seiche, Ille-et-Vilaine, Bretagne, France, Rennes, Europe;21;Software Development;2010;"Pilotage
+16";Privately Held;b2o.eu;
 Lazard Frères Gestion;Paris, Paris, Île-De-France, France, Europe;307;Financial Services;1995;"Gestion Privée
+4";Public Company;lazardfreresgestion.fr;
 CORYS;Grenoble, Isère, Auvergne-Rhône-Alpes, France, Grenoble, Europe;589;Software Development;1989;"Training Tools
+23";Privately Held;corys.com;
 CPDP;Rueil-Malmaison, Hauts-de-Seine, Île-De-France, France, Nanterre, Europe;21;IT Services and IT Consulting;1950;;Privately Held;cpdp.com;
 COFIGAD;Paris, Paris, Île-De-France, France, Europe;20;Financial Services;;;;cofigad.fr;
 Federal Finance Gestion;Le Relecq-Kerhuon, Finistère, Bretagne, France, Brest, Europe;65;Financial Services;1980;"Allocation d’actifsISR
+11";Self-Owned;arkea-am.com;
 Praxy.ai;La Garenne-Colombes, Hauts-de-Seine, Île-De-France, France, Nanterre, Europe;24;Software Development;2023;"IASanté
+12";Privately Held;praxyai.com;
 CJ Feed;Perpignan, Pyrénées-Orientales, Occitanie, France, Perpignan, Europe;20;Technology, Information and Internet;;"webmarketingSEO
+4";Self-Employed;avinews.com;
 Raise Partner;Grenoble, Isère, Auvergne-Rhône-Alpes, France, Grenoble, Europe;29;Software Development;2001;"Investment Risk Management
+12";Privately Held;raisepartner.com;
 GM Consulting;Paris, Paris, Île-De-France, France, Europe;22;IT Services and IT Consulting;;;Self-Owned;gmconsulting.com;
 Urbilog;Villeneuve-d'Ascq, Nord, Hauts-de-France, France, Lille, Europe;45;IT Services and IT Consulting;1995;"Accessibilité numérique
+22";Privately Held;urbilog.com;
 e-TF1;Boulogne-Billancourt, Hauts-de-Seine, Île-De-France, France, Boulogne-Billancourt, Europe;362;Technology, Information and Internet;1999;;Privately Held;groupe-tf1.fr;
 Temesis;Paris, Paris, Île-De-France, France, Europe;37;IT Services and IT Consulting;2000;"Accessibilité Web
+8";Partnership;temesis.com;
 NCPB;Issy-les-Moulineaux, Hauts-de-Seine, Île-De-France, France, Boulogne-Billancourt, Europe;178;Financial Services;;;;issy.com;
 Soft&Co;Vienne, Isère, Auvergne-Rhône-Alpes, France, Vienne, Europe;41;Software Development;2023;;Privately Held;softco.com;
 ACTIVE COMPUTER;Nice, Alpes-Maritimes, Provence-Alpes-Côte D'Azur, France, Nice, Europe;28;Software Development;;;;activecomputer.fr;
 CASRA CAPITAL;Grenoble, Isère, Auvergne-Rhône-Alpes, France, Grenoble, Europe;21;Financial Services;;;;lejournaldesentreprises.com;
 SOFT-INFO;Fontenay-le-Fleury, Yvelines, Île-De-France, France, Versailles, Europe;21;IT Services and IT Consulting;;;Privately Held;softinfo.co;
 KOEDIA;Alpes-Maritimes, Provence-Alpes-Côte D'Azur, France, Grasse, Europe;46;IT Services and IT Consulting;;;Partnership;koedia.com;
 Syspertec Group;Saint-Cloud, Hauts-de-Seine, Île-De-France, France, Boulogne-Billancourt, Europe;44;Software Development;1993;"ease interoperability and automate data interchange
+10";Privately Held;syspertec.fr;
 ACTIV'IT;Lisses, Essonne, Île-De-France, France, Évry, Europe;22;Software Development;1995;"Gestion d'entreprise
+4";Privately Held;activit.fr;
 NetExplorer;Colomiers, Haute-Garonne, Occitanie, France, Toulouse, Europe;33;Software Development;2007;"Partage de fichiers
+10";Privately Held;netexplorer.fr;
 HWiTS (Wireless IT Services);Dijon, Côte-d'Or, Bourgogne-Franche-Comté, France, Dijon, Europe;31;IT Services and IT Consulting;2018;;Partnership;hwits.fr;
 EXTENSI;Paris, Paris, Île-De-France, France, Europe;23;IT Services and IT Consulting;2006;"SAP CRM
+2";Partnership;extensi.io;
 QESTIT Group;Paris, Paris, Île-De-France, France, Europe;748;IT Services and IT Consulting;1998;"Software Testing
+18";Privately Held;qestit.com;
 Klint;Levallois-Perret, Hauts-de-Seine, Île-De-France, France, Nanterre, Europe;123;IT Services and IT Consulting;2000;"CRMSalesforce
+19";Partnership;klint.com;
 NATIS;Roissy-en-France, Val-d'Oise, Île-De-France, France, Sarcelles, Europe;22;Technology, Information and Internet;1982;;Privately Held;natis.eu;
 FTEL;Rouen, Seine-Maritime, Normandie, France, Rouen, Europe;34;Software Development;1999;"Développement Web (.Net / PHP)
+5";Privately Held;ftel.fr;
 Clevermind;Neuilly-sur-Seine, Hauts-de-Seine, Île-De-France, France, Nanterre, Europe;41;IT Services and IT Consulting;2013;l'ingénierie applicative autour des technologies innovantesparticulièrement en environnement Agile.;Partnership;clevermind.fr;
 VARAY IMAGE RUNNERS;Chabris, Indre, Centre-Val de Loire, France, Issoudun, Europe;34;IT Services and IT Consulting;2004;"Audio Video Projects
+9";Self-Owned;komoot.com;
 Libatel;Châtillon-sur-Chalaronne, Ain, Auvergne-Rhône-Alpes, France, Bourg-en-Bresse, Europe;52;IT Services and IT Consulting;1977;"IP Telephony
+12";Privately Held;libatel.com;
 Artémis courtage;Paris, Paris, Île-De-France, France, Europe;522;Financial Services;2009;"Courtage en financement immobilier
+3";Privately Held;artemiscourtage.com;
 MEDIA BUREAUTIQUE;Vannes, Morbihan, Bretagne, France, Vannes, Europe;23;IT Services and IT Consulting;1991;"IMPRESSION
+19";Self-Owned;mediabureautique.fr;
 TRANEF;Rueil-Malmaison, Hauts-de-Seine, Île-De-France, France, Nanterre, Europe;31;Software Development;;;;tranef.com;
 LINKERS Fusions et Acquisitions;Paris, Paris, Île-De-France, France, Europe;26;Financial Services;2000;"Acquisitions
+7";Privately Held;linkers.fr;
 C.O IMPORT EXPORT;Décines-Charpieu, Rhône, Auvergne-Rhône-Alpes, France, Lyon, Europe;66;Software Development;;;;pagespro.com;
 Groupe Ténor;Calais, Pas-de-Calais, Hauts-de-France, France, Calais, Europe;64;Software Development;1986;"ERPCRMBI
+8";Partnership;tenor.com;
 Al-Injaz Contracting Company. W.L.L.;Lamanon, Bouches-du-Rhône, Provence-Alpes-Côte D'Azur, France, Arles, Europe;36;Software Development;;;;189.1;
 ZFYR;Paris, Paris, Île-De-France, France, Europe;93;Financial Services;;;;zephyr-paris.fr;
 AMD BLUE;Paris, Paris, Île-De-France, France, Europe;81;IT Services and IT Consulting;2007;"Cash Management
+18";Privately Held;amdblue.fr;
 ASE2i;Entzheim, Bas-Rhin, Grand Est, France, Strasbourg, Europe;21;IT Services and IT Consulting;;"SSIIPrestations en régie et au forfait
+6";Partnership;ase2i-norgaysmb.fr;
 Hove;Paris, Paris, Île-De-France, France, Europe;91;IT Services and IT Consulting;2001;"Passenger information
+25";Privately Held;hove.fr;
 La Mêlée;Toulouse, Haute-Garonne, Occitanie, France, Toulouse, Europe;70;IT Services and IT Consulting;2000;"InclusionNumérique
+14";Nonprofit;lamelee.com;
 VBPL;Clermont-Ferrand, Puy-de-Dôme, Auvergne-Rhône-Alpes, France, Clermont-Ferrand, Europe;22;Software Development;;;;vbpl.com;
 COOPERATIVE AGRICOLE;Bas-Rhin, Grand Est, France, Saverne, Europe;24;Software Development;;;;google.com;
 compuBase consulting;Les Ulis, Essonne, Île-De-France, France, Palaiseau, Europe;27;IT Services and IT Consulting;1989;"channelict
+5";Privately Held;compubase.net;
 CIVAM;Rousies, Nord, Hauts-de-France, France, Avesnes-sur-Helpe, Europe;22;Financial Services;;;;civam.fr;
 Adveris;Paris, Paris, Île-De-France, France, Europe;69;Technology, Information and Internet;;;Privately Held;adveris.fr;
 Corim solutions;France, Europe;43;Software Development;1996;"Editeurs de logiciels de gestion de maintenance (GMAO)
+19";Privately Held;corim-solutions.com;
 MZL;Paris, Paris, Île-De-France, France, Europe;42;Financial Services;;;;mzltransition.com;
 S.P.A.C.E. INFORMATIQUE;Belfort, Territoire de Belfort, Bourgogne-Franche-Comté, France, Belfort, Europe;23;Software Development;;;Privately Held;mappy.com;
 GTMH;Saint-Étienne-de-Montluc, Loire-Atlantique, Pays de la Loire, France, Nantes, Europe;28;Financial Services;;;;gtmh.io;
 LE PETIT CULTIVATEUR;Bédoin, Vaucluse, Provence-Alpes-Côte D'Azur, France, Carpentras, Europe;109;Software Development;;;;e-pro.fr;
 Maneo;Le Kremlin-Bicêtre, Val-de-Marne, Île-De-France, France, L'Haÿ-les-Roses, Europe;26;IT Services and IT Consulting;2021;;Privately Held;maneo.com;
 Les GAADA;Romainville, Seine-Saint-Denis, Île-De-France, France, Bobigny, Europe;24;IT Services and IT Consulting;2020;"Internet
+12";Nonprofit;gaada.org;
 AzurSoft - SOLUTIONS DE SÉCURITÉ UNIFIÉE;Nice, Alpes-Maritimes, Provence-Alpes-Côte D'Azur, France, Nice, Europe;26;Software Development;1986;"Sofware development
+27";Privately Held;azursoft.com;
 obendy;Grenoble, Isère, Auvergne-Rhône-Alpes, France, Grenoble, Europe;28;Software Development;2017;;Privately Held;obendy.com;
 VENEDIM;Boulogne-Billancourt, Hauts-de-Seine, Île-De-France, France, Boulogne-Billancourt, Europe;30;Software Development;;;;repreneurs.com;
 TRANSEPT INFORMATIQUE;Boulogne-Billancourt, Hauts-de-Seine, Île-De-France, France, Boulogne-Billancourt, Europe;20;Software Development;1993;;Self-Owned;doctrine.fr;
 DIGITRIPS Tech;Alpes-Maritimes, Provence-Alpes-Côte D'Azur, France, Grasse, Europe;48;IT Services and IT Consulting;;;Partnership;digitrips.com;
 AATLANTIDE;Meylan, Isère, Auvergne-Rhône-Alpes, France, Grenoble, Europe;42;Software Development;;Gestion médicale en ligne and Edition de logiciels;Privately Held;aatlantide.com;
 K4-U - Groupe Kardol;Saint-Cyr-au-Mont-d'Or, Rhône, Auvergne-Rhône-Alpes, France, Lyon, Europe;27;IT Services and IT Consulting;2016;"ERPCloud
+11";Privately Held;groupe-kardol.fr;
 LECLERE SAS;Valence, Drôme, Auvergne-Rhône-Alpes, France, Valence, Europe;44;Technology, Information and Internet;1978;"informatique
+3";Partnership;leclere.fr;
 LOG SYSTEM - AEOLUS;Lyon, Rhône, Auvergne-Rhône-Alpes, France, Lyon, Europe;31;Software Development;;;Privately Held;logsystem.fr;
 Greeniz;Lyon, Rhône, Auvergne-Rhône-Alpes, France, Lyon, Europe;50;Financial Services;;;Partnership;greeniz.fr;
 DayByDay;Paris, Paris, Île-De-France, France, Europe;45;Financial Services;2000;"Technical analysis
+3";Partnership;daybyday.fr;
 Inch;Paris, Paris, Île-De-France, France, Europe;24;IT Services and IT Consulting;;;Self-Owned;inch.fr;
 SIWAY - Transformation Digitale;Paris, Paris, Île-De-France, France, Europe;82;Software Development;2008;"CRMSocial Media
+14";Privately Held;siway.fr;
 S3V;Pontcharra-Sur-Turdine, Auvergne-Rhône-Alpes, France;30;Software Development;;;;s3v.com;
 SDPD;Neuville-Saint-Rémy, Nord, Hauts-de-France, France, Cambrai, Europe;27;Software Development;;;;sdpd.eu;
 Unofi;Paris, Paris, Île-De-France, France, Europe;227;Financial Services;1988;Conseil patrimonial;Partnership;unofi.fr;
 GNAL;Rezé, Loire-Atlantique, Pays de la Loire, France, Nantes, Europe;32;Financial Services;;;;gnal.com;
 RB Consulting;Paris, Paris, Île-De-France, France, Europe;29;Software Development;2016;Conseil logiciel and Edition;Privately Held;rbconsulting.fr;
 4CAD Group;Bouguenais, Loire-Atlantique, Pays de la Loire, France, Nantes, Europe;455;Software Development;2004;"Centre de formation
+27";Partnership;4cadgroup.com;
 VENTYA SAS;Nanterre, Hauts-de-Seine, Île-De-France, France, Nanterre, Europe;25;IT Services and IT Consulting;2016;"facturation électronique B2B
+5";Partnership;ventya.fr;
 Afis Consulting;Lyon, Rhône, Auvergne-Rhône-Alpes, France, Lyon, Europe;20;Financial Services;;"Défiscalisation
+5";Privately Held;afisconsulting.com;
 TSL BUSINESS;Grasse, Alpes-Maritimes, Provence-Alpes-Côte D'Azur, France, Grasse, Europe;20;Software Development;2013;;Privately Held;tslbusiness.com;
 PARTICUL;Courlon-sur-Yonne, Yonne, Bourgogne-Franche-Comté, France, Sens, Europe;27;Financial Services;;;;demarchesadministratives.fr;
 OPTEDIS;Issy-les-Moulineaux, Hauts-de-Seine, Île-De-France, France, Boulogne-Billancourt, Europe;22;IT Services and IT Consulting;2013;Réseaux IT et télécoms;Privately Held;societeinfo.com;
 Diwali;Rennes, Ille-et-Vilaine, Bretagne, France, Rennes, Europe;29;Software Development;;;Privately Held;diwali.co;
 EDSI;Cesson-Sévigné, Ille-et-Vilaine, Bretagne, France, Rennes, Europe;29;Software Development;1990;"smartcard development
+3";Privately Held;edsi.fr;
 Sibylone;Paris, Paris, Île-De-France, France, Europe;157;IT Services and IT Consulting;2001;"Système de synthèse
+9";Partnership;sibylone.com;
 TOSHIBA Centre Grand Ouest;Sotteville-lès-Rouen, Seine-Maritime, Normandie, France, Rouen, Europe;95;Technology, Information and Internet;;;Privately Held;118712.fr;
 Avicap;Meylan, Isère, Auvergne-Rhône-Alpes, France, Grenoble, Europe;85;Financial Services;2002;"Crédit immobilier
+3";Privately Held;avicap.fr;
 Click&Boat;Boulogne-Billancourt, Île-De-France, France;148;Technology, Information and Internet;2014;"Location de bateaux entre particuliers
+11";Partnership;clickandboat.com;
 AS International Group;Paris, Paris, Île-De-France, France, Europe;197;IT Services and IT Consulting;1989;;Public Company;asinternational.co;
 ALSH;Vern-sur-Seiche, Ille-et-Vilaine, Bretagne, France, Rennes, Europe;380;Financial Services;;;;alsh.com;
 LA BALEINE;Sarrebourg, Moselle, Grand Est, France, Sarrebourg, Europe;23;Technology, Information and Internet;;;;baleine.com;
 Adonys;Paris, Paris, Île-De-France, France, Europe;31;IT Services and IT Consulting;2014;"Assistance technique en régie
+2";Partnership;adonys.fr;
 Okali;Paris 08 Elysee, Paris, Île-De-France, France, Europe;31;Financial Services;2022;;Privately Held;okali.fr;
 GMV;Rennes, Ille-et-Vilaine, Bretagne, France, Rennes, Europe;24;Software Development;;;Privately Held;mappy.com;
 Neotys, a Tricentis company;Gémenos, Bouches-du-Rhône, Provence-Alpes-Côte D'Azur, France, 1er Arr., Europe;21;Software Development;2005;"Mobile & Web Application Testing
+17";Privately Held;cgenial-connect.fr;
 Linkvalue;Paris, Paris, Île-De-France, France, Europe;22;IT Services and IT Consulting;2014;"Symfony
+21";Partnership;linkvalue.co;
 Capitole Finance-Tofinso;Labège, Haute-Garonne, Occitanie, France, Toulouse, Europe;194;Financial Services;1970;"Financement de biens d'équipement
+7";Privately Held;capitole-finance.com;
 Hedios;Paris, Paris, Île-De-France, France, Europe;31;Financial Services;2005;"Placement
+6";Partnership;hedios.com;
 Services financiers Vision Plus;Listrac-de-Durèze, Gironde, Nouvelle-Aquitaine, France, Langon, Europe;20;Financial Services;2003;"Placements
+19";Privately Held;servicesfinanciers.com;
 kapptivate;Paris, Paris, Île-De-France, France, Europe;26;Software Development;2014;"Automated testing
+9";Privately Held;kapptivate.com;
 DIGITECH France;La Seyne-sur-Mer, Var, Provence-Alpes-Côte D'Azur, France, Toulon, Europe;53;Software Development;1992;"Gestion électronique de documents
+2";Self-Owned;digitech.fr;
 Buzzle Software Solutions;Paris, Paris, Île-De-France, France, Europe;22;Software Development;2007;;Self-Owned;ambitionbox.com;
 PC FINANCES;Paris, Paris, Île-De-France, France, Europe;21;Financial Services;;;;pcfinancial.ca;
 RBI;Rennes, Ille-et-Vilaine, Bretagne, France, Rennes, Europe;457;IT Services and IT Consulting;1981;"InformatiqueERP
+4";Privately Held;rbi-informatique.fr;
 GIP ATGeRi;Bordeaux, Gironde, Nouvelle-Aquitaine, France, Bordeaux, Europe;30;IT Services and IT Consulting;2005;"donnée
+7";Government Agency;gipatgeri.fr;
 Encyclopaedia Universalis;Boulogne-Billancourt, Hauts-de-Seine, Île-De-France, France, Boulogne-Billancourt, Europe;35;Technology, Information and Internet;1968;"Ressource documentaire
+5";Privately Held;encyclopaedia-universalis.fr;
 POLE SANTE SUD - CMCM;Le Mans, Sarthe, Pays de la Loire, France, Le Mans, Europe;35;Financial Services;;;;elsan.care;
 Junior Investment Management by TBS Education;Toulouse, Haute-Garonne, Occitanie, France, Toulouse, Europe;24;Financial Services;2016;Finance;Educational;tbs-alumni.com;
 WASSA;Boulogne-Billancourt, Hauts-de-Seine, Île-De-France, France, Boulogne-Billancourt, Europe;60;IT Services and IT Consulting;2011;"Conception et développement d'application mobile
+8";Partnership;wassa.io;
 FCKS;Saint-Germain-lès-Arpajon, Essonne, Île-De-France, France, Palaiseau, Europe;70;Financial Services;;;;doctolib.fr;
 Synapse Informatique;Grabels, Hérault, Occitanie, France, Montpellier, Europe;26;Technology, Information and Internet;1997;"Créateurs de logiciels
+3";Privately Held;synapse-informatique.com;
 DOMORG SAS;Villemoirieu, Isère, Auvergne-Rhône-Alpes, France, La Tour-du-Pin, Europe;44;IT Services and IT Consulting;2006;"TRANSFORMATION DES ORGANISATIONS
+6";Privately Held;domorg.com;
 BISAM, a FactSet Company;Paris, Paris, Île-De-France, France, Europe;51;Software Development;2000;"Performance Measurement
+6";Privately Held;klgates.com;
 CRCC de Paris (Compagnie régionale des commissaires aux comptes de Paris);Paris, Paris, Île-De-France, France, Europe;47;Financial Services;1970;"Ordre professionnel
+3";Nonprofit;crcc-paris.fr;
 Esprits Collaboratifs;Fontenay-sous-Bois, Val-de-Marne, Île-De-France, France, Nogent-sur-Marne, Europe;20;IT Services and IT Consulting;2015;"veilleIntelligenceCollective
+7";Privately Held;curebot.fr;
 Crédit Moderne;La Réunion, France, Europe;86;Financial Services;1985;;Privately Held;credit-moderne.com;
 LA DOUANE;Châteauroux-les-Alpes, Hautes-Alpes, Provence-Alpes-Côte D'Azur, France, Gap, Europe;134;Financial Services;;;;douane.com;
 Navigacom;Puteaux, Hauts-de-Seine, Île-De-France, France, Nanterre, Europe;50;IT Services and IT Consulting;1998;"Cloud Transformation
+19";Privately Held;navigacom.com;
 Beehive Entreprises;Paris, Paris, Île-De-France, France, Europe;46;IT Services and IT Consulting;2016;"Development and Deployment
+21";Partnership;beehiveentreprises.com;
 CAILLE;Paris, Paris, Île-De-France, France, Europe;20;Financial Services;;;;caille.fr;
 Crédit Mutuel Leasing;Hauts-de-Seine, Île-De-France, France, Nanterre, Europe;287;Financial Services;;;Privately Held;creditmutuel.fr;
 Eldorado.co;Paris, Paris, Île-De-France, France, Europe;25;Technology, Information and Internet;2017;"financementstartup
+7";Partnership;hugedomains.com;
 ACC FINANCE;Bihorel, Seine-Maritime, Normandie, France, Rouen, Europe;28;Financial Services;;;;prospeo.io;
 DATAMAT;Ruy, Isère, Auvergne-Rhône-Alpes, France, La Tour-du-Pin, Europe;36;Software Development;;;;datamat.net;
 INDEX;Clermont-Ferrand, Puy-de-Dôme, Auvergne-Rhône-Alpes, France, Clermont-Ferrand, Europe;21;IT Services and IT Consulting;2015;;Privately Held;index.fr;
 TOSHIBA Centre Est Méditerranée TCEM;Lyon, Rhône, Auvergne-Rhône-Alpes, France, Lyon, Europe;78;Technology, Information and Internet;;;Privately Held;toshibatec.fr;
 alfa-safety;Nantes, Loire-Atlantique, Pays de la Loire, France, Nantes, Europe;28;IT Services and IT Consulting;2005;"InfogéranceCloud
+9";Privately Held;alfa-safety.fr;
 Montsegur Finance;Paris, Paris, Île-De-France, France, Europe;26;Financial Services;2004;;Privately Held;montsegur.com;
 Hexanet;Reims, Marne, Grand Est, France, Reims, Europe;221;IT Services and IT Consulting;1997;"CloudHébergement de données
+15";Privately Held;hexanet.fr;
 KYS;Paris, Paris, Île-De-France, France, Europe;149;Technology, Information and Internet;;saas;Privately Held;kys.paris;
 DDA & Company;Paris, Paris, Île-De-France, France, Europe;49;Financial Services;1995;"Mergers & Acquisitions
+5";Privately Held;ddacompany.com;
 VINCI SARL;Paris, Paris, Île-De-France, France, Europe;26;IT Services and IT Consulting;1986;"ExcelBases de données
+1";Privately Held;vinci.com;
 Infinit;Paris, Paris, Île-De-France, France, Europe;44;Technology, Information and Internet;2012;"Storage
+4";Privately Held;infinit.com;
 Entreprise de service;Paris, Paris, Île-De-France, France, Europe;53;IT Services and IT Consulting;2010;;Privately Held;entreprise-service.fr;
 Bibby Factor France;Lyon, Rhône, Auvergne-Rhône-Alpes, France, Lyon, Europe;66;Financial Services;2005;"Affacturage
+3";Self-Owned;bibbyfactor.fr;
 mk;Paris, Paris, Île-De-France, France, Europe;20;Technology, Information and Internet;2001;;Privately Held;mkparis.fr;
 IT-ROOM;Ourlet, Nord, Hauts-de-France, France, Lille, Europe;42;Technology, Information and Internet;2000;"Agence web Lille Paris
+19";Privately Held;itroom.fr;
 Devoteam | Microsoft Partner;Levallois-Perret, Hauts-de-Seine, Île-De-France, France, Nanterre, Europe;404;IT Services and IT Consulting;;;Public Company;devoteam.com;
 ROSET SA;Briord, Ain, Auvergne-Rhône-Alpes, France, Belley, Europe;23;Technology, Information and Internet;;;;atom.com;
 Inovadex Consulting. SAP Partner (NW Africa);La Comté, Pas-de-Calais, Hauts-de-France, France, Arras, Europe;36;IT Services and IT Consulting;2017;"ERP CRMBI
+13";Privately Held;inovadex.com;
 Fastmag, an Orisha Commerce company;Paris, Paris, Île-De-France, France, Europe;38;Software Development;;;Privately Held;orisha.com;
 jestocke.;Bègles, Gironde, Nouvelle-Aquitaine, France, Bordeaux, Europe;22;Technology, Information and Internet;2013;"Stockage et garde-meuble entre particuliers
+9";Partnership;jestocke.com;
 REPROLAND;Souffelweyersheim, Bas-Rhin, Grand Est, France, Strasbourg, Europe;26;IT Services and IT Consulting;1991;"systèmes d'impression
+4";Partnership;reproland.fr;
 SOC Informatique;Lingolsheim, Bas-Rhin, Grand Est, France, Strasbourg, Europe;26;Software Development;1980;"Éditeur de logiciels
+23";Partnership;socinformatique.fr;
 ACTION EMPLOI;Épernon, Eure-et-Loir, Centre-Val de Loire, France, Chartres, Europe;32;IT Services and IT Consulting;;;;actionemploi.fr;
 DML;Les Ulis, Essonne, Île-De-France, France, Palaiseau, Europe;34;IT Services and IT Consulting;1978;"Technical Expertise
+3";Privately Held;dml.fr;
 ENKI Home;Ronchin, Nord, Hauts-de-France, France, Lille, Europe;27;Technology, Information and Internet;;"smart home
+2";;hugedomains.com;
 Mediweb;Schiltigheim, Bas-Rhin, Grand Est, France, Strasbourg, Europe;26;IT Services and IT Consulting;2016;;Privately Held;mediweb.fr;
 Byborg Enterprises;Paris 06 Luxembourg, Paris, Île-De-France, France, Europe;229;Technology, Information and Internet;;;Privately Held;byborgenterprises.com;
 Retraite Expat;Poissy, Yvelines, Île-De-France, France, Saint-Germain-en-Laye, Europe;64;Financial Services;2007;Produits de capitalisation and Retraite pour expatriés;Public Company;demarchesadministratives.fr;
 Wib.co - Startup Studio - Venture Builder - Web incubator;Paris, Paris, Île-De-France, France, Europe;20;Technology, Information and Internet;2010;"Emailing
+4";Partnership;stationf.co;
 Be Sport;Paris, Paris, Île-De-France, France, Europe;30;Technology, Information and Internet;;"internet
+4";Privately Held;besport.io;
 LAB 5COM;Nanterre, Hauts-de-Seine, Île-De-France, France, Nanterre, Europe;88;IT Services and IT Consulting;;;Privately Held;lab5com.fr;
 ADW Concept Et Gestion;Strasbourg, Bas-Rhin, Grand Est, France, Strasbourg, Europe;20;Software Development;1993;"Infrastructure informatique
+2";Partnership;adw.fr;
 SUTUNAM - Leading Digital Agency;Lyon, Rhône, Auvergne-Rhône-Alpes, France, Lyon, Europe;35;IT Services and IT Consulting;2010;"Magento 2Hyvä
+13";Public Company;sutunam.com;
 ADDINN Group;Paris, Paris, Île-De-France, France, Europe;107;IT Services and IT Consulting;2012;"Pilotage / Gouvernance des projets
+6";Privately Held;addinn.com;
 BLAYE;Longuenesse, Pas-de-Calais, Hauts-de-France, France, Saint-Omer, Europe;91;Software Development;;;;blaye.fr;
 GATAU JEAN CHRISTOPHE;France, Europe;21;IT Services and IT Consulting;;;;valrhona.com;
 Plaine Images (Lille métropole);Tourcoing, Nord, Hauts-de-France, France, Lille, Europe;37;IT Services and IT Consulting;2010;"Accompagnement du développement de l'entreprise
+21";Government Agency;euracreative.fr;
 LOUISE PHILIPPE;Palaiseau, Essonne, Île-De-France, France, Palaiseau, Europe;35;IT Services and IT Consulting;;;;louisephilippe.com;
 Lutece;Bois-Colombes, Hauts-de-Seine, Île-De-France, France, Nanterre, Europe;23;Technology, Information and Internet;2014;;Self-Employed;lutece.com;
 HR FINANCE;Saint-Gély-du-Fesc, Hérault, Occitanie, France, Montpellier, Europe;24;Financial Services;;;;hrfinance.fr;
 Mégalis Bretagne;Cesson-Sévigné, Ille-et-Vilaine, Bretagne, France, Rennes, Europe;47;IT Services and IT Consulting;1999;"aménagement numérique
+7";Nonprofit;bretagne.bzh;
 Tionis;Saint-Cloud, Hauts-de-Seine, Île-De-France, France, Boulogne-Billancourt, Europe;23;IT Services and IT Consulting;;;Self-Owned;tionis.fr;
 CPFI;Saleilles, Pyrénées-Orientales, Occitanie, France, Perpignan, Europe;50;Financial Services;;;;cpfi.fr;
 Zmantic;Nîmes, Gard, Occitanie, France, Nîmes, Europe;20;Software Development;2009;"Software development
+2";Public Company;zmantic.com;
 DASIA;Courbevoie, Hauts-de-Seine, Île-De-France, France, Nanterre, Europe;23;Software Development;2020;;Privately Held;dasia.ai;
 LOGIMINE;Nîmes, Gard, Occitanie, France, Nîmes, Europe;28;Software Development;1997;"Fleet management
+20";Privately Held;logimine.fr;
 GP Levallois-Perret;Levallois-Perret, Hauts-de-Seine, Île-De-France, France, Nanterre, Europe;40;IT Services and IT Consulting;;;Privately Held;bec3.fr;
 AFFLELOU;Paris, Paris, Île-De-France, France, Europe;35;Financial Services;;;;afflelou.com;
 BRUGES;Saint-Martin-d'Hères, Isère, Auvergne-Rhône-Alpes, France, Grenoble, Europe;85;Financial Services;;;;bruges.net;
 North South Connections Madagascar;Montcy-Notre-Dame, Ardennes, Grand Est, France, Charleville-Mézières, Europe;42;Technology, Information and Internet;1998;;Privately Held;gefp.mg;
 MANGANELLI DIGITAL SOLUTIONS;Marcq-en-Barœul, Nord, Hauts-de-France, France, Lille, Europe;24;IT Services and IT Consulting;2006;"affichage dynamique
+6";Partnership;manganelli.com;
 SPREAD;Le Petit-Quevilly, Seine-Maritime, Normandie, France, Rouen, Europe;39;Technology, Information and Internet;2011;"ecommerce
+14";Privately Held;spread.fr;
 Eurvad;Paris, Paris, Île-De-France, France, Europe;32;Financial Services;2013;"mergers and acquisitions
+2";Privately Held;eurvad.com;
 ETPH;Carcassonne, Aude, Occitanie, France, Carcassonne, Europe;192;Software Development;;;;etph.eu;
 MGI (Marseille Gyptis International);Marseille, Bouches-du-Rhône, Provence-Alpes-Côte D'Azur, France, 1er Arr., Europe;52;Software Development;1985;"Cargo Community SystemIT
+6";Self-Employed;mgi-ci5.com;
 RECHERCHE ET DEVELOPPEMENT;Nice, Alpes-Maritimes, Provence-Alpes-Côte D'Azur, France, Nice, Europe;20;IT Services and IT Consulting;;;;hellowork.com;
 CA-CHEQUES;Limonest, Rhône, Auvergne-Rhône-Alpes, France, Lyon, Europe;47;IT Services and IT Consulting;;;;ca-cheques.fr;
 Actemium Cholet (GAURIAU Entreprise);France, Europe;52;IT Services and IT Consulting;1921;"Tableautier Intégrateur
+9";Self-Owned;actemium.fr;
 HISAM;Lyon, Rhône, Auvergne-Rhône-Alpes, France, Lyon, Europe;21;Financial Services;;;;travaux.com;
 ALSTECH IT GROUP;La Garenne-Colombes, Île-De-France, France;27;IT Services and IT Consulting;2018;"CISCO
+11";Partnership;alstechitgroup.net;
 IP SOLUTIONS;Mundolsheim, Bas-Rhin, Grand Est, France, Strasbourg, Europe;26;Technology, Information and Internet;2008;"Développement
+3";Privately Held;ipsolution.fr;
 JSSL GROUP;Aubervilliers, Seine-Saint-Denis, Île-De-France, France, Saint-Denis, Europe;20;Software Development;;;;easy-express.fr;
 MY GROOM SERVICE;La Seyne-sur-Mer, Var, Provence-Alpes-Côte D'Azur, France, Toulon, Europe;28;Technology, Information and Internet;2015;"WebMarketing
+8";Partnership;mygroomservice.com;
 Blue Soft;Charenton-le-Pont, Val-de-Marne, Île-De-France, France, Créteil, Europe;449;IT Services and IT Consulting;2008;"datarisk management
+22";Partnership;bluesoft-group.com;
 TRINOMA;Villefort, Lozère, Occitanie, France, Mende, Europe;30;IT Services and IT Consulting;2013;"motion analysis
+6";Privately Held;trinoma.fr;
 LRD;Castelnau-le-Lez, Hérault, Occitanie, France, Montpellier, Europe;54;Software Development;2006;"transactions dématérialisées sécurisées
+3";Privately Held;castelnau-le-lez.fr;
 CT Infodream;Aix-les-Bains, Savoie, Auvergne-Rhône-Alpes, France, Chambéry, Europe;33;Software Development;1989;"6 Sigma
+13";Partnership;ctinfodream.com;
 Alphalyr;Paris, Paris, Île-De-France, France, Europe;37;Technology, Information and Internet;2014;;Partnership;alphalyr.fr;
 MU;Romans-sur-Isère, Drôme, Auvergne-Rhône-Alpes, France, Valence, Europe;20;IT Services and IT Consulting;2015;"Technologie
+9";Partnership;ville-romans.fr;
 Plop.;Morbihan, Bretagne, France, Lorient, Europe;32;Software Development;;"drupalreact
+6";Partnership;plop.fr;
 Phitrust;Paris, Paris, Île-De-France, France, Europe;40;Financial Services;2003;"Asset Management
+8";Privately Held;phitrust.com;
 DEELO;Arles, Bouches-du-Rhône, Provence-Alpes-Côte D'Azur, France, Arles, Europe;26;Financial Services;;;;deelo.io;
 Concept ERP;Gémenos, Bouches-du-Rhône, Provence-Alpes-Côte D'Azur, France, 1er Arr., Europe;33;Software Development;2009;"Sage X3
+13";Privately Held;concept-erp.com;
 VILLEBENOIT NORD SA;Sens, Yonne, Bourgogne-Franche-Comté, France, Sens, Europe;22;Software Development;;;;autodistribution.fr;
 Eiffel Conseils;Nice, Alpes-Maritimes, Provence-Alpes-Côte D'Azur, France, Nice, Europe;25;Financial Services;1996;"LES COÛTS SOCIAUX
+3";Privately Held;eiffel-conseils.fr;
 CIRTEL;Levallois-Perret, Hauts-de-Seine, Île-De-France, France, Nanterre, Europe;27;IT Services and IT Consulting;2006;"Intégrateur réseaux et télécommunications
+3";Privately Held;cirtel.net;
 TTA;Saint-Cloud, Hauts-de-Seine, Île-De-France, France, Boulogne-Billancourt, Europe;21;IT Services and IT Consulting;2010;"MobileUser Experience
+3";Self-Employed;culture-lacellesaintcloud.fr;
 Neo9;Paris, Paris, Île-De-France, France, Europe;26;IT Services and IT Consulting;2012;"e-business process management
+2";Partnership;atom.com;
 GESCIME;Brest, Finistère, Bretagne, France, Brest, Europe;20;Software Development;;;;gescime.com;
 GENYSIA TECHNOLOGIES;Compiègne, Oise, Hauts-de-France, France, Compiègne, Europe;40;IT Services and IT Consulting;2021;;Privately Held;genysia.com;
 SIMAQ;Paris, Paris, Île-De-France, France, Europe;37;Financial Services;;;;simaq.com;
 DOSIsoft;Cachan, Val-de-Marne, Île-De-France, France, L'Haÿ-les-Roses, Europe;55;Software Development;2002;"Molecular Imaging
+7";Privately Held;dosisoft.com;
 Newgen Software Technologies Limited Delhi;Saint-Féliu-d'Amont, Pyrénées-Orientales, Occitanie, France, Perpignan, Europe;47;IT Services and IT Consulting;;;;newgensoft.com;
 Concierge;Seclin, Nord, Hauts-de-France, France, Lille, Europe;29;Technology, Information and Internet;2013;;Privately Held;myagency.group;
 TASK Informatic;Levallois-Perret, Hauts-de-Seine, Île-De-France, France, Nanterre, Europe;44;IT Services and IT Consulting;1981;"Systèmes d'information
+13";Privately Held;taskinfo.fr;
 comways;Paris, Paris, Île-De-France, France, Europe;22;IT Services and IT Consulting;2008;"Call Center
+11";Privately Held;comways.eu;
 Payboost;Paris, Paris, Île-De-France, France, Europe;38;Financial Services;2016;"Fintechdigital
+3";Privately Held;payboost.ai;
 Takima;Bagneux, Hauts-de-Seine, Île-De-France, France, Antony, Europe;198;IT Services and IT Consulting;2000;"JavaScala
+20";Privately Held;takima.fr;
 ELISATH;Messein, Meurthe-et-Moselle, Grand Est, France, Nancy, Europe;30;Software Development;1995;"Billetterie informatisée
+15";Privately Held;elisath.fr;
 Dk Consulting;Mulhouse, Haut-Rhin, Grand Est, France, Mulhouse, Europe;22;Technology, Information and Internet;2013;"Site internet haut de gamme
+7";Privately Held;dkconsulting.fr;
 OPECOM;Villeurbanne, Rhône, Auvergne-Rhône-Alpes, France, Lyon, Europe;59;Software Development;;;;opecom.com;
 HP2i;Anglet, Pyrénées-Atlantiques, Nouvelle-Aquitaine, France, Bayonne, Europe;24;IT Services and IT Consulting;2009;"Cybersécurité
+5";Privately Held;hp2i.fr;
 KERTRUCKS LOCATION ET SERVICES;Baix, Ardèche, Auvergne-Rhône-Alpes, France, Privas, Europe;39;Financial Services;;;;groupekertrucks.com;
 Effitic;Paris, Paris, Île-De-France, France, Europe;23;Software Development;2009;"Tierce Maintenance Applicative
+3";Partnership;distributique.com;
 Loay International LLC;Mus, Gard, Occitanie, France, Nîmes, Europe;29;IT Services and IT Consulting;;;Privately Held;rocketreach.co;
 SYDERAL;Argenteuil, Val-d'Oise, Île-De-France, France, Argenteuil, Europe;22;IT Services and IT Consulting;1989;;Partnership;syderal.fr;
 SRA;Bron, Rhône, Auvergne-Rhône-Alpes, France, Lyon, Europe;206;Software Development;1984;"Intégrateur et Distributeur de Solutions de Gestion
+3";Privately Held;groupe-sra.fr;
 Morpho;Paris, Paris, Île-De-France, France, Europe;70;Financial Services;2021;infrastructure;Privately Held;morpho.ai;
 Centre des Finances Publiques;Bozel, Savoie, Auvergne-Rhône-Alpes, France, Albertville, Europe;549;Financial Services;;;;demarchesadministratives.fr;
 MONEY & more;Bacilly, Manche, Normandie, France, Avranches, Europe;36;Financial Services;2001;"Financial Planning
+5";Privately Held;money-more.com;
 NOAM By BearingPoint;Fontenay-sous-Bois, Val-de-Marne, Île-De-France, France, Nogent-sur-Marne, Europe;42;IT Services and IT Consulting;;"testingAmoa
+4";Privately Held;noam-be.com;
 Copartis;Rueil-Malmaison, Hauts-de-Seine, Île-De-France, France, Nanterre, Europe;87;Financial Services;2017;"sous-traitance bancaire
+5";Privately Held;copartis.fr;
 SOC VELUX FRANCE;Morangis, Essonne, Île-De-France, France, Palaiseau, Europe;21;Software Development;;;;velux.fr;
 TECH IN FRANCE;Paris, Paris, Île-De-France, France, Europe;21;Software Development;;;Public Company;techin.fr;
 ISIWARE;St.-Herblain, Loire-Atlantique, Pays de la Loire, France, Nantes, Europe;24;Software Development;2006;"Amélioration continue
+9";Privately Held;isiware.fr;
 Mister Auto;Villeurbanne, Rhône, Auvergne-Rhône-Alpes, France, Lyon, Europe;242;Technology, Information and Internet;2008;Vente en ligne de pièces et accessoires automobiles and IT;Partnership;mister-auto.com;
 FLOPAR;Caluire-et-Cuire, Rhône, Auvergne-Rhône-Alpes, France, Lyon, Europe;25;Financial Services;;;;societeinfo.com;
 Interstis Solutions;Paris, Paris, Île-De-France, France, Europe;155;Software Development;2014;"outils collaboratifs
+19";Privately Held;interstis.fr;
 Prooftag;Montauban, Tarn-et-Garonne, Occitanie, France, Montauban, Europe;49;IT Services and IT Consulting;2004;"Brand Protection
+3";Privately Held;prooftag.com;
 Groupe STADLINE by XPLOR;La Madeleine, Nord, Hauts-de-France, France, Lille, Europe;35;Software Development;;"Développement informatique et internet lié au sportPHP
+6";Partnership;stadline.com;
 thém-is;Nancy, Meurthe-et-Moselle, Grand Est, France, Nancy, Europe;20;IT Services and IT Consulting;2003;;Privately Held;themis.com;
 Syntys;Alençon, Orne, Normandie, France, Alençon, Europe;41;IT Services and IT Consulting;2025;;Privately Held;syntys.com;
 Nortia;Roubaix, Nord, Hauts-de-France, France, Lille, Europe;118;Financial Services;1994;"Assurance Vie
+7";Self-Employed;nortia.fr;
 Welcount (Welcome Account);Paris, Paris, Île-De-France, France, Europe;21;Financial Services;2022;;Privately Held;welcount.com;
 Systel S.A;Aytré, Charente-Maritime, Nouvelle-Aquitaine, France, La Rochelle, Europe;27;Software Development;1985;;Privately Held;systelsa.net;
 Sofinco S.A.;Roubaix, Nord, Hauts-de-France, France, Lille, Europe;120;Financial Services;;;;sofincos.com;
 Share it;Paris, Paris, Île-De-France, France, Europe;39;IT Services and IT Consulting;2017;;Nonprofit;domainseller.site;
 AM Trust;Asnières-sur-Seine, Hauts-de-Seine, Île-De-France, France, Nanterre, Europe;87;IT Services and IT Consulting;1995;"Location et vente de matériel d'impression
+8";Partnership;amtrust.fr;
 NEXESS;Valbonne, Alpes-Maritimes, Provence-Alpes-Côte D'Azur, France, Grasse, Europe;58;Software Development;2007;"RFIDRFID products
+18";Privately Held;nexess.fr;
 Better Call;Paris, Paris, Île-De-France, France, Europe;24;IT Services and IT Consulting;;;Self-Owned;better-call.com;
 CA CONSUMER FINANCE;Massy, Essonne, Île-De-France, France, Palaiseau, Europe;123;Financial Services;;;;caconsumerfinance.fr;
 Sylq;Villejust, Essonne, Île-De-France, France, Palaiseau, Europe;67;Financial Services;2023;;Privately Held;sylq.io;
 SITACI;Haute-Goulaine, Loire-Atlantique, Pays de la Loire, France, Nantes, Europe;65;Software Development;1987;"logistiqueWMS
+13";Privately Held;sitaci.fr;
 Novia Systems;Paris, Paris, Île-De-France, France, Europe;27;IT Services and IT Consulting;;;;hugedomains.com;
 Perkins Engines;Marseille, Bouches-du-Rhône, Provence-Alpes-Côte D'Azur, France, 1er Arr., Europe;25;Technology, Information and Internet;;;;serge-atelier-marine.com;
 Laymoon;Paris, Paris, Île-De-France, France, Europe;20;Financial Services;2021;"Paiements
+5";Privately Held;laymoon.fr;
 CORHOFI;Lyon, Rhône, Auvergne-Rhône-Alpes, France, Lyon, Europe;173;Financial Services;1987;;Privately Held;corhofi.com;
 Alinto International;Lyon, Rhône, Auvergne-Rhône-Alpes, France, Lyon, Europe;22;IT Services and IT Consulting;2000;"Messagerie
+12";Privately Held;alinto.com;
 AJC société à mission, d'expertise comptable, de commissariat aux comptes à Bordeaux;Bordeaux, Gironde, Nouvelle-Aquitaine, France, Bordeaux, Europe;53;Financial Services;2014;"Expertise comptable
+10";Privately Held;ajc-bordeaux.com;
 AEROLIS;Biot, Alpes-Maritimes, Provence-Alpes-Côte D'Azur, France, Grasse, Europe;27;IT Services and IT Consulting;2003;;Privately Held;aerolis.fr;
 OnlySo;Villeurbanne, Rhône, Auvergne-Rhône-Alpes, France, Lyon, Europe;21;Technology, Information and Internet;2013;"Médias Sociaux
+17";Privately Held;onlyso.fr;
 ALIENCE;Nice, Alpes-Maritimes, Provence-Alpes-Côte D'Azur, France, Nice, Europe;26;Financial Services;;;;alience.fr;
 Petite-Entreprise.net;Logelheim, Haut-Rhin, Grand Est, France, Colmar, Europe;43;Technology, Information and Internet;2007;Conseil aux entreprises and Mise en relation entre professionnels du conseil et chefs d'entreprise;Privately Held;petiteentreprise.com;
 RADèS Consulting;Paris, Paris, Île-De-France, France, Europe;49;IT Services and IT Consulting;2006;"Pilotage des systèmes d'information
+2";Privately Held;rades.fr;
 TREDING INTERNATIONAL;France, Europe;71;Software Development;;;;lagazettefrance.fr;
 Orange Connectivity and Workspace services;Massy, Essonne, Île-De-France, France, Palaiseau, Europe;46;Software Development;;;;cisco.com;
 First ECO - Spécialiste de la Veille Commerciale;Fontaine-lès-Dijon, Côte-d'Or, Bourgogne-Franche-Comté, France, Dijon, Europe;25;Technology, Information and Internet;2001;"veille opportunités d'affaires
+28";Self-Owned;firsteco.fr;
 CEV GROUP;St.-Lô, Manche, Normandie, France, Saint-Lô, Europe;24;IT Services and IT Consulting;1993;"Processing cartes cadeaux
+5";Privately Held;wikimanche.fr;
 BOIS ET DERIVES;Égletons, Corrèze, Nouvelle-Aquitaine, France, Tulle, Europe;28;Financial Services;;;;groupe-bd.fr;
 PREREQUIS;Neuilly-sur-Seine, Hauts-de-Seine, Île-De-France, France, Nanterre, Europe;89;IT Services and IT Consulting;2001;"Oracle E-Business Suite
+16";Privately Held;prerequis.com;
 Stack Labs;Toulouse, Haute-Garonne, Occitanie, France, Toulouse, Europe;35;IT Services and IT Consulting;;"BigDataCloud
+17";Privately Held;stacklabs.com;
 INFFLUX;Vincennes, Val-de-Marne, Île-De-France, France, Nogent-sur-Marne, Europe;58;Software Development;1995;"LOGISTIQUE
+8";Privately Held;infflux.com;
 ACRELEC;Saint-Thibault-des-Vignes, Seine-et-Marne, Île-De-France, France, Torcy, Europe;690;IT Services and IT Consulting;2004;"Digital Self-service Kiosks
+10";Privately Held;acrelec.com;
 LESCURE;La Garde, Var, Provence-Alpes-Côte D'Azur, France, Toulon, Europe;22;Financial Services;;;;lescureviandesetprimeur.com;
 XOTIS;Mercin-et-Vaux, Aisne, Hauts-de-France, France, Soissons, Europe;25;Software Development;1991;"PaieComptabilité
+9";Privately Held;xotis.com;
 Vectors;Antony, Hauts-de-Seine, Île-De-France, France, Antony, Europe;32;Software Development;2022;"Atlassian
+2";Privately Held;vectors.io;
 HERVE;Paris, Paris, Île-De-France, France, Europe;21;IT Services and IT Consulting;2016;"Virtual Reality360
+19";Privately Held;herve.fr;
 GUINGUETTE;Marseille, Bouches-du-Rhône, Provence-Alpes-Côte D'Azur, France, 1er Arr., Europe;69;Financial Services;;;;guinguette.fr;
 ConsonanceWeb / Aloa - Solutions eTourisme;Brive-la-Gaillarde, Corrèze, Nouvelle-Aquitaine, France, Brive-la-Gaillarde, Europe;26;Software Development;2004;"Logiciels Full Web
+6";Privately Held;aloa-tourisme.com;
 Hermesiane;Paris, Paris, Île-De-France, France, Europe;34;Financial Services;2012;"Conseils aux entreprises
+13";Privately Held;hermesiane.fr;
 NEVA;Paris, Paris, Île-De-France, France, Europe;23;Financial Services;1995;Financement de la recherche et de l'innovation;Privately Held;neva.fr;
 DIGIT'HALL;St.-Rémy-de-Provence, Bouches-du-Rhône, Provence-Alpes-Côte D'Azur, France, Arles, Europe;41;IT Services and IT Consulting;;"Informatique
+9";Public Company;digithall.org;
 Teezily;Paris, Paris, Île-De-France, France, Europe;31;Technology, Information and Internet;2013;"Customisation
+11";Partnership;teezily.co;
 Technomade;Bordeaux, Gironde, Nouvelle-Aquitaine, France, Bordeaux, Europe;25;IT Services and IT Consulting;2004;"CRMMicrosoft Dynamics 365
+12";Privately Held;technomade.com;
 Cezam;Paris, Paris, Île-De-France, France, Europe;26;Software Development;;;;cezam.fr;
86;Paris, Paris, Île-De-France, France, Europe;33;Software Development;2018;"appsonboarding
+2";Privately Held;ratp.fr;
 Webpublication;Levallois-Perret, Hauts-de-Seine, Île-De-France, France, Nanterre, Europe;41;Technology, Information and Internet;2007;"Rich media flipbookiPad
+14";Privately Held;webpublication.fr;
 Arrow ECS France;Courbevoie, Hauts-de-Seine, Île-De-France, France, Nanterre, Europe;365;IT Services and IT Consulting;1992;"Communications unifiées
+5";Public Company;arrow.com;
 ASTORIA FINANCE;Paris, Paris, Île-De-France, France, Europe;369;Financial Services;;"Conseil en Gestion de Patrimoine
+8";Self-Owned;astoriafinance.com;
 Trading Central;Paris, Paris, Île-De-France, France, Europe;295;Financial Services;1999;"News Aggregation
+13";Privately Held;tradingcentral.com;
 Orthalis;Pau, Pyrénées-Atlantiques, Nouvelle-Aquitaine, France, Pau, Europe;47;Software Development;;;Privately Held;orthalis.com;
 Advences;Paris, Paris, Île-De-France, France, Europe;39;Software Development;1985;"package dynamique
+3";Privately Held;advences.com;
 FIVES CAIL;Villeneuve-d'Ascq, Nord, Hauts-de-France, France, Lille, Europe;27;Software Development;;;;fivesgroup.com;
 SP3 NETTOYAGE;Rueil-Malmaison, Hauts-de-Seine, Île-De-France, France, Nanterre, Europe;71;IT Services and IT Consulting;;;Privately Held;mappy.com;
 Services et conseil informatiques par Mr Zaher Nourredine;Brienne-le-Château, Aube, Grand Est, France, Bar-sur-Aube, Europe;56;IT Services and IT Consulting;2018;"healthcarehealth
+5";Self-Employed;pple.fr;
 METAWARE TECHNOLOGIES;Le Pecq, Yvelines, Île-De-France, France, Saint-Germain-en-Laye, Europe;20;Software Development;;;;e-pro.fr;
 Fieldbox;Bordeaux, Gironde, Nouvelle-Aquitaine, France, Bordeaux, Europe;46;IT Services and IT Consulting;;"Artificial Intelligence
+15";Privately Held;fieldbox.com;
 Obeo;Carquefou, Loire-Atlantique, Pays de la Loire, France, Nantes, Europe;67;Software Development;2005;"Software development industrialization
+5";Privately Held;obeosoft.com;
 La Financière de l'Echiquier;Paris, Paris, Île-De-France, France, Europe;225;Financial Services;1991;"Société de gestion de portefeuilles
+19";Privately Held;lfde.com;
 Agoranov;Paris, Paris, Île-De-France, France, Europe;28;Technology, Information and Internet;2000;"Incubateur
+2";Nonprofit;kyxar.fr;
 Qileo - Le 1er compte pro éthique;Paris, Paris, Île-De-France, France, Europe;23;Financial Services;2022;"greentechfintech
+5";Privately Held;qileo.com;
 Sirdata;Paris, Paris, Île-De-France, France, Europe;35;Software Development;2012;"Data Processing
+13";Privately Held;sirdata.com;
 UHT;Paris, Paris, Île-De-France, France, Europe;21;Technology, Information and Internet;;"web strategy
+3";Privately Held;ghu-paris.fr;
 O2i Ingénierie;Gennevilliers, Hauts-de-Seine, Île-De-France, France, Nanterre, Europe;65;IT Services and IT Consulting;1989;"Formation
+3";Public Company;o2i-ingenierie.com;
 EXOTIC CAR;Le Haillan, Gironde, Nouvelle-Aquitaine, France, Bordeaux, Europe;42;Financial Services;;;;exoticcar.fr;
 Be API;Paris, Paris, Île-De-France, France, Europe;39;Technology, Information and Internet;2009;"WordPress
+19";Privately Held;beapi.fr;
 ADILIS;Saint-Cyr-sur-Mer, Var, Provence-Alpes-Côte D'Azur, France, Toulon, Europe;93;Software Development;;;;adilis.fr;
 Percall Group;Lyon, Rhône, Auvergne-Rhône-Alpes, France, Lyon, Europe;341;IT Services and IT Consulting;2000;"PLMIOT
+8";Privately Held;percallgroup.com;
 Financière Cofidim;Écully, Rhône, Auvergne-Rhône-Alpes, France, Lyon, Europe;28;Software Development;;;;e-pro.fr;
 Catamania;St.-Herblain, Loire-Atlantique, Pays de la Loire, France, Nantes, Europe;789;IT Services and IT Consulting;1999;;Privately Held;catamania.com;
 RUET;Le Kremlin-Bicêtre, Val-de-Marne, Île-De-France, France, L'Haÿ-les-Roses, Europe;43;Financial Services;;;;ruet.com;
 V.N.F.;Selles, Marne, Grand Est, France, Reims, Europe;46;Financial Services;;;;vnf.fr;
 Compagnie Francaise Informatique;Saint Denis Cedex, Île-De-France, France;114;IT Services and IT Consulting;1981;"Société de Services et Distribution Informatique
+8";Partnership;cfigroupe.com;
 ELYSEE CONSULTING;Paris, Paris, Île-De-France, France, Europe;63;Financial Services;2002;"Conseil en Gestion de Patrimoine
+3";Privately Held;elysee-consulting.fr;
 DIGITAL MEDIA MOBILE;Clichy, Hauts-de-Seine, Île-De-France, France, Nanterre, Europe;24;Software Development;2014;"PUBLICITE LOCALE
+6";Privately Held;digitalmediamobile.fr;
 SWEETHOME;Nice, Alpes-Maritimes, Provence-Alpes-Côte D'Azur, France, Nice, Europe;78;IT Services and IT Consulting;2018;;Privately Held;sweethome.co;
 AMPHITRITE;Palaiseau, Essonne, Île-De-France, France, Palaiseau, Europe;22;Software Development;2021;;Privately Held;amphitrite.fr;
 EFIRACK;Migennes, Yonne, Bourgogne-Franche-Comté, France, Auxerre, Europe;30;IT Services and IT Consulting;1991;"Solutions Datacenter
+24";Partnership;efirack.fr;
 TBIS;Paris, Paris, Île-De-France, France, Europe;26;Software Development;;;;tbis.com;
 Hupi;Bidart, Pyrénées-Atlantiques, Nouvelle-Aquitaine, France, Bayonne, Europe;25;IT Services and IT Consulting;2014;BigData and Predictions real-time;Partnership;hupi.com;
 MD Company;Levallois-Perret, Hauts-de-Seine, Île-De-France, France, Nanterre, Europe;24;Technology, Information and Internet;;"E-commerce
+3";;mdcompany.com;
 Siveco Group;Montigny-le-Bretonneux, Yvelines, Île-De-France, France, Versailles, Europe;107;Software Development;1986;"GMAO/CMMS
+13";Privately Held;siveco.fr;
 Swizy;Lognes, Seine-et-Marne, Île-De-France, France, Torcy, Europe;52;Software Development;;;Privately Held;swizy.fr;
 Sight;Paris, Paris, Île-De-France, France, Europe;42;IT Services and IT Consulting;2023;;Privately Held;available.forsale;
 Limova.ai;Nice, Alpes-Maritimes, Provence-Alpes-Côte D'Azur, France, Nice, Europe;47;Technology, Information and Internet;2024;;Privately Held;limova.ai;
 LJBM;Paris, Paris, Île-De-France, France, Europe;25;Software Development;;;;ljbm.com;
 PRO EVOLUTION;Paris, Paris, Île-De-France, France, Europe;23;Technology, Information and Internet;;;;proevolution.pro;
 LUCERNYS;Paris, Paris, Île-De-France, France, Europe;22;IT Services and IT Consulting;1996;"Optimisation des Productions Informatiques
+15";Privately Held;lucernys.fr;
 ADBI;Paris, Paris, Île-De-France, France, Europe;48;IT Services and IT Consulting;2014;"Business Intelligence
+25";Privately Held;adbi.fr;
 AFI (Agence Française Informatique);Lognes, Seine-et-Marne, Île-De-France, France, Torcy, Europe;64;Software Development;1981;"Bibliothèque
+14";Partnership;afi-sa.net;
 5A Solutions;Blagnac, Occitanie, France;28;IT Services and IT Consulting;2013;"Conseil
+3";Partnership;5asolutions.com;
 Netwave;Labège, Haute-Garonne, Occitanie, France, Toulouse, Europe;57;Technology, Information and Internet;2023;"Big Data
+7";Privately Held;netwave.com;
 HRC ENVIRONNEMENT;Perpignan, Pyrénées-Orientales, Occitanie, France, Perpignan, Europe;22;IT Services and IT Consulting;2018;;Self-Owned;hrc-environnement.com;
 Global Blue France;Levallois-Perret, Hauts-de-Seine, Île-De-France, France, Nanterre, Europe;26;Technology, Information and Internet;1980;"Tax Free Shopping
+18";Privately Held;globalblue.com;
 M.I.S;Grenoble, Isère, Auvergne-Rhône-Alpes, France, Grenoble, Europe;35;Technology, Information and Internet;;"Advanced Master of Internet Strategy
+2";Educational;grenoble-congres.com;
 SIPPE;Croissy-Beaubourg, Seine-et-Marne, Île-De-France, France, Torcy, Europe;25;IT Services and IT Consulting;2013;"Câblage VDI
+6";Privately Held;sippe.fr;
 DEFTA;Chessy, Seine-et-Marne, Île-De-France, France, Torcy, Europe;56;Financial Services;;;;defta.eu;
 Latitude-Cartagène Cartographies;Lyon, Rhône, Auvergne-Rhône-Alpes, France, Lyon, Europe;31;IT Services and IT Consulting;1988;"Cartographie
+22";Partnership;latitude-cartagene.com;
 Saphir Consult France;Paris, Paris, Île-De-France, France, Europe;32;Software Development;;;Privately Held;saphirconsult.com;
 PHAST;Paris, Paris, Île-De-France, France, Europe;47;Software Development;2006;"Interopérabilité sémantique
+2";Privately Held;phast.fr;
 DORNACH FRANCE;Roncq, Nord, Hauts-de-France, France, Lille, Europe;62;Software Development;;;Self-Owned;dornach.fr;
 Cantoo;Ourlet, Nord, Hauts-de-France, France, Lille, Europe;29;Software Development;2019;"EDTECH
+4";Privately Held;cantoo.fr;
 Corma;Paris, Paris, Île-De-France, France, Europe;35;Software Development;2023;"saasSoftware
+8";Privately Held;corma.io;
 Orsay;Puteaux, Hauts-de-Seine, Île-De-France, France, Nanterre, Europe;100;Financial Services;2020;"Franchises
+3";Privately Held;orsay.fr;
 ALLIANCE OCEANE & CHARCUTIERE;Le Mans, Sarthe, Pays de la Loire, France, Le Mans, Europe;50;Software Development;;;;allianceoceane.fr;
 DIS (Groupe ZF);St.-Hilaire-de-Brethmas, Gard, Occitanie, France, Alès, Europe;36;Software Development;;;Privately Held;zf.com;
 Artemys Agil-IT (groupe Artemys);Isneauville, Seine-Maritime, Normandie, France, Rouen, Europe;20;IT Services and IT Consulting;;"BIBDD
+4";Privately Held;groupeartemys.com;
 Neyrial Informatique;Clermont-Ferrand, Puy-de-Dôme, Auvergne-Rhône-Alpes, France, Clermont-Ferrand, Europe;51;IT Services and IT Consulting;1980;"Infrastructure et Réseaux
+3";Partnership;neyrial.com;
 Sodero;Nantes, Loire-Atlantique, Pays de la Loire, France, Nantes, Europe;45;Financial Services;1958;"Capital Création
+2";Privately Held;sodero.fr;
 ChapsVision CyberGov;Suresnes, Hauts-de-Seine, Île-De-France, France, Nanterre, Europe;172;IT Services and IT Consulting;;;Privately Held;chapsvisioncybergov.fr;
 Mes Potos;Paris, Paris, Île-De-France, France, Europe;63;Financial Services;2020;"Fintech
+7";Self-Owned;mespotos.fr;
 CIAG;Toulouse, Haute-Garonne, Occitanie, France, Toulouse, Europe;26;IT Services and IT Consulting;1982;"Ingénierie informatique
+10";Partnership;ciag.fr;
 SOL STRUCTURE GROUPE;Savigny-le-Temple, Seine-et-Marne, Île-De-France, France, Melun, Europe;21;Financial Services;;;;solstructure.fr;
 Alcyor;Lyon, Rhône, Auvergne-Rhône-Alpes, France, Lyon, Europe;51;IT Services and IT Consulting;2008;"AMOA et Conduite de projets
+2";Privately Held;alcyor.fr;
 Groupe FrameIP;Eslettes, Seine-Maritime, Normandie, France, Rouen, Europe;33;IT Services and IT Consulting;;"telecomréseaux
+5";Privately Held;frameip.fr;
 ASC Trust;La Seyne-sur-Mer, Var, Provence-Alpes-Côte D'Azur, France, Toulon, Europe;25;Financial Services;;;Privately Held;asctrust.com;
 BLANDINE;Le Lamentin, Guadeloupe, France;47;Financial Services;;;;blandine.fr;
 Lepape;Paris, Paris, Île-De-France, France, Europe;80;Technology, Information and Internet;1996;"RunningVélo
+4";Privately Held;lepape.net;
 Telecom Etude;Palaiseau, Essonne, Île-De-France, France, Palaiseau, Europe;24;IT Services and IT Consulting;1979;"Développement web
+12";Nonprofit;telecom-etude.fr;
 KRYSTEL;Saint-Raphaël, Var, Provence-Alpes-Côte D'Azur, France, Draguignan, Europe;26;Financial Services;;;;krystel.fr;
 INFOTEL CONSEIL;Neuilly-sur-Seine, Hauts-de-Seine, Île-De-France, France, Nanterre, Europe;40;Software Development;;;;infotel-conseil.com;
 DDFG;Étaules, Côte-d'Or, Bourgogne-Franche-Comté, France, Dijon, Europe;34;Software Development;;;;mairie-etaules.fr;
 FP TECHNOLOGIES;La Bouilladisse, Bouches-du-Rhône, Provence-Alpes-Côte D'Azur, France, 1er Arr., Europe;20;IT Services and IT Consulting;2017;;Privately Held;fptechnologies.com;
 Crowe Avvens;Lyon, Rhône, Auvergne-Rhône-Alpes, France, Lyon, Europe;114;Financial Services;1995;"AccountingAudit
+7";Privately Held;crowe.com;
 ORCALE;Champs-sur-Marne, Seine-et-Marne, Île-De-France, France, Torcy, Europe;72;Software Development;;;;chateau-champs-sur-marne.fr;
 Sidonie;Montreuil, Seine-Saint-Denis, Île-De-France, France, Bobigny, Europe;25;Technology, Information and Internet;2015;"Produits connectés seniors
+3";Partnership;sidonie.eu;
 SOCIETE COOPERATIVE AGRICOLE MADIVIAL;Martinique, France, Europe;21;Software Development;;;;madivial.fr;
 OTCex;Paris, Paris, Île-De-France, France, Europe;90;Financial Services;;broker;Privately Held;siparex.com;
 Ithaque;Paris, Paris, Île-De-France, France, Europe;20;IT Services and IT Consulting;1989;consulting on financial markets information systems;Privately Held;ithaque-renovation.fr;
 Aleda;Challans, Vendée, Pays de la Loire, France, Les Sables-d'Olonne, Europe;103;Software Development;;"Grossiste en téléphonie mobile prépayée
+3";Privately Held;aleda.fr;
 MASORA;Paris, Paris, Île-De-France, France, Europe;47;Financial Services;;;;masora.ai;
 ATECNA;Wasquehal, Nord, Hauts-de-France, France, Lille, Europe;181;Technology, Information and Internet;2007;"Développement web
+24";Partnership;atecna.fr;
 WORKEN - ACIMEX;Giberville, Calvados, Normandie, France, Caen, Europe;20;Technology, Information and Internet;1985;;Self-Employed;worken.fr;
 BNP PARISBAS ASSET MANAGEMENT HOLDING PAR ABREVIATION BNPP AM HOLDING;Paris, Paris, Île-De-France, France, Europe;65;Financial Services;;;;bnpparibas-am.com;
 SOTRAPLAST;Cheillé, Indre-et-Loire, Centre-Val de Loire, France, Chinon, Europe;21;Financial Services;;;;site-solocal.com;
 Mediactive Group;Paris, Paris, Île-De-France, France, Europe;73;IT Services and IT Consulting;1995;"Internet Hosting & Telecoms
+9";Privately Held;groupe-mediactive.fr;
 La Nef, pour la banque éthique;Vaulx En Velin Cedex, Auvergne-Rhône-Alpes, France;134;Financial Services;1988;;Privately Held;lanef.com;
 NEURONES-IT;Hauts-de-Seine, Île-De-France, France, Nanterre, Europe;405;IT Services and IT Consulting;1999;"Services InformatiquesCloud
+13";Privately Held;neurones-it.com;
 Bsecure;Paris, Paris, Île-De-France, France, Europe;32;IT Services and IT Consulting;2009;"Offensive security
+5";Privately Held;bsecure.fr;
 SMCP Group;Paris, Paris, Île-De-France, France, Europe;21;Financial Services;;;;smcp.com;
 PB CONSULT;Yzeure, Allier, Auvergne-Rhône-Alpes, France, Moulins, Europe;33;Financial Services;;;;pb-consult.fr;
 JEHANN;Nantes, Loire-Atlantique, Pays de la Loire, France, Nantes, Europe;29;Software Development;;;;jehann.fr;
 Knowllence;Paris, Paris, Île-De-France, France, Europe;35;Software Development;2001;"fmeaAMDEC
+25";Privately Held;knowllence.com;
 Digital Product Simulation;La Celle-Saint-Cloud, Yvelines, Île-De-France, France, Saint-Germain-en-Laye, Europe;146;IT Services and IT Consulting;1997;"PLMSimulation Numérique
+14";Privately Held;digitalproduct.io;
 Amesys Conseil;Aix-en-Provence, Bouches-du-Rhône, Provence-Alpes-Côte D'Azur, France, Aix-en-Provence, Europe;121;IT Services and IT Consulting;1979;;Public Company;doctrine.fr;
 4D;Le Pecq, Yvelines, Île-De-France, France, Saint-Germain-en-Laye, Europe;408;Software Development;1984;"Software
+20";Privately Held;4d.com;
 ActivIdentity Europe S.A;Suresnes, Hauts-de-Seine, Île-De-France, France, Nanterre, Europe;24;Software Development;;;;societeinfo.com;
 Koperasi UIAM Berhad (coopiium);Saint-Baudelle, Mayenne, Pays de la Loire, France, Mayenne, Europe;98;Financial Services;1985;"financial credittrading
+1";Public Company;coopiium.com;
 EPI;Paris, Paris, Île-De-France, France, Europe;31;IT Services and IT Consulting;;;Self-Owned;pantheonsorbonne.fr;
 ZEN GROUP;Saint-Bauzille-de-Montmel, Hérault, Occitanie, France, Montpellier, Europe;24;Financial Services;;;;houzz.fr;
 Microfinance Delta International Company Limited.;Maubeuge, Nord, Hauts-de-France, France, Avesnes-sur-Helpe, Europe;65;Financial Services;2013;;Privately Held;mifida-myanmar.com;
 Groupe Prog'Info;Gémenos, Bouches-du-Rhône, Provence-Alpes-Côte D'Azur, France, 1er Arr., Europe;44;IT Services and IT Consulting;1995;erp;Self-Owned;groupe-proginfo.com;
 Pixel IQ - CRM CEE;Boulogne-Billancourt, Hauts-de-Seine, Île-De-France, France, Boulogne-Billancourt, Europe;34;Software Development;2020;"EnergieCEE
+6";Privately Held;pixeliq.com;
 manifatture;Paris, Paris, Île-De-France, France, Europe;34;Software Development;2021;;Privately Held;hugedomains.com;
 Talent Business Solutions;Eckbolsheim, Bas-Rhin, Grand Est, France, Strasbourg, Europe;122;Software Development;2012;"logiciels de gestionBI
+11";Privately Held;talent-bs.com;
 Tilbury;Paris, Paris, Île-De-France, France, Europe;23;IT Services and IT Consulting;1998;"CRMSFA
+10";Privately Held;tilbury.com;
 Eglise et Innovation Numérique;Montmartre, Paris, Île-De-France, France, Europe;43;IT Services and IT Consulting;2016;"Gestion de projet
+3";Nonprofit;helloasso.com;
 SB Consulting;Paris, Paris, Île-De-France, France, Europe;34;Software Development;2001;;Privately Held;sbconsulting.fr;
 STARTX;Neuilly-sur-Seine, Hauts-de-Seine, Île-De-France, France, Nanterre, Europe;23;IT Services and IT Consulting;2003;"Red Hat
+9";Privately Held;startx.fr;
 Amco India Ltd;Saussemesnil, Manche, Normandie, France, Cherbourg-Octeville, Europe;24;Software Development;;;;amcoindialimited.com;
 ENTREPRISE PRIVEE DE CONSTRUCTION DE BATIMENT;Venelles, Bouches-du-Rhône, Provence-Alpes-Côte D'Azur, France, Aix-en-Provence, Europe;690;Financial Services;;;;bilik.fr;
 Ouvrages;Clermont-Ferrand, Puy-de-Dôme, Auvergne-Rhône-Alpes, France, Clermont-Ferrand, Europe;22;Software Development;2000;"rubyruby on rails
+6";Privately Held;ouvrages.io;
 Garden;Paris, Paris, Île-De-France, France, Europe;453;IT Services and IT Consulting;2002;"Web development
+3";Privately Held;garden.com;
 TRANSEX;Paris, Paris, Île-De-France, France, Europe;122;Financial Services;2017;Deals in Finance,Logistics,Steel etc. Its MNC with manpower of 2000+ Employees;Public Company;transex.com;
 Main Securite;Marseille, Bouches-du-Rhône, Provence-Alpes-Côte D'Azur, France, 1er Arr., Europe;160;Software Development;;;;ges-securite-privee.org;
 IBSI;Nanterre, Hauts-de-Seine, Île-De-France, France, Nanterre, Europe;53;IT Services and IT Consulting;2003;"Assistance opérationnelle
+4";Privately Held;ibsi.fr;
 DIEMS;Viroflay, Yvelines, Île-De-France, France, Versailles, Europe;27;Financial Services;;;;ville-viroflay.fr;
 LIBRE COMMERCE;Montpellier, Hérault, Occitanie, France, Montpellier, Europe;119;Software Development;;;;hugedomains.com;
 INVALIDES;Paris, Paris, Île-De-France, France, Europe;20;Financial Services;;;;invalides.fr;
 SS2I;Montpellier, Hérault, Occitanie, France, Montpellier, Europe;44;Software Development;;;;ss2i.com;
 Bluedrop;Marseille, Bouches-du-Rhône, Provence-Alpes-Côte D'Azur, France, 1er Arr., Europe;41;Technology, Information and Internet;1998;"Open source
+18";Privately Held;bluedrop.fr;
 INFODESCA;Lyon, Rhône, Auvergne-Rhône-Alpes, France, Lyon, Europe;24;Software Development;;;;descours-cabaud.com;
 RockFi;Paris, Paris, Île-De-France, France, Europe;68;Financial Services;2023;;Privately Held;rockfi.fr;
 ATHLON CAR LEASE;Le Bourget, Seine-Saint-Denis, Île-De-France, France, Bobigny, Europe;39;Financial Services;;;;athlon.com;
 5SUR5;Aviernoz, Haute-Savoie, Auvergne-Rhône-Alpes, France, Annecy, Europe;34;Software Development;;;;5sur5.com;
 Surfe;Paris, Paris, Île-De-France, France, Europe;75;Software Development;2020;"CRMLinkedIn
+9";Privately Held;surfe.fr;
 MUETTE;Paris, Paris, Île-De-France, France, Europe;33;Financial Services;;;;muette.fr;
 ETLB;Paris, Paris, Île-De-France, France, Europe;22;Financial Services;;;Privately Held;etlb.fr;
 Junior ISEP;Paris, Paris, Île-De-France, France, Europe;61;IT Services and IT Consulting;1984;"Web & Software conception
+6";Nonprofit;juniorisep.com;
 Trustteam France;Maxéville, Meurthe-et-Moselle, Grand Est, France, Nancy, Europe;92;IT Services and IT Consulting;1981;"Informatique
+11";Privately Held;trustteam.eu;
 Waiker, Inc.;Remiremont, Vosges, Grand Est, France, Épinal, Europe;27;IT Services and IT Consulting;2020;"Market Research
+21";Privately Held;waiker.ai;
 Bilog;Versailles, Yvelines, Île-De-France, France, Versailles, Europe;52;IT Services and IT Consulting;2004;"Développement logiciel
+5";Privately Held;bilog.fr;
 E-Mothep;Villeneuve-d'Ascq, Nord, Hauts-de-France, France, Lille, Europe;30;IT Services and IT Consulting;2004;"Intégration webMethods
+4";Privately Held;e-mothep.fr;
 repply;La Rochelle, Charente-Maritime, Nouvelle-Aquitaine, France, La Rochelle, Europe;41;Technology, Information and Internet;2008;"création de site internet
+5";Privately Held;repply.fr;
 LEO;Mont-Saint-Aignan, Seine-Maritime, Normandie, France, Rouen, Europe;127;Software Development;1921;Gestion d'officine and Solution informatique;Privately Held;leo-officine.fr;
 IZENCIA;Ivry-sur-Seine, Val-de-Marne, Île-De-France, France, Créteil, Europe;62;IT Services and IT Consulting;2011;"Assistance Technique
+5";Partnership;izencia.com;
 Synexie;La Ciotat, Bouches-du-Rhône, Provence-Alpes-Côte D'Azur, France, 1er Arr., Europe;33;IT Services and IT Consulting;2003;"Systèmes et réseaux sécurisés
+7";Self-Owned;synexie.fr;
 ASITIX;Wasquehal, Nord, Hauts-de-France, France, Lille, Europe;27;IT Services and IT Consulting;2011;"Informatique
+7";Privately Held;asitix.fr;
 GIE Cartes Bancaires;Paris, Paris, Île-De-France, France, Europe;138;Financial Services;1984;;Nonprofit;cartes-bancaires.com;
 SATRAM;Martinique, France, Europe;326;Software Development;;;;satram.net;
 Aonix;Issy-les-Moulineaux, Hauts-de-Seine, Île-De-France, France, Boulogne-Billancourt, Europe;25;Software Development;2010;"Real-Time Java
+3";Privately Held;aonix.fr;
 FITNESS HOLDING;Cannes, Alpes-Maritimes, Provence-Alpes-Côte D'Azur, France, Grasse, Europe;30;Financial Services;;;;fitness.fr;
 Travaux.com;Aix-en-Provence, Bouches-du-Rhône, Provence-Alpes-Côte D'Azur, France, Aix-en-Provence, Europe;75;Technology, Information and Internet;2006;"webinternet
+16";Privately Held;travaux.com;
 1Spatial FR;Paris, Paris, Île-De-France, France, Europe;65;Software Development;1983;"Big Data
+19";Privately Held;1spatial.com;
 StorTIC;Paris, Paris, Île-De-France, France, Europe;21;IT Services and IT Consulting;2015;"CRMBusiness Intelligence
+8";Privately Held;stortic.com;
 UNILYONE BUSINESS GAME EN ABREGE UNILYONE;Écully, Rhône, Auvergne-Rhône-Alpes, France, Lyon, Europe;23;IT Services and IT Consulting;;;;unilyone.com;
 IIJ Global Solutions (Thailand) Co., Ltd.;Maubeuge, Nord, Hauts-de-France, France, Avesnes-sur-Helpe, Europe;71;IT Services and IT Consulting;2012;;Privately Held;iij.com;
 ID-concept;Lésigny, Seine-et-Marne, Île-De-France, France, Melun, Europe;23;IT Services and IT Consulting;1980;;Privately Held;id-concept.com;
 Les Musiciens;France, Europe;49;Technology, Information and Internet;;;;musiciens.fr;
 FITEX Consulting;France, Europe;26;IT Services and IT Consulting;2000;"Market Data
+2";Privately Held;fitex.com;
 AGESYS - Libérez votre numérique;Noyon, Oise, Hauts-de-France, France, Compiègne, Europe;71;IT Services and IT Consulting;1998;"Infogérance serveurs
+10";Partnership;agesys.fr;
 TEFAL S.A.S.;Écully, Rhône, Auvergne-Rhône-Alpes, France, Lyon, Europe;323;Software Development;;;;tefals.com;
 CEMI;Montreuil, Seine-Saint-Denis, Île-De-France, France, Bobigny, Europe;23;IT Services and IT Consulting;1982;;Privately Held;cemi-colocation.fr;
 FACTORIELLES;Lyon, Rhône, Auvergne-Rhône-Alpes, France, Lyon, Europe;29;Software Development;1992;"Suites Logiciels
+5";Self-Owned;factorielles.com;
 Venta De Autopartes Y Accesorios;La Valette-du-Var, Var, Provence-Alpes-Côte D'Azur, France, Toulon, Europe;24;Financial Services;;;;ventaautopartes.com;
 INGECAP;Metz, Moselle, Grand Est, France, Europe;39;IT Services and IT Consulting;2006;"Infogérance informatique
+9";Partnership;ingecap.fr;
 AmHappy - Avantages Salariés;Bayeux, Normandie, France;41;Software Development;2021;"CE EXTERNALISE
+2";Privately Held;amhappy.fr;
 ViaDialog;Paris, Paris, Île-De-France, France, Europe;54;Software Development;2012;"IA service client
+6";Privately Held;viadialog.com;
 HUMC;Paris, Paris, Île-De-France, France, Europe;28;Financial Services;;;;aphp.fr;
 GFPtech;Paris, Paris, Île-De-France, France, Europe;138;Software Development;2020;;Privately Held;gfptech.fr;
 Orel Services;Bully, Seine-Maritime, Normandie, France, Dieppe, Europe;51;IT Services and IT Consulting;2010;;Partnership;orelservices.com;
 GROUPE VITALLIANCE;Boulogne-Billancourt, Hauts-de-Seine, Île-De-France, France, Boulogne-Billancourt, Europe;23;Financial Services;;;;vitalliance.fr;
 BTIB;Antony, Hauts-de-Seine, Île-De-France, France, Antony, Europe;21;IT Services and IT Consulting;1991;"Smart Service
+16";Partnership;btib.fr;
 TRIBOFILM - GMAO MAINTI4;Périgny, Charente-Maritime, Nouvelle-Aquitaine, France, La Rochelle, Europe;31;Software Development;1993;"GMAO
+14";Partnership;tribofilm.fr;
 Imaweb;Lyon, Rhône, Auvergne-Rhône-Alpes, France, Lyon, Europe;93;Software Development;;"Automotive Business Solutions
+17";Privately Held;nextlane.com;
 SINARI (ex-GPI );Craponne, Rhône, Auvergne-Rhône-Alpes, France, Lyon, Europe;22;Software Development;1985;"Transport
+13";Partnership;sinari.com;
 Euphor;Paris, Paris, Île-De-France, France, Europe;20;Software Development;2009;;Privately Held;euphor.com;
 TELINO;Verrières-le-Buisson, Essonne, Île-De-France, France, Palaiseau, Europe;21;Software Development;1986;"Gestion des flux de données
+4";Privately Held;telino.fr;
 Valsea Technology;Le Saulcy, Vosges, Grand Est, France, Saint-Dié-des-Vosges, Europe;64;IT Services and IT Consulting;2018;;Privately Held;valsea.com;
 SDCI;Saint-Doulchard, Cher, Centre-Val de Loire, France, Bourges, Europe;38;Financial Services;;;;sdci.fr;
 NOOR COLLECTION;Marseille, Bouches-du-Rhône, Provence-Alpes-Côte D'Azur, France, 1er Arr., Europe;20;Software Development;;;;hugedomains.com;
 FINACEL;Vincennes, Val-de-Marne, Île-De-France, France, Nogent-sur-Marne, Europe;21;Financial Services;;;;mappy.com;
 CHAPE;Vals-les-Bains, Ardèche, Auvergne-Rhône-Alpes, France, Largentière, Europe;25;Financial Services;;;;chape.co;
 Synaltic;Vincennes, Val-de-Marne, Île-De-France, France, Nogent-sur-Marne, Europe;24;IT Services and IT Consulting;2004;"ExpertiseProjet
+16";Privately Held;synaltic.fr;
 Néovia SARL;Anglet, Nouvelle-Aquitaine, France;22;Software Development;2003;;Public Company;neovia.fr;
 PulseLife;Lyon, Rhône, Auvergne-Rhône-Alpes, France, Lyon, Europe;46;IT Services and IT Consulting;2013;"E-santéLogiciel
+2";Partnership;pulselife.com;
 ProCapital;Hauts-de-Seine, Île-De-France, France, Nanterre, Europe;295;Financial Services;2000;"Front-to-back outsourcing services
+5";Privately Held;procapital.fr;
 B2DIGIT;Neuilly-sur-Seine, Hauts-de-Seine, Île-De-France, France, Nanterre, Europe;43;IT Services and IT Consulting;2016;"AgileData
+1";Partnership;b2digit.com;
 A5sys;St.-Herblain, Loire-Atlantique, Pays de la Loire, France, Nantes, Europe;92;IT Services and IT Consulting;2001;"Business Intelligence
+11";Partnership;a5sys.com;
 ILIAS;Évry, Essonne, Île-De-France, France, Évry, Europe;22;IT Services and IT Consulting;;"Sécuritée unifiée
+4";Privately Held;ilias.fr;
 RANE;Lyon, Rhône, Auvergne-Rhône-Alpes, France, Lyon, Europe;90;IT Services and IT Consulting;1993;"Gestion des immobilisations
+5";Partnership;rane.fr;
 Isitix;France, Europe;72;IT Services and IT Consulting;2002;"Infrastructures informatiques
+14";Privately Held;isitix.com;
 HM METAL;La Réunion, France, Europe;22;Software Development;;;;hmmetal.com;
 Insights DBM;Nantes, Loire-Atlantique, Pays de la Loire, France, Nantes, Europe;37;Software Development;1996;"LogicielsData
+5";Privately Held;dbm-vi.fr;
 SANTAFOO;Jurançon, Pyrénées-Atlantiques, Nouvelle-Aquitaine, France, Pau, Europe;24;Technology, Information and Internet;2021;;Privately Held;santafoo.fr;
 iSYBUY;France, Europe;41;Software Development;2016;"SI achat
+14";Privately Held;isybuy.com;
 Lisan Finance;Paris, Paris, Île-De-France, France, Europe;22;Financial Services;2001;"CFOPart-time CFO
+13";Privately Held;lisanfinance.com;
 DENIS ISLAND;Montferrier-sur-Lez, Hérault, Occitanie, France, Montpellier, Europe;49;Financial Services;;;;denisisland.com;
 ENTREPRISE DE MENUISERIE BOIS ET ALUMINIUM;Groslay, Val-d'Oise, Île-De-France, France, Sarcelles, Europe;28;Financial Services;;;;entreprisemenuiserie.com;
 Stilog I.S.T.;Nanterre, Hauts-de-Seine, Île-De-France, France, Nanterre, Europe;100;IT Services and IT Consulting;1991;"ESNIngénierie informatique
+5";Privately Held;stilog.com;
 Synovo Group;Strasbourg, Bas-Rhin, Grand Est, France, Strasbourg, Europe;86;Software Development;2013;Développement logiciel and Optimisation logistique;Partnership;synovo-group.com;
 Allshare;Guyancourt, Yvelines, Île-De-France, France, Versailles, Europe;39;Software Development;1992;"Rémunérations
+5";Self-Owned;allshare.fr;
 Private Outlet;Saint-Denis, Seine-Saint-Denis, Île-De-France, France, Saint-Denis, Europe;275;Technology, Information and Internet;2007;"e-commercefashion
+5";Public Company;domainseller.site;
 Banque Dupuy, de Parseval;Sète, Hérault, Occitanie, France, Montpellier, Europe;158;Financial Services;1845;;Privately Held;banquepopulaire.fr;
 enotion;Toulouse, Haute-Garonne, Occitanie, France, Toulouse, Europe;27;Software Development;2022;"Data Analysis
+5";Privately Held;atom.com;
 PHONE PAY & CO;France, Europe;179;Software Development;;;;phonepe.com;
 Upper-Link (Inherent Group);Lognes, Seine-et-Marne, Île-De-France, France, Torcy, Europe;90;IT Services and IT Consulting;2007;"Microsoft Gold Partner
+25";Privately Held;atom.com;
 Inforte;Paris, Paris, Île-De-France, France, Europe;54;IT Services and IT Consulting;1992;"Business Consulting
+5";Public Company;inforte.com;
 NeoXam;Paris, Paris, Île-De-France, France, Europe;651;Software Development;2014;"Financial Software
+18";Privately Held;neoxam.com;
 WYSIWYG;Cergy, Val-d'Oise, Île-De-France, France, Pontoise, Europe;26;IT Services and IT Consulting;1999;"Cloud Computing
+19";Privately Held;wysiwyg.fr;
 Aquarelle;Levallois-Perret, Hauts-de-Seine, Île-De-France, France, Nanterre, Europe;338;Technology, Information and Internet;1997;"Livraison de fleurs
+8";Self-Owned;aquarelle.com;
 NANTES METROPOLE GESTION EQUIPEMENTS;Rezé, Loire-Atlantique, Pays de la Loire, France, Nantes, Europe;21;Technology, Information and Internet;;;;nge-nantes.fr;
 INSTITUT FIMAC;Toulouse, Haute-Garonne, Occitanie, France, Toulouse, Europe;23;Software Development;1994;"CEGIDEBP
+18";Privately Held;groupe-fimac.fr;
 Collomé Frères;Antony, Hauts-de-Seine, Île-De-France, France, Antony, Europe;27;Financial Services;1904;"Expertises industrielles et commerciales
+3";Partnership;mappy.com;
 BDMAT;Brive-la-Gaillarde, Corrèze, Nouvelle-Aquitaine, France, Brive-la-Gaillarde, Europe;30;Financial Services;;;;bdmat.com;
 LHA - Agence digitale à Vannes & Quimper;Vannes, Morbihan, Bretagne, France, Vannes, Europe;23;Software Development;2012;"Création de site webSEO
+10";Privately Held;lha.fr;
 SARL LUXSOR;Drancy, Seine-Saint-Denis, Île-De-France, France, Bobigny, Europe;24;Software Development;;;;luxsor.com;
 Monetech;Gémenos, Provence-Alpes-Côte D'azur, France;26;IT Services and IT Consulting;2007;"NFCRGPD
+18";Partnership;monetech.fr;
 AGM Informatique;Nantes, Loire-Atlantique, Pays de la Loire, France, Nantes, Europe;37;Software Development;1997;;Self-Owned;agm-informatique.com;
 ASAPE - Digital solutions;Bordeaux, Gironde, Nouvelle-Aquitaine, France, Bordeaux, Europe;28;Software Development;2003;"Gestion d'affaires
+9";Partnership;asape.fr;
 Finance Active, an Altus Group business;Paris, Paris, Île-De-France, France, Europe;420;Financial Services;2000;"Financial Risk Management Services
+4";Privately Held;financeactive.com;
 The Nona;Paris, Paris, Île-De-France, France, Europe;41;IT Services and IT Consulting;2022;design and ameublement;Self-Owned;hugedomains.com;
 ORANO MINING;Courbevoie, Hauts-de-Seine, Île-De-France, France, Nanterre, Europe;41;Software Development;;;;orano.group;
 Alkante;Noyal-sur-Vilaine, Ille-et-Vilaine, Bretagne, France, Rennes, Europe;50;IT Services and IT Consulting;2003;"Logiciel
+14";Self-Owned;alkante.com;
 KEENDOO;Nantes, Loire-Atlantique, Pays de la Loire, France, Nantes, Europe;24;Software Development;2014;"Agroalimentaire
+16";Partnership;keendoo.com;
 COMITÉO by Bimpli;Boulogne-Billancourt, Hauts-de-Seine, Île-De-France, France, Boulogne-Billancourt, Europe;38;Technology, Information and Internet;2008;"Nouvelles technologies
+3";Partnership;bimpli.com;
 Tudigo;Bordeaux, Gironde, Nouvelle-Aquitaine, France, Bordeaux, Europe;68;Financial Services;2018;"Investissement
+5";Partnership;tudigo.com;
 BS IMPOT EXPORT;St.-Ouen, Seine-Saint-Denis, Île-De-France, France, Saint-Denis, Europe;33;Software Development;;;;mappy.com;
 ffffffff;Bordeaux, Gironde, Nouvelle-Aquitaine, France, Bordeaux, Europe;66;Financial Services;2018;;Partnership;ffffffff.net;
 Prelude;Paris, Paris, Île-De-France, France, Europe;62;Software Development;;"AuthenticationSaaS
+3";Privately Held;studio-romeo.com;
 PREDICT;Vandœuvre-lès-Nancy, Meurthe-et-Moselle, Grand Est, France, Nancy, Europe;25;IT Services and IT Consulting;1999;"maintenance prédictive
+2";Privately Held;predict.fr;
 SOCIETE SIGMA INFORMATIQUE;Redon, Ille-et-Vilaine, Bretagne, France, Redon, Europe;33;Software Development;;;;sigmainformatique.com;
 Kameleoon;Paris, Paris, Île-De-France, France, Europe;236;Software Development;2012;"A/B Testing
+13";Privately Held;kameleoon.com;
 Shinken Solutions;Artigues-près-Bordeaux, Gironde, Nouvelle-Aquitaine, France, Bordeaux, Europe;21;Software Development;2013;"IT Monitoring
+3";Partnership;shinken-solutions.com;
 Idéine;Roubaix, Nord, Hauts-de-France, France, Lille, Europe;23;Software Development;2013;"Création et Développement Applications MobilesiOS
+16";Privately Held;ideine.fr;
 Mazedia;St.-Herblain, Loire-Atlantique, Pays de la Loire, France, Nantes, Europe;26;Technology, Information and Internet;1994;"InternetMobile
+15";Partnership;mazedia.fr;
 Fivr;Paris, Paris, Île-De-France, France, Europe;68;Technology, Information and Internet;2017;;Privately Held;fivr.com;
 ALLSAN;La Voulte-sur-Rhône, Ardèche, Auvergne-Rhône-Alpes, France, Privas, Europe;22;Software Development;2013;"Affichage numérique
+7";Privately Held;allsan.fr;
 ASREC;Tours, Indre-et-Loire, Centre-Val de Loire, France, Tours, Europe;59;IT Services and IT Consulting;1985;;Nonprofit;asrec-cvl.org;
 Acer Finance;Paris, Paris, Île-De-France, France, Europe;34;Financial Services;1990;"Immobilier
+4";Privately Held;acerfinance.com;
 Wamiz;Paris, Paris, Île-De-France, France, Europe;62;Technology, Information and Internet;2009;"petfoodinternet
+2";Public Company;wamiz.com;
 Apside Technologies;Boulogne-Billancourt, Hauts-de-Seine, Île-De-France, France, Boulogne-Billancourt, Europe;72;Software Development;1976;"time and material offer
+6";Privately Held;cgi.com;
 Orisha Socialcare | Teranga;Paris, Paris, Île-De-France, France, Europe;220;Software Development;;;Privately Held;orisha.com;
 WorkIT Software;Boulogne-Billancourt, Hauts-de-Seine, Île-De-France, France, Boulogne-Billancourt, Europe;22;Technology, Information and Internet;;"Market Intelligence
+6";Privately Held;workitonline.nl;
 Intellimind;Paris, Paris, Île-De-France, France, Europe;68;Software Development;1996;"Credit scoring
+9";Privately Held;intellimind.com;
 MON GERANT PRIVE;St.-Ouen, Seine-Saint-Denis, Île-De-France, France, Saint-Denis, Europe;29;Software Development;;;;randstadprofessional.fr;
 M soltuions;Éguilles, Bouches-du-Rhône, Provence-Alpes-Côte D'Azur, France, Aix-en-Provence, Europe;30;IT Services and IT Consulting;;;Self-Owned;appelmedical.com;
 TraceParts;Truchtersheim, Bas-Rhin, Grand Est, France, Strasbourg, Europe;86;Software Development;2001;"3D Marketing
+3";Self-Owned;traceparts.com;
 PHONE DESIGN;Troyes, Aube, Grand Est, France, Troyes, Europe;24;IT Services and IT Consulting;2003;;Privately Held;phone-design.com;
 AssessFirst;Paris, Paris, Île-De-France, France, Europe;120;Software Development;2002;"Big Data
+17";Privately Held;assessfirst.com;
 ERA INFORMATIQUE;France, Europe;57;IT Services and IT Consulting;1991;"JDedwardsOBI
+6";Privately Held;era-informatique.fr;
 NO PRIVATE;Paris, Paris, Île-De-France, France, Europe;20;Financial Services;;;;noprivate.com;
 DECADE;Paris, Paris, Île-De-France, France, Europe;291;IT Services and IT Consulting;1988;;Privately Held;decade.fr;
 Peugeot Invest;Neuilly-sur-Seine, Hauts-de-Seine, Île-De-France, France, Nanterre, Europe;44;Financial Services;1929;"Capital investissement
+5";Public Company;peugeot-invest.com;
 CEIPA;Saint-Denis-de-l'Hôtel, Loiret, Centre-Val de Loire, France, Orléans, Europe;36;Software Development;;;;ceipa.eu;
 ON-X Groupe;Puteaux, Hauts-de-Seine, Île-De-France, France, Nanterre, Europe;170;IT Services and IT Consulting;1986;"Innovation Technologique
+12";Self-Owned;on-x.com;
 LEASECOM;Paris, Paris, Île-De-France, France, Europe;284;Financial Services;1984;;Privately Held;leasecom.fr;
 Alenty;Paris, Paris, Île-De-France, France, Europe;20;Technology, Information and Internet;2007;"Advertising visibility
+2";Privately Held;mappy.com;
 SOCOPAO;Puteaux, Hauts-de-Seine, Île-De-France, France, Nanterre, Europe;26;Financial Services;;;;socopao.com;
 CCH Tagetik France;Paris, Paris, Île-De-France, France, Europe;41;Software Development;;"Budget
+18";Privately Held;wolterskluwer.com;
 Geek Tonic;Biarritz, Pyrénées-Atlantiques, Nouvelle-Aquitaine, France, Bayonne, Europe;32;Technology, Information and Internet;2021;"Création site web
+6";Privately Held;geektonic.fr;
 Otaf;Paris, Paris, Île-De-France, France, Europe;25;Technology, Information and Internet;;;;otaf.fr;
 Smart Center;Saint-Pierre-des-Corps, Indre-et-Loire, Centre-Val de Loire, France, Tours, Europe;24;IT Services and IT Consulting;;coworking and espace de travail;Self-Employed;smartcenter.com;
 FAUCONNET INGENIERIE SAS - FISA;Villemaur-sur-Vanne, Aube, Grand Est, France, Troyes, Europe;24;Software Development;1985;"LOGICIELS CALCULS REGLEMENTAIRES
+5";Privately Held;fisa.fr;
 WIKING;Paris, Paris, Île-De-France, France, Europe;23;Financial Services;;;;hwam.com;
 Domofinance;Levallois-Perret, Hauts-de-Seine, Île-De-France, France, Nanterre, Europe;91;Financial Services;2003;"financement de la rénovation de l'habitat
+3";Privately Held;domofinance.com;
 SYDEV;Échirolles, Isère, Auvergne-Rhône-Alpes, France, Grenoble, Europe;88;Software Development;1998;"ERPDevis
+23";Privately Held;sydev.com;
 Lusis Payments;Paris, Paris, Île-De-France, France, Europe;27;Financial Services;;"Software and Services
+2";Privately Held;lusispayments.com;
 2PM;Septèmes-les-Vallons, Bouches-du-Rhône, Provence-Alpes-Côte D'Azur, France, Aix-en-Provence, Europe;29;Financial Services;;;;ampmetropole.fr;
 SAN BLAS;Saint-Jean-de-Luz, Pyrénées-Atlantiques, Nouvelle-Aquitaine, France, Bayonne, Europe;58;Financial Services;;;;sanblas.fr;
 Jouve;Paris, Paris, Île-De-France, France, Europe;488;IT Services and IT Consulting;1903;"Business Process Outsourcing
+20";Privately Held;luminess.eu;
 Agence Karismatik;Paris, Paris, Île-De-France, France, Europe;33;Technology, Information and Internet;2008;"Website Development
+16";Privately Held;agencekarismatik.com;
 ECOMER;Saint-Coulomb, Ille-et-Vilaine, Bretagne, France, Saint-Malo, Europe;26;Financial Services;;;;ecomer.net;
 LSF NETWORK INC.;Paris, Paris, Île-De-France, France, Europe;20;Software Development;;;;lsfnetwork.com;
 MLMConseil;Noisiel, Seine-et-Marne, Île-De-France, France, Torcy, Europe;44;IT Services and IT Consulting;2011;"Business Intelligence
+9";Privately Held;mlmconseil.com;
 Finzzle groupe;Toulouse, Haute-Garonne, Occitanie, France, Toulouse, Europe;256;Financial Services;1992;"Holding
+7";Privately Held;finzzle-groupe.com;
 Vega;Paris, Paris, Île-De-France, France, Europe;165;Software Development;;;Privately Held;vega.com;
 RZF;Fréjus, Var, Provence-Alpes-Côte D'Azur, France, Draguignan, Europe;24;Financial Services;;;;journal-economique.fr;
 ECLERC;Riorges, Loire, Auvergne-Rhône-Alpes, France, Roanne, Europe;49;Financial Services;;;;eclerc.com;
 PROXIAD AXE SEINE;Rouen, Seine-Maritime, Normandie, France, Rouen, Europe;34;Software Development;;;;proxiad.com;
 Antidot;Lyon, Rhône, Auvergne-Rhône-Alpes, France, Lyon, Europe;39;IT Services and IT Consulting;1999;"Search and information acces technology
+18";Privately Held;antidot.io;
 SORGEM Evaluation;Paris, Paris, Île-De-France, France, Europe;31;Financial Services;;"Intangible assets valuation (brands
+11";Privately Held;sorgemeval.com;
 OPERANTIS;St.-Jean, Haute-Garonne, Occitanie, France, Toulouse, Europe;23;IT Services and IT Consulting;2003;"Conseil et accompagnement
+8";Privately Held;operantisgroup.com;
 Angry Cactus;Saint-Martin-de-Crau, Bouches-du-Rhône, Provence-Alpes-Côte D'Azur, France, Arles, Europe;20;IT Services and IT Consulting;2012;;Privately Held;saintmartindecrau.fr;
 Systematic Paris-Region;Palaiseau, Essonne, Île-De-France, France, Palaiseau, Europe;55;IT Services and IT Consulting;2005;Pôle de Compétitivité;Nonprofit;systematic-paris-region.fr;
 IEEE ESPRIT Student Branch;Montereau-Fault-Yonne, Seine-et-Marne, Île-De-France, France, Provins, Europe;25;IT Services and IT Consulting;2017;;Educational;ieee.tn;
 Conseil général de l'Ain (page officielle du Département de l'Ain);Bourg-en-Bresse, Ain, Auvergne-Rhône-Alpes, France, Bourg-en-Bresse, Europe;20;Software Development;;;;ain.fr;
 OL & DI Consulting;Paris, Paris, Île-De-France, France, Europe;21;Financial Services;;Financement de l'Innovation and R&D / Innovation : Financement de projets et Mesures d’aide;Partnership;oldiconsulting.fr;
 AAMSET;Paris, Paris, Île-De-France, France, Europe;20;IT Services and IT Consulting;2002;"macOSRéseau
+4";Privately Held;aamset.com;
 Sofidy;Courcouronnes, Essonne, Île-De-France, France, Évry, Europe;215;Financial Services;1987;;Public Company;sofidy.com;
 SoftNext;Paris, Paris, Île-De-France, France, Europe;34;Software Development;;"software
+2";Privately Held;softnext.fr;
 Groupe KEY CONSULTING;Suresnes, Hauts-de-Seine, Île-De-France, France, Nanterre, Europe;146;IT Services and IT Consulting;2000;"Transformation digitaleAgile
+10";Privately Held;keyconsulting.com;
 HIKVISION France;Noisy-le-Grand, Seine-Saint-Denis, Île-De-France, France, Le Raincy, Europe;86;IT Services and IT Consulting;;"IP cameras
+19";Privately Held;hikvision.com;
 ECENTIME;Puteaux, Hauts-de-Seine, Île-De-France, France, Nanterre, Europe;30;Technology, Information and Internet;2017;"UGCConsumers
+5";Privately Held;ecentime.com;
 ANAYA;Paris, Paris, Île-De-France, France, Europe;122;IT Services and IT Consulting;2005;"ConseilSSII
+8";Self-Owned;anaya.fr;
 E-Concept;Alençon, Orne, Normandie, France, Alençon, Europe;25;IT Services and IT Consulting;2008;"Administration réseaux
+6";Privately Held;econcept.fr;
 6TM;Rennes, Ille-et-Vilaine, Bretagne, France, Rennes, Europe;91;IT Services and IT Consulting;1998;"Construction d'applications stratégiques
+12";Privately Held;6tm.com;
 PIB Solutions;Marseille, Bouches-du-Rhône, Provence-Alpes-Côte D'Azur, France, 1er Arr., Europe;35;IT Services and IT Consulting;2011;"Systèmes d'impression
+5";Privately Held;pibsolutions.com;
 MGS Informatique;Blois, Loir-et-Cher, Centre-Val de Loire, France, Blois, Europe;35;IT Services and IT Consulting;1987;"Création site - newsletter
+6";Partnership;mgsinformatique.fr;
 UNILIANS;Annemasse, Haute-Savoie, Auvergne-Rhône-Alpes, France, Saint-Julien-en-Genevois, Europe;35;Software Development;;;;biogroup.fr;
 K9 Group;Paris, Paris, Île-De-France, France, Europe;23;IT Services and IT Consulting;;SAP and SAP S/4HANA;Privately Held;groupe-ecomedia.com;
 WAX;Paris, Paris, Île-De-France, France, Europe;32;Software Development;2023;"marketing
+8";Self-Owned;timeout.fr;
 Numen;Paris, Paris, Île-De-France, France, Europe;220;IT Services and IT Consulting;1968;"Document Process Outsourcing
+20";Partnership;numen.fr;
 Abtel;Bouillargues, Occitanie, France;53;IT Services and IT Consulting;1994;"Informatique
+2";Privately Held;abtel.fr;
 BUSSIERE;Paris, Paris, Île-De-France, France, Europe;30;IT Services and IT Consulting;1924;"Au service de l’Art et de l’Image depuis 1924
+6";Partnership;bussiere.com;
 Topics;Saint-Malo, Ille-et-Vilaine, Bretagne, France, Saint-Malo, Europe;20;Software Development;1985;"ERPDéveloppements
+9";Privately Held;topics.fr;
 WORLDSHOP;Paris, Paris, Île-De-France, France, Europe;21;Software Development;;;;worldshop.com;
 SOMAUDEX Logistics;Le Havre, Seine-Maritime, Normandie, France, Le Havre, Europe;44;Financial Services;;;Privately Held;somaudex-logistics.com;
 CentraleSupélec Finance;Gif-sur-Yvette, Essonne, Île-De-France, France, Palaiseau, Europe;22;Financial Services;2020;"Finance d'entreprise
+4";Nonprofit;cerfapp.fr;
 Cegedim Outsourcing;Vélizy-Villacoublay, Yvelines, Île-De-France, France, Versailles, Europe;233;IT Services and IT Consulting;;"Intégration
+23";Privately Held;cegedim-outsourcing.fr;
 SJPD;Paris, Paris, Île-De-France, France, Europe;30;Financial Services;;;;justice.fr;
 doubleA;Paris, Paris, Île-De-France, France, Europe;31;Technology, Information and Internet;2007;"Webdesign
+3";Self-Employed;doublea.io;
 WAN;Villeneuve-d'Ascq, Nord, Hauts-de-France, France, Lille, Europe;40;Technology, Information and Internet;2018;"DigitalCreativité
+8";Privately Held;wearewan.fr;
 ASCAUDIT HOLDING;St.-Ouen, Seine-Saint-Denis, Île-De-France, France, Saint-Denis, Europe;40;Financial Services;;;;socotecsmartsolutions.fr;
 Femmes Business Angels;Paris, Paris, Île-De-France, France, Europe;86;Financial Services;2003;;Nonprofit;femmesbusinessangels.org;
 AZ;Us, Val-d'Oise, Île-De-France, France, Pontoise, Europe;53;IT Services and IT Consulting;;;Privately Held;az.gov;
 CABINET FRANCOIS;Longuenesse, Pas-de-Calais, Hauts-de-France, France, Saint-Omer, Europe;55;Financial Services;1946;;Privately Held;cabinet-francois.fr;
 Makina Corpus;Toulouse, Haute-Garonne, Occitanie, France, Toulouse, Europe;49;Software Development;;"WebmappingGIS
+21";Privately Held;makina-corpus.com;
 Euro Banking Association (EBA);Paris, Paris, Île-De-France, France, Europe;42;Financial Services;1985;"Payments in euro
+4";Privately Held;abe-eba.eu;
 Coopérative Informatique;Bois-Colombes, Hauts-de-Seine, Île-De-France, France, Nanterre, Europe;24;IT Services and IT Consulting;1985;;Self-Employed;bois-colombes.fr;
 softel;Bourg-Saint-Andéol, Ardèche, Auvergne-Rhône-Alpes, France, Privas, Europe;113;Software Development;2006;Provides software solutionsanalytics and consultancy for the telecommunication business.;Privately Held;softel.fr;
 Wanao - Intescia Group;Bidart, Pyrénées-Atlantiques, Nouvelle-Aquitaine, France, Bayonne, Europe;24;IT Services and IT Consulting;2001;"Gestion des appels d'offres
+7";Self-Owned;wanao.com;
 JE RECHERCHE;Sèvres, Hauts-de-Seine, Île-De-France, France, Boulogne-Billancourt, Europe;30;IT Services and IT Consulting;;;;loyolaparis.fr;
 普信资产管理有限公司;Mourmelon-le-Grand, Marne, Grand Est, France, Châlons-en-Champagne, Europe;113;Financial Services;2012;"私募证券
+9";Self-Owned;baidu.com;
 Genigraph Alumni;Malakoff, Hauts-de-Seine, Île-De-France, France, Antony, Europe;29;Software Development;1992;"Time & Materials; Fixed Price
+15";Privately Held;rocketreach.co;
 Featway;Courbevoie, Hauts-de-Seine, Île-De-France, France, Nanterre, Europe;30;IT Services and IT Consulting;;;Privately Held;featway.fr;
 Empruntis;Saint-Denis, Seine-Saint-Denis, Île-De-France, France, Saint-Denis, Europe;514;Financial Services;;;Privately Held;empruntis.com;
 Neotiq;Paris, Paris, Île-De-France, France, Europe;27;IT Services and IT Consulting;2006;"IT and telecom expertise
+34";Privately Held;neotiq.com;
 Soussan & Soussan;Paris, Paris, Île-De-France, France, Europe;20;Financial Services;2018;;Partnership;soussan-soussan.com;
 IT Svit;Alençon, Orne, Normandie, France, Alençon, Europe;30;IT Services and IT Consulting;2005;"DevOpsCI/CD
+7";Privately Held;itsvit.com;
 ARPÈGE SAS;Saint-Sébastien-sur-Loire, Loire-Atlantique, Pays de la Loire, France, Nantes, Europe;332;Software Development;1989;"Éditeur de solutions logiciels
+13";Partnership;arpege.fr;
 IMPI;Mont-de-Marsan, Landes, Nouvelle-Aquitaine, France, Mont-de-Marsan, Europe;99;IT Services and IT Consulting;;"cybersécuritécloud
+7";Privately Held;impi.fr;
 KBU Conseil - Systèmes d'Information du Secteur Public;Versailles, Yvelines, Île-De-France, France, Versailles, Europe;71;IT Services and IT Consulting;2016;"Conseil informatique secteur public
+10";Self-Employed;kbuconseil.fr;
 PAX Corporate Finance;Paris, Paris, Île-De-France, France, Europe;38;Financial Services;2003;"Investment Banking
+6";Privately Held;pax.fr;
 Altelios Technology Group;Boulogne-Billancourt, Hauts-de-Seine, Île-De-France, France, Boulogne-Billancourt, Europe;70;IT Services and IT Consulting;2005;"Consultance
+14";Privately Held;altelios.com;
 atReal;Aubagne, Bouches-du-Rhône, Provence-Alpes-Côte D'Azur, France, 1er Arr., Europe;22;Software Development;2003;;Privately Held;atreal.fr;
 Héliora Consulting;Pau, Pyrénées-Atlantiques, Nouvelle-Aquitaine, France, Pau, Europe;85;Technology, Information and Internet;2021;"rédaction web
+8";Self-Employed;helioraconsulting.com;
 Bureau de Poste;Billy-Montigny, Pas-de-Calais, Hauts-de-France, France, Lens, Europe;59;Financial Services;;;;laposte.fr;
 La Française;Paris, Paris, Île-De-France, France, Europe;870;Financial Services;;"Présent sur toutes les classes d’actifs
+8";Partnership;la-francaise.com;
 Excilys;France, Europe;20;IT Services and IT Consulting;2000;"JEEAndroid
+8";Privately Held;excilys.com;
 Acatus Informatique;Orléans, Loiret, Centre-Val de Loire, France, Orléans, Europe;30;Software Development;2001;"Informatique de gestion
+13";Privately Held;acatus.fr;
 AGI - Adour Gestion Informatique;Saint-Pierre-du-Mont, Landes, Nouvelle-Aquitaine, France, Mont-de-Marsan, Europe;49;Software Development;1978;"Edition de logiciel
+22";Self-Owned;a-g-i.fr;
 SNVI;Paris, Paris, Île-De-France, France, Europe;601;Financial Services;;;;snvi.com;
 EUROMEGA;Royan, Charente-Maritime, Nouvelle-Aquitaine, France, Rochefort, Europe;41;Financial Services;;;;euromega.com;
 Teragone;Paris, Paris, Île-De-France, France, Europe;21;IT Services and IT Consulting;2021;;Partnership;teragone.fr;
 SoftThinks;Villeneuve-d'Ascq, Nord, Hauts-de-France, France, Lille, Europe;25;Software Development;2000;"Software Deployment Solutions
+3";Privately Held;softthinks.com;
 EUROTECH;Paris, Paris, Île-De-France, France, Europe;37;IT Services and IT Consulting;1991;;Privately Held;nicsell.com;
 LA CUISINIERE;Paris, Paris, Île-De-France, France, Europe;33;Software Development;;;;cuisiniere.com;
 axYus;Issy-les-Moulineaux, Hauts-de-Seine, Île-De-France, France, Boulogne-Billancourt, Europe;169;IT Services and IT Consulting;;;Partnership;axyus.com;
 Groupe Sybord;Saint-Genis-Laval, Rhône, Auvergne-Rhône-Alpes, France, Lyon, Europe;54;IT Services and IT Consulting;1946;;Partnership;sybord.fr;
 intractiv;Sainghin-en-Mélantois, Nord, Hauts-de-France, France, Lille, Europe;30;Financial Services;1997;"CRMSales Administration
+8";Partnership;intractiv.com;
 Novadis;Levallois-Perret, Hauts-de-Seine, Île-De-France, France, Nanterre, Europe;118;IT Services and IT Consulting;2006;"Contrôle d'Accès
+14";Partnership;novadis.fr;
 TDI SERVICES - Filiale du Groupe Altiore MT;L'Isle d'Espagnac, Charente, Nouvelle-Aquitaine, France, Angoulême, Europe;73;IT Services and IT Consulting;1995;"Network Security
+38";Privately Held;hugedomains.com;
 Cegedim Assurances;Boulogne-Billancourt, Hauts-de-Seine, Île-De-France, France, Boulogne-Billancourt, Europe;698;IT Services and IT Consulting;;Édition de logiciels - Infogérance - Tiers Payant - Délégation de gestion;Public Company;cegedim-assurances.com;
 GOMEX;Vaucresson, Hauts-de-Seine, Île-De-France, France, Boulogne-Billancourt, Europe;59;IT Services and IT Consulting;;;;gomex.fr;
 ÉLÉMENTAIRE;Strasbourg, Bas-Rhin, Grand Est, France, Strasbourg, Europe;21;IT Services and IT Consulting;2020;;Partnership;elementaire.com;
 Pulse;Lyon, Rhône, Auvergne-Rhône-Alpes, France, Lyon, Europe;36;IT Services and IT Consulting;2017;"DigitalPlaisir
+2";Privately Held;free.fr;
 SR Technology;Souppes-sur-Loing, Seine-et-Marne, Île-De-France, France, Fontainebleau, Europe;31;IT Services and IT Consulting;2021;"audiovisual
+6";Privately Held;srtechnology.com;
 Gaprise Inc.;Saint-Yrieix-sur-Charente, Charente, Nouvelle-Aquitaine, France, Angoulême, Europe;56;IT Services and IT Consulting;2005;;Privately Held;pple.fr;
 Med'Art;Grenoble, Isère, Auvergne-Rhône-Alpes, France, Grenoble, Europe;35;IT Services and IT Consulting;2006;;Privately Held;mediarts38.fr;
 Dièse Junior Conseil;Évry, Essonne, Île-De-France, France, Évry, Europe;24;IT Services and IT Consulting;1981;Audit;Nonprofit;diese.org;
 Autorité des marchés financiers (AMF) France;Paris, Paris, Île-De-France, France, Europe;799;Financial Services;2003;"Réglementation financière
+3";Government Agency;amf-france.org;
 RK FINANCE;Meyreuil, Bouches-du-Rhône, Provence-Alpes-Côte D'Azur, France, Aix-en-Provence, Europe;36;Financial Services;;;;rkfinance.co;
 Gandi;Paris, Paris, Île-De-France, France, Europe;268;Technology, Information and Internet;2000;"Domain Names
+7";Privately Held;gandi.net;
 LUSIS;Paris, Paris, Île-De-France, France, Europe;135;Software Development;1999;"Monétique
+5";Partnership;lusis.fr;
 Valiuz;Tourcoing, Nord, Hauts-de-France, France, Lille, Europe;295;Technology, Information and Internet;2019;"BigDATA
+16";Privately Held;valiuz.com;
 Vancelian;France, Europe;52;Financial Services;2017;"Fintech
+18";Privately Held;vancelian.com;
 MMN;Paris, Paris, Île-De-France, France, Europe;22;Technology, Information and Internet;;"web hosting
+3";;mmparis.com;
 Helados;France, Europe;160;Software Development;;opensource and javascript;Nonprofit;amorino.com;
 pSeven;Toulouse, Haute-Garonne, Occitanie, France, Toulouse, Europe;21;Software Development;2010;"Data & Model Analysis
+17";Privately Held;pseven.com;
 ECHOES;La Crau, Var, Provence-Alpes-Côte D'Azur, France, Toulon, Europe;82;Software Development;;"connected car
+19";Privately Held;echoes.com;
 GRESHAM Banque Privée;Paris, Paris, Île-De-France, France, Europe;220;Financial Services;1934;"Banque Privée
+5";Self-Owned;gresham-banque-privee.fr;
 Apsia;Paris, Paris, Île-De-France, France, Europe;166;IT Services and IT Consulting;2009;;Privately Held;apsia.com;
 Groupe Luminess;Paris, Paris, Île-De-France, France, Europe;977;IT Services and IT Consulting;1903;"UXDesignData
+24";Privately Held;luminess.eu;
 INFORMATIQUE TECHNIQUE ET MAINTENANCE;Mouvaux, Nord, Hauts-de-France, France, Lille, Europe;54;Software Development;1990;;Privately Held;itm.fr;
 Saaswedo;Paris, Paris, Île-De-France, France, Europe;66;Software Development;2012;"Gestion de parc
+18";Privately Held;saaswedo.com;
 IXIN;Issy-les-Moulineaux, Hauts-de-Seine, Île-De-France, France, Boulogne-Billancourt, Europe;20;Software Development;2002;"Palteforme Saas
+3";Partnership;ixin.com;
 FED;Paris, Paris, Île-De-France, France, Europe;612;Financial Services;1998;"Expert comptable
+16";Privately Held;fed-group.fr;
 SHARKHAN;Strasbourg, Bas-Rhin, Grand Est, France, Strasbourg, Europe;33;IT Services and IT Consulting;2009;;Privately Held;sharkhan.fr;
 LAFI;Gennevilliers, Hauts-de-Seine, Île-De-France, France, Nanterre, Europe;209;IT Services and IT Consulting;1987;"Systèmes d'information
+28";Privately Held;lafi.fr;
 ads-COM;Orléans, Loiret, Centre-Val de Loire, France, Orléans, Europe;37;Technology, Information and Internet;1997;"Agence Web
+25";Privately Held;ads-com.fr;
 PC SOFT;Montpellier, Hérault, Occitanie, France, Montpellier, Europe;88;Software Development;1984;;Public Company;pcsoft.fr;
 indigen;Nice, Alpes-Maritimes, Provence-Alpes-Côte D'Azur, France, Nice, Europe;35;IT Services and IT Consulting;2003;"conseil en ingénierie de systèmes d’information
+8";Privately Held;indigen.com;
 SlimPay, a Trustly Company;Paris, Paris, Île-De-France, France, Europe;69;Financial Services;2010;"Recurring Payments
+6";Privately Held;slimpay.com;
 Émérya;Paris, Paris, Île-De-France, France, Europe;21;IT Services and IT Consulting;2009;"drupalwordpress
+2";Privately Held;emerya.fr;
 AXILONE;Saint-Lys, Haute-Garonne, Occitanie, France, Muret, Europe;29;Software Development;;;;axilone.fr;
 IEF GROUPE;Paris, Paris, Île-De-France, France, Europe;26;Software Development;;;Partnership;instructionenfamille.org;
 chauss expo;Plouisy, Côtes-d'Armor, Bretagne, France, Guingamp, Europe;36;Software Development;;;;chaussexpo.fr;
 ADEFIM;Lille, Nord, Hauts-de-France, France, Lille, Europe;54;Software Development;;;;adefim.eu;
 GESTEAM;Paris, Paris, Île-De-France, France, Europe;20;Software Development;1991;"Logiciel de gérance
+4";Privately Held;gesteam.com;
 Groupe Seldon;Bidart, Pyrénées-Atlantiques, Nouvelle-Aquitaine, France, Bayonne, Europe;30;Software Development;1994;comptabilité publique and dette structurée;Partnership;seldon.com;
 CCBB;Saint-Agnan, Yonne, Bourgogne-Franche-Comté, France, Sens, Europe;29;Financial Services;;;;cc-bocage-bourbonnais.com;
 CODEACTIVE;Mouguerre, Pyrénées-Atlantiques, Nouvelle-Aquitaine, France, Bayonne, Europe;20;Financial Services;2010;;Self-Owned;codeactive.fr;
 Infocob;Château-d'Olonne, Vendée, Pays de la Loire, France, Les Sables-d'Olonne, Europe;30;Software Development;1993;"CRM / eCRMWeb
+8";Privately Held;infocob.com;
 Streeteo;Puteaux, Hauts-de-Seine, Île-De-France, France, Nanterre, Europe;46;Software Development;;;;streeteo.com;
 Reynolds and Reynolds France;Grenoble, Isère, Auvergne-Rhône-Alpes, France, Grenoble, Europe;92;Software Development;1984;"DMSAutomotive
+5";Privately Held;reynoldsand.com;
 TOMATE;Thiais, Val-de-Marne, Île-De-France, France, L'Haÿ-les-Roses, Europe;68;Software Development;1985;;Privately Held;tomate.com;
 Khome;Paris 08 Elysee, Paris, Île-De-France, France, Europe;22;Financial Services;2024;"real estatefintech
+6";Privately Held;khome.eu;
 TECHNIDATA;Montbonnot-Saint-Martin, Isère, Auvergne-Rhône-Alpes, France, Grenoble, Europe;164;Software Development;;"LIMS for Biorepository/Biobank/Biobanking
+12";Privately Held;technidata-web.com;
 eJumpDigital;Résidence Pierre de Coubertin, Gironde, Nouvelle-Aquitaine, France, Bordeaux, Europe;32;IT Services and IT Consulting;2007;"Logo Design
+14";Privately Held;urhajpaysdelaloire.fr;
 Recocash;Rambouillet, Yvelines, Île-De-France, France, Rambouillet, Europe;93;Financial Services;1971;"Recouvrement amiable et judiciaire des créances
+8";Privately Held;recocash.com;
 ASNIERES;Paris, Paris, Île-De-France, France, Europe;43;Financial Services;;;;asnieres.fr;
 ACCEN Informatique;St.-Priest, Rhône, Auvergne-Rhône-Alpes, France, Lyon, Europe;59;Software Development;2011;;Privately Held;accen.fr;
 Diagram Informatique;Saint-Étienne, Loire, Auvergne-Rhône-Alpes, France, Saint-Étienne, Europe;21;Software Development;1986;"Développement dapplication sur mesure
+3";Partnership;diagram.fr;
 PeopleSpheres;Montpellier, Hérault, Occitanie, France, Montpellier, Europe;103;Software Development;2015;"paasSIRH
+12";Partnership;peoplespheres.com;
 Bright Expert Co., Ltd.;Dierrey-Saint-Julien, Aube, Grand Est, France, Nogent-sur-Seine, Europe;35;Technology, Information and Internet;;;Public Company;hugedomains.com;
 MEFG;Marseille, Bouches-du-Rhône, Provence-Alpes-Côte D'Azur, France, 1er Arr., Europe;20;Financial Services;;;;mefg.com;
 SRE Groupe;France, Europe;21;IT Services and IT Consulting;1991;"Imprimantes
+7";Privately Held;sre-groupe.com;
 Félix Informatique;Laxou, Meurthe-et-Moselle, Grand Est, France, Nancy, Europe;52;Software Development;1988;;Partnership;felix.fr;
 Citizen Can;Colombes, Hauts-de-Seine, Île-De-France, France, Nanterre, Europe;29;Financial Services;2007;"Conseil en flux financiers
+38";Partnership;citizencan.com;
 ACTI-TECH;Troyes, Aube, Grand Est, France, Troyes, Europe;51;Software Development;;;;actitech.com;
 Gula;Paris, Paris, Île-De-France, France, Europe;22;Technology, Information and Internet;2015;"snacking
+4";Privately Held;gula.fr;
 DeluPay;Paris, Paris, Île-De-France, France, Europe;35;Financial Services;2022;;Privately Held;delupay.com;
 MULTIMEDIA PRESS;Saint-Gély-du-Fesc, Hérault, Occitanie, France, Montpellier, Europe;21;Financial Services;;;;multimediapress.fr;
 INCEPTO;Paris, Paris, Île-De-France, France, Europe;87;IT Services and IT Consulting;2018;"Artificial Intelligence
+9";Privately Held;incepto-medical.com;
 BSD INTERNATIONAL;Neuilly-sur-Seine, Hauts-de-Seine, Île-De-France, France, Nanterre, Europe;32;Software Development;;;;mappy.com;
 VINX Malaysia Sdn. Bhd.;Tourcoing, Nord, Hauts-de-France, France, Lille, Europe;47;IT Services and IT Consulting;2012;"IT Support
+2";Privately Held;com.my;
 CABINET DE RECHERCHE ET ETUDE EN POLITIQUE ET STRATEGIE;Arnage, Sarthe, Pays de la Loire, France, Le Mans, Europe;23;Financial Services;;;;frstrategie.org;
 Everteam Software;Lyon, Rhône, Auvergne-Rhône-Alpes, France, Lyon, Europe;174;Software Development;1990;"Enterprise Content Management
+12";Partnership;everteam.com;
 PROXIMO EXPERTISE;Genlis, Côte-d'Or, Bourgogne-Franche-Comté, France, Dijon, Europe;25;Financial Services;;"consultingAudit
+3";Privately Held;inithy.com;
 BEST FINANCE;Puteaux, Hauts-de-Seine, Île-De-France, France, Nanterre, Europe;135;Financial Services;2010;"Formations en Finance
+2";Privately Held;wisemoney.com;
 Edatis;Paris, Paris, Île-De-France, France, Europe;60;Technology, Information and Internet;2000;"Emailing
+5";Privately Held;edatis.com;
 CHABERT DUVAL GROUPE;St.-Rémy, Saône-et-Loire, Bourgogne-Franche-Comté, France, Chalon-sur-Saône, Europe;22;Financial Services;;;;chabertduval.fr;
 CYWYC;Paris, Paris, Île-De-France, France, Europe;41;Software Development;2014;"e-relation client
+13";Partnership;cywyc.fr;
 AT Internet, a Piano company;Mérignac, Gironde, Nouvelle-Aquitaine, France, Bordeaux, Europe;156;Technology, Information and Internet;1996;"digital analytics
+19";Privately Held;piano.io;
 WayKonect;Ourlet, Nord, Hauts-de-France, France, Lille, Europe;67;Software Development;2014;"Connected Car
+5";Partnership;welcometothejungle.com;
 Mphasis Wyde;Paris, Paris, Île-De-France, France, Europe;171;Software Development;1997;"Group Life Insurance
+7";Privately Held;wyde.com;
 Shangri-La;Gardanne, Bouches-du-Rhône, Provence-Alpes-Côte D'Azur, France, Aix-en-Provence, Europe;96;Software Development;2010;"InformatiqueRFiD
+6";Privately Held;shangri.com;
 Immanens;Palaiseau, Essonne, Île-De-France, France, Palaiseau, Europe;21;Technology, Information and Internet;2004;"Digital Publishing
+7";Self-Owned;immanens.com;
 MRAC;Dinozé, Vosges, Grand Est, France, Épinal, Europe;20;Technology, Information and Internet;;;Public Company;laregion.fr;
 Soldev;Paris, Paris, Île-De-France, France, Europe;21;IT Services and IT Consulting;2015;développement informatique;Partnership;soldev.fr;
 Mikro Kapital;Le Crotoy, Somme, Hauts-de-France, France, Abbeville, Europe;92;Financial Services;2008;"microcredit
+3";Privately Held;mikrokapital.com;
 SIB numérique, santé et secteur public;Rennes, Ille-et-Vilaine, Bretagne, France, Rennes, Europe;509;IT Services and IT Consulting;1993;;Government Agency;biotech-sante-bretagne.fr;
 aXigate SA;Paris, Paris, Île-De-France, France, Europe;44;Software Development;;"Logiciel
+5";Public Company;axigate-france.fr;
 CTAI;Colmar, Haut-Rhin, Grand Est, France, Colmar, Europe;36;IT Services and IT Consulting;1984;"TICMultimédia
+3";Self-Employed;ctai.fr;
 SIME;Le Pontet, Vaucluse, Provence-Alpes-Côte D'Azur, France, Avignon, Europe;21;IT Services and IT Consulting;1992;"Maintenance Informatique
+2";;sime.fr;
 Groupe HEXAPAGE;Montrouge, Hauts-de-Seine, Île-De-France, France, Antony, Europe;64;IT Services and IT Consulting;2000;"Solutions d'impression et de gestion documentaireGED
+14";Partnership;hexapage.fr;
 ATN GROUPE;Meylan, Isère, Auvergne-Rhône-Alpes, France, Grenoble, Europe;20;IT Services and IT Consulting;1997;"Cloud Computing
+16";Privately Held;atngroupe.fr;
 Auris Gestion;Paris, Paris, Île-De-France, France, Europe;26;Financial Services;2004;"société de gestion
+4";Privately Held;aurisgestion.com;
 Programming Jokes | IT Humor & Memes;Paris, Paris, Île-De-France, France, Europe;65;IT Services and IT Consulting;;;Self-Owned;programmingjokes.com;
 LA BOITE IMMO;Hyères, Var, Provence-Alpes-Côte D'Azur, France, Toulon, Europe;200;Technology, Information and Internet;2008;"logiciel immobilier
+4";Privately Held;la-boite-immo.com;
 ACG;Paris, Paris, Île-De-France, France, Europe;39;IT Services and IT Consulting;2016;"consulting
+7";Privately Held;acg-avocat.com;
 Le Cheval Francais SECF;Paris, Paris, Île-De-France, France, Europe;25;IT Services and IT Consulting;;;;letrot.com;
 INGENIEUR zaher nourredine;Brienne-le-Château, Aube, Grand Est, France, Bar-sur-Aube, Europe;27;IT Services and IT Consulting;;;Self-Employed;pple.fr;
 O'TACOS RESTAURANT;Ivry-sur-Seine, Val-de-Marne, Île-De-France, France, Créteil, Europe;77;Financial Services;;;;o-tacos.com;
 PHARMASISTERS;Capendu, Aude, Occitanie, France, Carcassonne, Europe;29;Financial Services;;;;pharmacie-mullot.fr;
 EFF'INNOV Technologies;Colombelles, Calvados, Normandie, France, Caen, Europe;25;IT Services and IT Consulting;2009;"Embedded systems
+21";Privately Held;effinnov.com;
 pharmagreen;La Roquette-sur-Var, Alpes-Maritimes, Provence-Alpes-Côte D'Azur, France, Nice, Europe;21;Software Development;2024;;Partnership;pharmagreen.fr;
 Swikly;Lyon, Rhône, Auvergne-Rhône-Alpes, France, Lyon, Europe;32;Financial Services;2016;"Réservation
+8";Privately Held;swikly.com;
 GROUPE FINREC;Arcueil, Val-de-Marne, Île-De-France, France, L'Haÿ-les-Roses, Europe;20;Financial Services;1962;Recouvrement de créances and Gestion des impayés;Privately Held;finrec.com;
 OKTAL;Toulouse, Haute-Garonne, Occitanie, France, Toulouse, Europe;22;Software Development;1989;"simulation
+10";Privately Held;com.co;
 VIDA LOKA;Ormesson-sur-Marne, Val-de-Marne, Île-De-France, France, Nogent-sur-Marne, Europe;50;Software Development;;;;vidaloka.com;
 ADFAB;Bagnolet, Seine-Saint-Denis, Île-De-France, France, Bobigny, Europe;33;IT Services and IT Consulting;2006;"Frameworks JS (AngularJS
+13";Partnership;arneo.io;
 Smart Rx;Boulogne-Billancourt, Hauts-de-Seine, Île-De-France, France, Boulogne-Billancourt, Europe;218;Software Development;1969;;Public Company;isrx.com;
 Comercea;Montesson, Yvelines, Île-De-France, France, Saint-Germain-en-Laye, Europe;33;Technology, Information and Internet;2014;;Privately Held;comercea.fr;
 Lumiscaphe;Canéjan, Gironde, Nouvelle-Aquitaine, France, Bordeaux, Europe;20;Software Development;2001;"digital aspect mockup
+11";Partnership;lumiscaphe.com;
 GRIGNY;Paris, Paris, Île-De-France, France, Europe;104;Financial Services;;;;grigny.fr;
 NONDISCLOSE;Paris, Paris, Île-De-France, France, Europe;21;Software Development;2020;"SaasProtection
+12";Privately Held;songkick.com;
 TDI;Bron, Rhône, Auvergne-Rhône-Alpes, France, Lyon, Europe;151;Software Development;1999;"Gestion des expéditionsTMS
+10";Partnership;tdi-group.com;
 IPM France;Romans-sur-Isère, Drôme, Auvergne-Rhône-Alpes, France, Valence, Europe;51;IT Services and IT Consulting;2001;"Solution de bornes tactiles interactives
+18";Privately Held;ipmfrance.fr;
 Sos Informatique;Paris, Paris, Île-De-France, France, Europe;31;IT Services and IT Consulting;;;Privately Held;sosinformatique.fr;
 WEBSAISIE ELOUARD.COM;Croissy-sur-Seine, Yvelines, Île-De-France, France, Saint-Germain-en-Laye, Europe;20;IT Services and IT Consulting;2005;;Partnership;e-pro.fr;
 ADCR - You will love tracking your cash flow;Clisson, Loire-Atlantique, Pays de la Loire, France, Nantes, Europe;25;Financial Services;1993;"Règlementation du poste client
+7";Privately Held;adcr.org;
 Promosoft Informatique;Chartres, Eure-et-Loir, Centre-Val de Loire, France, Chartres, Europe;24;IT Services and IT Consulting;1986;"Conseils et services informatiques
+6";Privately Held;promosoft.fr;
 GAC Technology;Lyon, Rhône, Auvergne-Rhône-Alpes, France, Lyon, Europe;122;Software Development;2007;"Gestion de flotte véhicules
+15";Privately Held;gac-software.com;
 Devoteam | Cyber Trust;Levallois-Perret, Hauts-de-Seine, Île-De-France, France, Nanterre, Europe;354;IT Services and IT Consulting;1995;GRC;Privately Held;devoteam.com;
 SSLC;Le Bourget, Seine-Saint-Denis, Île-De-France, France, Bobigny, Europe;71;Financial Services;;;;le-bourget.fr;
 NetEase;Saint-Nicolas-de-Port, Meurthe-et-Moselle, Grand Est, France, Nancy, Europe;27;IT Services and IT Consulting;2003;"logiciel gestion fruits et légumes
+10";Privately Held;netease.fr;
 Positive;Ourlet, Nord, Hauts-de-France, France, Lille, Europe;226;Software Development;;"Digital Marketing
+24";Privately Held;positive.com;
 folk;Paris, Paris, Île-De-France, France, Europe;63;Software Development;2020;;Privately Held;folk.com;
 4DConcept;Montigny-le-Bretonneux, Yvelines, Île-De-France, France, Versailles, Europe;74;Software Development;1989;Ingénierie documentaire;Privately Held;4dconcept.fr;
 Septeo Solutions CDJ;Nantes, Loire-Atlantique, Pays de la Loire, France, Nantes, Europe;34;Software Development;1977;;Privately Held;softouest.fr;
 TRISON FRANCE;Montigny-le-Bretonneux, Yvelines, Île-De-France, France, Versailles, Europe;42;IT Services and IT Consulting;;;Privately Held;trisonworld.com;
 NOT ONE;Saint-Romain-le-Puy, Loire, Auvergne-Rhône-Alpes, France, Montbrison, Europe;22;Financial Services;;;;wikimedia.org;
 Theodo Data & AI;Paris, Paris, Île-De-France, France, Europe;76;IT Services and IT Consulting;;;Privately Held;theodo.com;
 eXalt Fi;Paris, France, France;126;Financial Services;2019;;Partnership;exalt-company.com;
 ParuVendu.fr;Lyon, Rhône, Auvergne-Rhône-Alpes, France, Lyon, Europe;53;Technology, Information and Internet;;"petites annonces
+2";Privately Held;paruvendu.fr;
 CPI GROUPE;Saint-Malo, Ille-et-Vilaine, Bretagne, France, Saint-Malo, Europe;21;Financial Services;1990;"CONSEIL
+8";Self-Employed;cpigroupe.com;
 LuxCarta;Alpes-Maritimes, Provence-Alpes-Côte D'Azur, France, Grasse, Europe;88;Software Development;1989;"Geodata
+7";Privately Held;luxcarta.com;
 Multani;Montpellier, Hérault, Occitanie, France, Montpellier, Europe;22;IT Services and IT Consulting;2022;"DTDICTATU
+14";Partnership;multani.fr;
 FINANCE CONSULT;Paris, Paris, Île-De-France, France, Europe;102;Financial Services;1981;;Partnership;financeconsult.com;
 HYDRO POWER PLANT;Paris, Paris, Île-De-France, France, Europe;123;Financial Services;;;;hydropowerplant.com;
 SPARTOO;Grenoble, Isère, Auvergne-Rhône-Alpes, France, Grenoble, Europe;263;Technology, Information and Internet;2006;"ChaussuresSacs
+2";Privately Held;spartoo.com;
 Happy Food;Villefranche-d'Allier, Allier, Auvergne-Rhône-Alpes, France, Montluçon, Europe;28;Technology, Information and Internet;;;Self-Owned;happy-food.com;
 Visual Project;Baillargues, Hérault, Occitanie, France, Montpellier, Europe;22;Technology, Information and Internet;;;;visualproject.fr;
 STS Group;Boulogne-Billancourt, Hauts-de-Seine, Île-De-France, France, Boulogne-Billancourt, Europe;29;Software Development;2000;"software editor
+8";Public Company;infonet.fr;
 SBIL;Puteaux, Hauts-de-Seine, Île-De-France, France, Nanterre, Europe;34;Software Development;;;;puteaux.fr;
 Almacam;Saint-Martin-d'Hères, Isère, Auvergne-Rhône-Alpes, France, Grenoble, Europe;44;Software Development;1979;"CAM software for 2D cutting
+9";Privately Held;almacam.com;
 SB ALLIANCE INFORMATIQUE;St.-Lô, Manche, Normandie, France, Saint-Lô, Europe;25;IT Services and IT Consulting;;;;hugedomains.com;
 RENTAL CAR COMPANY;Villefranche-sur-Mer, Alpes-Maritimes, Provence-Alpes-Côte D'Azur, France, Nice, Europe;25;Financial Services;;;;rentalcars.com;
 Unique Technologies;Le Mans, Sarthe, Pays de la Loire, France, Le Mans, Europe;76;Software Development;2003;"Software Development
+10";Privately Held;uniquetechnologies.co;
 Helant;Saint-Jean-de-Braye, Loiret, Centre-Val de Loire, France, Orléans, Europe;52;IT Services and IT Consulting;1997;"M3ERP
+24";Privately Held;helant.fr;
 DISTRILOG SARL;Vienne, Isère, Auvergne-Rhône-Alpes, France, Vienne, Europe;31;IT Services and IT Consulting;;;;distrilog.net;
 ADTL;Saint-Maur, Indre, Centre-Val de Loire, France, Châteauroux, Europe;37;Financial Services;;;;adtl.com;
 CPK;Issy-les-Moulineaux, Hauts-de-Seine, Île-De-France, France, Boulogne-Billancourt, Europe;108;Financial Services;;;;leparisien.fr;
 ALLIANCE CENTRE AUVERGNE;Orléat, Puy-de-Dôme, Auvergne-Rhône-Alpes, France, Thiers, Europe;29;Software Development;;;;alliancecentre.fr;
 BRI FINANCE ANDRESY;Andrésy, Yvelines, Île-De-France, France, Saint-Germain-en-Laye, Europe;63;Financial Services;;;Privately Held;mappy.com;
 MGPS;Port-Saint-Louis-du-Rhône, Bouches-du-Rhône, Provence-Alpes-Côte D'Azur, France, Arles, Europe;75;IT Services and IT Consulting;2003;"Ingénierie industrielle de manutention
+2";Self-Owned;mgps.fr;
 NIG HOLDING;Toulouse, Haute-Garonne, Occitanie, France, Toulouse, Europe;23;Financial Services;;;;prospeo.io;
 SOCIETE MEDICALE;La Roche-sur-Yon, Vendée, Pays de la Loire, France, La Roche-sur-Yon, Europe;20;Financial Services;;;;medicale.fr;
 GROUPE MAURIZI;Fretin, Nord, Hauts-de-France, France, Lille, Europe;37;Financial Services;;;;groupemaurizi.com;
 AUCHA INVESTISSEMENTS;Vannes, Morbihan, Bretagne, France, Vannes, Europe;24;Financial Services;;;;mappy.com;
 ARTELCOM;St.-Priest, Rhône, Auvergne-Rhône-Alpes, France, Lyon, Europe;31;IT Services and IT Consulting;1991;"COMMUNICATIONS UNIFIEES
+11";Privately Held;artelcom.fr;
 Quickscrum;Paris, Paris, Île-De-France, France, Europe;32;Software Development;2016;"Scrum Tool
+9";Privately Held;quickscrum.com;
 AROLLA //;Paris, Paris, Île-De-France, France, Europe;113;IT Services and IT Consulting;2009;"Software Craft
+9";Privately Held;arolla.fr;
 DeCA FRANCE & CO;Nantes, Loire-Atlantique, Pays de la Loire, France, Nantes, Europe;23;Financial Services;;;;decaco.com;
 Euromédia Réseaux & Sécurité;Croissy-Beaubourg, Seine-et-Marne, Île-De-France, France, Torcy, Europe;21;IT Services and IT Consulting;1991;INFRASTRUCTURES RESEAUX and CYBER SECURITE;Partnership;euromedia.fr;
 GROUPE NOCIBE;Villeneuve-d'Ascq, Nord, Hauts-de-France, France, Lille, Europe;37;Financial Services;;;;nocibe.fr;
 Divine Finance Internationale;Lumio, Haute-Corse, Corse, France, Calvi, Europe;36;Financial Services;2020;;Privately Held;difinonline.com;
 HOCHIMINH;Franconville, Val-d'Oise, Île-De-France, France, Pontoise, Europe;62;IT Services and IT Consulting;;;;hochiminh.com;
 Galilee;Lormont, Gironde, Nouvelle-Aquitaine, France, Bordeaux, Europe;62;IT Services and IT Consulting;1993;"Chili Publisher
+16";Privately Held;datasolution.fr;
 CABINET D'EXPERTISES BARTH SARL;Strasbourg, Bas-Rhin, Grand Est, France, Strasbourg, Europe;28;Financial Services;;;;cabinetd.com;
 LA CROIX ROUGE;Paris, Paris, Île-De-France, France, Europe;173;Financial Services;;;;croix-rouge.fr;
 SEA TPI;La Ciotat, Bouches-du-Rhône, Provence-Alpes-Côte D'Azur, France, 1er Arr., Europe;320;IT Services and IT Consulting;1996;"services informatiques
+15";Partnership;seatpi.com;
 Quotatis;Paris, Paris, Île-De-France, France, Europe;89;Technology, Information and Internet;1999;"Customer Service
+21";Privately Held;quotatis.fr;
 Les 3 Colonnes du maintien au domicile;Écully, Rhône, Auvergne-Rhône-Alpes, France, Lyon, Europe;24;Financial Services;2013;"Maintien à domicile
+6";Nonprofit;3colonnes.fr;
 3c-evolution, conseil et solution MDM / PIM / DAM & Publications;Meylan, Isère, Auvergne-Rhône-Alpes, France, Grenoble, Europe;21;Software Development;2000;"Data management
+8";Partnership;nextpage.fr;
 LexiFi;Paris, Paris, Île-De-France, France, Europe;23;Technology, Information and Internet;2000;"Structured products
+30";Privately Held;lexifi.com;
 SEGEF;Labège, Haute-Garonne, Occitanie, France, Toulouse, Europe;38;Financial Services;;;;emploivelo.com;
 Ma Coiffeuse Afro;Paris, Paris, Île-De-France, France, Europe;97;Technology, Information and Internet;2015;"Coiffure
+3";Partnership;macoiffeuseafro.com;
 Apimo;Cannes, Alpes-Maritimes, Provence-Alpes-Côte D'Azur, France, Grasse, Europe;75;Software Development;2006;"Logiciel immobilier
+3";Partnership;apimo.com;
 JC TELECOM;France, Europe;39;IT Services and IT Consulting;;;;jctelecom.fr;
 Shippeo;Paris, Paris, Île-De-France, France, Europe;229;IT Services and IT Consulting;2014;"Supply Chain
+6";Privately Held;shippeo.com;
 DGFP;Villy-le-Maréchal, Aube, Grand Est, France, Troyes, Europe;446;Financial Services;;;;dgfp.com;
 Mismo Informatique;La Chapelle-sur-Erdre, Loire-Atlantique, Pays de la Loire, France, Nantes, Europe;112;IT Services and IT Consulting;1992;"Editeur de logiciel de Gestion à l'affaire d'entreprise
+7";Privately Held;mismo.fr;
 PANSARD & Associés;Roubaix, Nord, Hauts-de-France, France, Lille, Europe;43;Financial Services;1930;"FUSION ACQUISITION
+18";Partnership;pansard-associes.com;
 FICOMIRRORS FRANCE SAS;Dieuze, Moselle, Grand Est, France, Château-Salins, Europe;59;IT Services and IT Consulting;;;;usinenouvelle.com;
 Pôle Universitaire Léonard de Vinci;Courbevoie, Hauts-de-Seine, Île-De-France, France, Nanterre, Europe;46;Technology, Information and Internet;;;;devinci.fr;
 SWOOD by EFICAD;La Grande-Motte, Hérault, Occitanie, France, Montpellier, Europe;39;Software Development;1989;"CAD/CAM
+11";Privately Held;eficad.com;
 CNP TI;Paris, Paris, Île-De-France, France, Europe;49;IT Services and IT Consulting;2012;"Expertise
+3";Government Agency;cnp.fr;
 ANACOFI - Association Nationale des Conseils Financiers;Paris, Paris, Île-De-France, France, Europe;60;Financial Services;2004;"Représentation des intermédaires et conseils financiers/patrimoniaux
+10";Nonprofit;asso.fr;
 Nameshield Group;Paris, Paris, Île-De-France, France, Europe;121;Software Development;1994;"Registrar
+7";Privately Held;nameshield.com;
 exFabrica;Éguilles, Bouches-du-Rhône, Provence-Alpes-Côte D'Azur, France, Aix-en-Provence, Europe;24;IT Services and IT Consulting;2020;;Privately Held;exfabrica.fr;
 GF4;Pont-du-Château, Puy-de-Dôme, Auvergne-Rhône-Alpes, France, Clermont-Ferrand, Europe;23;Financial Services;;;;cci.fr;
 NEOTEEM;Meylan, Isère, Auvergne-Rhône-Alpes, France, Grenoble, Europe;64;Software Development;;;Self-Owned;neoteem.fr;
 SANDAYA;Paris, Paris, Île-De-France, France, Europe;63;Financial Services;;;;sandaya.fr;
 Rizlum;Paris, Paris, Île-De-France, France, Europe;25;Technology, Information and Internet;2024;"AI Assistant
+4";Privately Held;rizlum.ai;
 PRIMAFOOD;France, Europe;61;Software Development;;;;primafood.eu;
 Squadeasy;Paris, Paris, Île-De-France, France, Europe;39;Software Development;2014;"Applications mobilesQVT
+20";Partnership;squadeasy.com;
 MediaServ;Marseille, Bouches-du-Rhône, Provence-Alpes-Côte D'Azur, France, 1er Arr., Europe;211;IT Services and IT Consulting;1989;;Privately Held;mediaserv.com;
 Maarch;Nanterre, Hauts-de-Seine, Île-De-France, France, Nanterre, Europe;47;Software Development;2004;"Editeur de logiciels
+7";Privately Held;maarch.com;
 Agence Francecom;Nantes, Loire-Atlantique, Pays de la Loire, France, Nantes, Europe;21;Technology, Information and Internet;1997;"SEOSXO
+15";Partnership;francecom.fr;
 Laëtis;Arvieu, Aveyron, Occitanie, France, Rodez, Europe;25;Technology, Information and Internet;1998;"sites web
+3";Privately Held;laetis.fr;
1843;Paris, Paris, Île-De-France, France, Europe;20;IT Services and IT Consulting;;"Digital & Omnichannel
+5";Privately Held;1843.fr;
 SIGAL;Les Herbiers, Vendée, Pays de la Loire, France, La Roche-sur-Yon, Europe;55;Software Development;1983;"Audit - Consulting
+16";Self-Owned;sigal.fr;
 Positive Sarbacane;Ourlet, Nord, Hauts-de-France, France, Lille, Europe;97;Software Development;;;Privately Held;ugap.fr;
 Résiliences;Épagny, Haute-Savoie, Auvergne-Rhône-Alpes, France, Annecy, Europe;30;IT Services and IT Consulting;;"Consolidation
+14";Partnership;groupe-fmi.fr;
 Aniah;Grenoble, Isère, Auvergne-Rhône-Alpes, France, Grenoble, Europe;25;Software Development;2019;"EDAVerification
+2";Privately Held;aniah.fr;
 Osiatis Ingenierie S.A.S.;Lyon, Rhône, Auvergne-Rhône-Alpes, France, Lyon, Europe;64;IT Services and IT Consulting;;;;lyon-entreprises.com;
 MyReport;Paris, Paris, Île-De-France, France, Europe;98;Software Development;2001;"reporting
+5";Partnership;myreport.fr;
 Algofi;Paris, Paris, Île-De-France, France, Europe;75;Financial Services;;"ITFinance
+5";Privately Held;algofi.fr;
 Videor Software;Auray, Morbihan, Bretagne, France, Lorient, Europe;26;Software Development;1981;;Privately Held;videor.software;
 MGEN Technologies;Paris, Paris, Île-De-France, France, Europe;180;Software Development;;;;mgen.fr;
 HVF;Paris, Paris, Île-De-France, France, Europe;20;Technology, Information and Internet;1983;"web design
+7";Privately Held;sortlist.fr;
 VENTE DE TOUT;Poissy, Yvelines, Île-De-France, France, Saint-Germain-en-Laye, Europe;57;Technology, Information and Internet;2010;"Référencement Web
+4";Privately Held;ventedetout.com;
 InfoSquad groupe InfoGones;Paris, Paris, Île-De-France, France, Europe;23;IT Services and IT Consulting;2023;"PCSOFT
+3";Partnership;infogones.com;
 Move Solutions;Lyon, Rhône, Auvergne-Rhône-Alpes, France, Lyon, Europe;36;Software Development;2005;"Data Migration
+2";Privately Held;movesolutions.fr;
 BG Store;Tarbes, Hautes-Pyrénées, Occitanie, France, Tarbes, Europe;44;Software Development;;;;bgstore.fr;
 Advenis Gestion Privée;Paris, Paris, Île-De-France, France, Europe;40;Financial Services;1995;"conseil
+22";Public Company;advenis-gestion-privee.com;
 STPPS;Aubigny, Vendée, Pays de la Loire, France, La Roche-sur-Yon, Europe;25;Financial Services;2018;Gestion tiers payant;Privately Held;stpps.net;
 Coopengo;Paris, Paris, Île-De-France, France, Europe;44;Software Development;2012;"Edition de Logiciel
+2";Self-Owned;coopengo.com;
 Interactiv' Technologies - Catalogues & Marketing publications;Limonest, Rhône, Auvergne-Rhône-Alpes, France, Lyon, Europe;42;Technology, Information and Internet;2008;"e-catalogue
+28";Privately Held;interactiv-technologies.com;
 Caldera;Eckbolsheim, Bas-Rhin, Grand Est, France, Strasbourg, Europe;112;Software Development;;"Logiciel d'impression
+22";Privately Held;caldera.com;
 Docaposte Applicam;Metz, Moselle, Grand Est, France, Europe;96;IT Services and IT Consulting;1986;"Monétique
+9";Privately Held;docaposteapplicam.fr;
 Cabinet IGC;Paris, Paris, Île-De-France, France, Europe;53;Financial Services;2014;"Finance
+3";Privately Held;cabinet-igc.com;
 extremIT;Villeneuve-d'Ascq, Nord, Hauts-de-France, France, Lille, Europe;27;Software Development;2000;"solutions ERP de gestionSAGE
+19";Partnership;extremit.fr;
 Kaliop;Montpellier, Hérault, Occitanie, France, Montpellier, Europe;116;Technology, Information and Internet;2002;"Open SourceWeb
+22";Partnership;kaliop.fr;
 Artrade;Paris, Paris, Île-De-France, France, Europe;24;IT Services and IT Consulting;2021;"BlockchainRWA
+3";Privately Held;artrade.co;
 ALCE;Balesmes-sur-Marne, Haute-Marne, Grand Est, France, Langres, Europe;21;Financial Services;2015;;Privately Held;alce.fr;
 MIT CORP;St.-Nicolas-aux-Bois, Aisne, Hauts-de-France, France, Laon, Europe;50;IT Services and IT Consulting;2023;"MSPInfogérance
+1";Privately Held;mitcorp.fr;
 SMFC;Nieulle-sur-Seudre, Charente-Maritime, Nouvelle-Aquitaine, France, Rochefort, Europe;20;Financial Services;;;;smfc.fr;
 LEGAZPI;Marseille, Bouches-du-Rhône, Provence-Alpes-Côte D'Azur, France, 1er Arr., Europe;42;Financial Services;;;;legazpi.net;
 FINANSERVICES;Marseille, Bouches-du-Rhône, Provence-Alpes-Côte D'Azur, France, 1er Arr., Europe;51;Financial Services;;;;alianzabogados.com;
 AUTO DRIVE;Marseille, Bouches-du-Rhône, Provence-Alpes-Côte D'Azur, France, 1er Arr., Europe;54;Financial Services;;;;autodrive.com;
 CORUM L'Epargne;Paris, Paris, Île-De-France, France, Europe;257;Financial Services;;Société de Gestion indépendante;Partnership;corum.fr;
 Autre planète / Another planet;Paris, Paris, Île-De-France, France, Europe;34;Technology, Information and Internet;1994;"User interface
+4";Privately Held;autreplanete.com;
 ORNESS;Paris, Paris, Île-De-France, France, Europe;111;IT Services and IT Consulting;2001;"DevOps
+4";Partnership;orness.com;
 Blueway Software;Tassin-la-Demi-Lune, Rhône, Auvergne-Rhône-Alpes, France, Lyon, Europe;92;Software Development;2003;"Data governance
+9";Privately Held;blueway.fr;
 BSL Consulting;Élancourt, Yvelines, Île-De-France, France, Rambouillet, Europe;23;IT Services and IT Consulting;;"Business Intelligence
+12";Public Company;bi2b.eu;
 IT. BPO;Les Lilas, Seine-Saint-Denis, Île-De-France, France, Bobigny, Europe;24;IT Services and IT Consulting;;;Privately Held;banquepopulaire.fr;
 Solutions eolas;Grenoble, Isère, Auvergne-Rhône-Alpes, France, Grenoble, Europe;114;Technology, Information and Internet;1991;"Hébergement et Infogérance
+17";Privately Held;orange-business.com;
 Télémaque;France, Europe;45;IT Services and IT Consulting;1986;"xMS+Marketing mobile
+2";Privately Held;telemaque.fr;
 Net-ng;Rennes, Ille-et-Vilaine, Bretagne, France, Rennes, Europe;20;IT Services and IT Consulting;2003;"Internet applications
+5";Privately Held;net-ng.com;
 Serians S.A.S.;Glisy, Somme, Hauts-de-France, France, Amiens, Europe;39;IT Services and IT Consulting;;;Public Company;118000.fr;
 OJC Conseil;Vannes, Morbihan, Bretagne, France, Vannes, Europe;143;Software Development;2007;"Web development
+12";Privately Held;ojc-conseil.com;
 IT-NewVision;Paris, Paris, Île-De-France, France, Europe;94;IT Services and IT Consulting;2007;;Partnership;itnewvision.com;
 ASSAD AGENCY;Nice, Alpes-Maritimes, Provence-Alpes-Côte D'Azur, France, Nice, Europe;96;IT Services and IT Consulting;2021;;Self-Owned;prospeo.io;
 STH;Moûtiers, Savoie, Auvergne-Rhône-Alpes, France, Albertville, Europe;49;IT Services and IT Consulting;2000;"CloudVirtualisation
+28";Self-Owned;sth.fr;
 SCGD;Paris, Paris, Île-De-France, France, Europe;47;Financial Services;;;;scgd.net;
 APAJH COMITE DES YVELINES;Guyancourt, Yvelines, Île-De-France, France, Versailles, Europe;47;Software Development;;;;action-sociale.org;
 Exclusive Networks ME;Paris, Paris, Île-De-France, France, Europe;145;IT Services and IT Consulting;;"Security
+6";Partnership;exclusive-networks.com;
 NEWAC;Troyes, Aube, Grand Est, France, Troyes, Europe;20;Software Development;1990;;Partnership;newac.fr;
 Vianeos;Issy-les-Moulineaux, Hauts-de-Seine, Île-De-France, France, Boulogne-Billancourt, Europe;87;IT Services and IT Consulting;2004;"Transcoding
+19";Privately Held;vianeos.com;
 DELIVER UP;Dijon, Côte-d'Or, Bourgogne-Franche-Comté, France, Dijon, Europe;39;IT Services and IT Consulting;2015;;Privately Held;alma-group.com;
 TELEGRAFIK;Colomiers, Haute-Garonne, Occitanie, France, Toulouse, Europe;27;IT Services and IT Consulting;2013;"Big DataCare
+3";Privately Held;telegrafik.fr;
 RETRAIT EN MAGASIN;Marseille, Bouches-du-Rhône, Provence-Alpes-Côte D'Azur, France, 1er Arr., Europe;23;Software Development;;;;darty.com;
 DQE, Data Quality Everywhere;Levallois-Perret, Hauts-de-Seine, Île-De-France, France, Nanterre, Europe;77;Software Development;2008;"Data Quality Management
+6";Privately Held;dqe.tech;
 HAZI;St.-Ouen, Seine-Saint-Denis, Île-De-France, France, Saint-Denis, Europe;73;IT Services and IT Consulting;;;;namekeen.com;
 FEKRA GROUP;France, Europe;72;IT Services and IT Consulting;2008;"EKIPCASSIOPAE
+28";Privately Held;fekra-group.com;
 SolutionData groupe CHEOPS TECHNOLOGY;Toulouse, Haute-Garonne, Occitanie, France, Toulouse, Europe;38;IT Services and IT Consulting;2007;"NetAppIBM
+19";Privately Held;solutiondata.fr;
 NutriFoods.Life;Valréas, Vaucluse, Provence-Alpes-Côte D'Azur, France, Avignon, Europe;39;Technology, Information and Internet;;;Privately Held;localbiz.fr;
 Galigeo;Paris, Paris, Île-De-France, France, Europe;28;Software Development;2001;"Business Intelligence (BI)
+5";Privately Held;galigeo.com;
 AAC;Paris, Paris, Île-De-France, France, Europe;21;Financial Services;2000;;Self-Employed;danse75.fr;
 WAYS1;Mieuxcé, Orne, Normandie, France, Alençon, Europe;23;Software Development;2016;"ITSC-ITS
+11";Privately Held;ways1.com;
 Volume Software;Tours, Indre-et-Loire, Centre-Val de Loire, France, Tours, Europe;32;Software Development;1982;"ERPPackaging
+3";Privately Held;volume-software.com;
 Byron Group;Neuilly-sur-Seine, Hauts-de-Seine, Île-De-France, France, Nanterre, Europe;64;IT Services and IT Consulting;2010;"QAfunctional testing (manual and automated)
+8";Self-Owned;byron.fr;
 Divy;Francheville, Rhône, Auvergne-Rhône-Alpes, France, Lyon, Europe;26;Software Development;2020;"ERPCRM
+13";Privately Held;tinygnomes.com;
 BONIFAY SA;Toulon, Var, Provence-Alpes-Côte D'Azur, France, Toulon, Europe;25;IT Services and IT Consulting;;;;bonifay.fr;
 Proges Plus;Willems, Nord, Hauts-de-France, France, Lille, Europe;44;Software Development;1985;"ERP Enterprise Ressource Planning
+9";Partnership;proges.com;
 Bouigue Developpement;Paris, Paris, Île-De-France, France, Europe;27;Financial Services;;;;societeinfo.com;
 GROUPE AURYS;Lyon, Rhône, Auvergne-Rhône-Alpes, France, Lyon, Europe;103;Financial Services;;"AuditCommissariat aux comptes
+17";Privately Held;aurys.fr;
 AKIO;Paris, Paris, Île-De-France, France, Europe;92;Software Development;1998;"Logiciel centre de contacts
+29";Privately Held;akio.com;
 NaturaBuy;Chantilly, Oise, Hauts-de-France, France, Senlis, Europe;52;Technology, Information and Internet;2007;"Acheter
+15";Privately Held;naturabuy.fr;
 Aceo Tech;Toulouse, Haute-Garonne, Occitanie, France, Toulouse, Europe;23;IT Services and IT Consulting;2023;"Transformation digitale
+17";Privately Held;aceo-tech.com;
 SIB - Agence Symaris;Rouffach, Haut-Rhin, Grand Est, France, Guebwiller, Europe;30;Software Development;1993;"Infogérance
+15";Government Agency;indexsante.fr;
 Primo Studio;Chamonix-Mont-Blanc, Haute-Savoie, Auvergne-Rhône-Alpes, France, Bonneville, Europe;20;Technology, Information and Internet;1998;"communication
+9";Self-Employed;primostudio.com;
 Vearl;Paris, Paris, Île-De-France, France, Europe;20;Financial Services;2010;Venture Capital;Self-Employed;agencebio.org;
 Atixnet;Saint-Mandé, Val-de-Marne, Île-De-France, France, Nogent-sur-Marne, Europe;28;IT Services and IT Consulting;2002;"Développement web et mobile
+5";Partnership;atixnet.fr;
 Proginov;La Chevrolière, Loire-Atlantique, Pays de la Loire, France, Nantes, Europe;280;Software Development;1996;"Editeur de son ERP
+5";Privately Held;proginov.com;
 Mobilis digital;Villeneuve-d'Ascq, Nord, Hauts-de-France, France, Lille, Europe;21;Technology, Information and Internet;2009;"Shopper Marketing
+3";Privately Held;mobiliscase.com;
 EURAPHARMA;Le Grand-Quevilly, Seine-Maritime, Normandie, France, Rouen, Europe;46;Financial Services;;;;mappy.com;
 Net.Com;St.-Clément, Yonne, Bourgogne-Franche-Comté, France, Sens, Europe;71;IT Services and IT Consulting;1998;"développement web
+4";Privately Held;net-com.fr;
 SoftFluent;Antony, Hauts-de-Seine, Île-De-France, France, Antony, Europe;72;IT Services and IT Consulting;2005;".NET Development
+35";Privately Held;softfluent.fr;
 Bacalar;Vannes, Morbihan, Bretagne, France, Vannes, Europe;25;Technology, Information and Internet;2020;;Privately Held;bacalar.website;
 DIMO Software;Limonest, Rhône, Auvergne-Rhône-Alpes, France, Lyon, Europe;251;Software Development;1995;"solutions logiciellesSaas
+1";Partnership;dimosoftware.fr;
 Indigo Neo;Puteaux, Hauts-de-Seine, Île-De-France, France, Nanterre, Europe;47;Technology, Information and Internet;;;Privately Held;indigoneo.fr;
 EXPERTIME;Viroflay, Yvelines, Île-De-France, France, Versailles, Europe;149;IT Services and IT Consulting;2003;;Partnership;expertime.com;
 RBS - Ready Business System;Entzheim, Bas-Rhin, Grand Est, France, Strasbourg, Europe;30;IT Services and IT Consulting;1997;"expertise
+16";Privately Held;usine-digitale.fr;
 FACTORIA 2.0;Saint-Germain-en-Laye, Yvelines, Île-De-France, France, Saint-Germain-en-Laye, Europe;22;IT Services and IT Consulting;;;;factoria20.com;
 Medialive;Montrouge, Hauts-de-Seine, Île-De-France, France, Antony, Europe;29;IT Services and IT Consulting;2000;"Digital content protection
+3";Privately Held;medialive.fr;
 CCM FINANCE;Laval, Mayenne, Pays de la Loire, France, Laval, Europe;21;Financial Services;;;;hugedomains.com;
 Thunders;Paris, Paris, Île-De-France, France, Europe;34;Technology, Information and Internet;2025;;Privately Held;thunders.ai;
 Hook;Paris, Île-De-France, France;23;Technology, Information and Internet;2020;;Privately Held;hook.com;
 KIPING;Marseille, Bouches-du-Rhône, Provence-Alpes-Côte D'Azur, France, 1er Arr., Europe;37;Financial Services;;;;kiping.fr;
 IMPRIMERIE NATIONALE S.A.;Paris, Paris, Île-De-France, France, Europe;329;IT Services and IT Consulting;1538;"Credentials (ePassports and eID cards)
+9";Public Company;ingroupe.com;
 Cleansoft Services & Solutions;Aubagne, Bouches-du-Rhône, Provence-Alpes-Côte D'Azur, France, 1er Arr., Europe;41;IT Services and IT Consulting;1999;"Datacenter
+18";Privately Held;cleansoft.fr;
 ITEVO;Verneuil-sur-Seine, Yvelines, Île-De-France, France, Saint-Germain-en-Laye, Europe;50;IT Services and IT Consulting;;;Privately Held;itevo.fr;
 Nexa;Chambéry, Savoie, Auvergne-Rhône-Alpes, France, Chambéry, Europe;49;IT Services and IT Consulting;2007;"Immobilier
+4";Partnership;nexa.fr;
 Censio Karamba !;Paris, Paris, Île-De-France, France, Europe;28;IT Services and IT Consulting;2006;"gestion à l'affaire
+13";Partnership;kpmg.com;
 GROUPE SYD;St.-Herblain, Loire-Atlantique, Pays de la Loire, France, Nantes, Europe;191;IT Services and IT Consulting;1999;"Conseil
+13";Privately Held;syd.fr;
 Vekia;Croix, Nord, Hauts-de-France, France, Lille, Europe;28;Software Development;2008;"RetailSupply Chain
+18";Privately Held;vekia.fr;
 ML SOFT;Lesquin, Hauts-De-France, France;23;Software Development;;;;mlsoft.com;
 Notariat Services;France, Europe;138;Technology, Information and Internet;1967;"immobilier
+11";Partnership;notariat-services.com;
 ALPI is now ETAP;Colombes, Hauts-de-Seine, Île-De-France, France, Nanterre, Europe;191;Software Development;1986;"Electrical Digital Twin
+19";Privately Held;alpi.fr;
 PATISSERIE PASQUIER SAINT VALERY;France, Europe;35;IT Services and IT Consulting;;;;pasquier.fr;
 ashta;Paris, Paris, Île-De-France, France, Europe;25;IT Services and IT Consulting;2021;;Privately Held;ashta.co;
 WAVESOFT;Orsay, Essonne, Île-De-France, France, Palaiseau, Europe;21;Software Development;2003;"Logiciel de facturation
+4";Privately Held;wavesoft.fr;
 DMI - IT Management Expert;Dardilly, Rhône, Auvergne-Rhône-Alpes, France, Lyon, Europe;38;IT Services and IT Consulting;2002;"AltirisLandesk
+24";Privately Held;dmi-fr.com;
 ALTA ETIC;Marseille, Bouches-du-Rhône, Provence-Alpes-Côte D'Azur, France, 1er Arr., Europe;21;Software Development;;;;altaetic.fr;
 vNext;Paris, Paris, Île-De-France, France, Europe;36;IT Services and IT Consulting;2010;"MicrosoftSaaS
+24";Partnership;vnext.co;
 ELIADE;Wambrechies, Nord, Hauts-de-France, France, Lille, Europe;32;IT Services and IT Consulting;2001;"Expertise : dans les solutions d’infrastructure Microsoft
+5";Privately Held;eliade.fr;
 Credit Agricole Payment Services;Guyancourt, Yvelines, Île-De-France, France, Versailles, Europe;738;Financial Services;1972;"Monétique
+18";Partnership;credit-agricole.com;
 Poyesis;Paris, Paris, Île-De-France, France, Europe;34;Software Development;;;Privately Held;poyesis.fr;
 Lizeo;Lyon, Rhône, Auvergne-Rhône-Alpes, France, Lyon, Europe;46;IT Services and IT Consulting;2009;"Automotive Industry
+24";Privately Held;lizeo-group.com;
 FIDAF;Essarts-en-Bocage, Vendée, Pays de la Loire, France, La Roche-sur-Yon, Europe;44;Financial Services;;;;fidaf.com;
 PC PAL;Bièvres, Essonne, Île-De-France, France, Palaiseau, Europe;20;Software Development;1991;"Rare diseases
+14";Privately Held;numeum.fr;
 astamuse company, ltd.;Saint-Yrieix-sur-Charente, Charente, Nouvelle-Aquitaine, France, Angoulême, Europe;39;IT Services and IT Consulting;2005;;Privately Held;pple.fr;
 TOP DIESEL;Ducos, Guadeloupe, France;23;Financial Services;;;;topdiesel.com;
 Atlantis;Paris, Paris, Île-De-France, France, Europe;52;IT Services and IT Consulting;2009;"Information Technology Consulting
+8";Privately Held;atlantis.fr;
 ZE-WATT;Toulouse, Haute-Garonne, Occitanie, France, Toulouse, Europe;77;Technology, Information and Internet;2015;Installationgestion et maintenance de bornes de recharge pour véhicules electriques;Privately Held;ze-watt.com;
 ePackPro;Gouesnou, Finistère, Bretagne, France, Brest, Europe;296;Software Development;2012;"HACCP digitalisée
+3";Privately Held;epackpro.com;
 Slite;France, Europe;41;Software Development;2016;;Privately Held;slite.fr;
 Qualnet by Imagine Human;Bourges, Cher, Centre-Val de Loire, France, Bourges, Europe;32;Software Development;1997;;Privately Held;qualnet.fr;
 SEGEX MATERIELS;Wissous, Essonne, Île-De-France, France, Palaiseau, Europe;46;Financial Services;;;;terideal.fr;
 Yes Please;France, Europe;21;Technology, Information and Internet;2016;;Partnership;wordpress.com;
 ARINFO;Combrit, Finistère, Bretagne, France, Quimper, Europe;22;Software Development;1993;"Développements personnalisés
+20";Privately Held;arinfo.fr;
 GROUPE OLYMPE;Trets, Bouches-du-Rhône, Provence-Alpes-Côte D'Azur, France, Aix-en-Provence, Europe;50;Financial Services;;;;olympe.com;
 CHAFAS;Perpezac-Le-Blanc, Nouvelle-Aquitaine, France;111;Software Development;;;;chafas.com;
 Inter Invest Outre-mer;Paris, Paris, Île-De-France, France, Europe;48;Financial Services;1991;"Services financiers aux entreprises installées dans les Dom-Com
+9";Privately Held;inter-invest.fr;
 LMC France;Paris, Paris, Île-De-France, France, Europe;27;IT Services and IT Consulting;2002;"e-learning
+19";Privately Held;lmc-web.fr;
 WeScale;Nantes, Loire-Atlantique, Pays de la Loire, France, Nantes, Europe;71;IT Services and IT Consulting;2015;"CloudDevOps
+10";Partnership;wescale.fr;
 SQI;Versailles, Yvelines, Île-De-France, France, Versailles, Europe;102;Software Development;1990;"Editeur de solution
+14";Privately Held;sqi.fr;
 Play & Code ACADEMY;Ajaccio, Corse-du-Sud, Corse, France, Ajaccio, Europe;26;IT Services and IT Consulting;;;Privately Held;playcodeacademy.com;
 MAGOLD;Saint-Sulpice-et-Cameyrac, Gironde, Nouvelle-Aquitaine, France, Bordeaux, Europe;120;Financial Services;;;;markandrewsjewelers.com;
 mnc.aero;Valbonne, Alpes-Maritimes, Provence-Alpes-Côte D'Azur, France, Grasse, Europe;160;IT Services and IT Consulting;2014;"airline payment
+5";Privately Held;mnc.aero;
 ALLIANCE BFC, UNION DE COOPERATIVES AGRICOLES;Longvic, Côte-d'Or, Bourgogne-Franche-Comté, France, Dijon, Europe;22;Software Development;;;;alliancebfc.com;
 Orkis;Aix-en-Provence, Bouches-du-Rhône, Provence-Alpes-Côte D'Azur, France, Aix-en-Provence, Europe;27;Software Development;1990;"Hébergement photothèques & vidéothèques
+13";Privately Held;orkis.com;
 IDB Consulting;Paris, Paris, Île-De-France, France, Europe;25;IT Services and IT Consulting;1995;Data Management;Privately Held;hugedomains.com;
 Stime DSI Groupement Les Mousquetaires;Fort de Châtillon, Hauts-de-Seine, Île-De-France, France, Antony, Europe;761;IT Services and IT Consulting;;"Informatique
+4";Privately Held;carrieres-mousquetaires.com;
 GL Tech;Paris, Paris, Île-De-France, France, Europe;37;Technology, Information and Internet;2015;;Privately Held;gltech.fr;
 CAP HR;Ville-d'Avray, Hauts-de-Seine, Île-De-France, France, Boulogne-Billancourt, Europe;30;IT Services and IT Consulting;;;;mairie-villedavray.fr;
 TAEP - ENSTA Paris;Palaiseau, Essonne, Île-De-France, France, Palaiseau, Europe;27;IT Services and IT Consulting;1981;"Génie maritime
+13";Nonprofit;taep.fr;
 STB FINANCE;Gétigné, Loire-Atlantique, Pays de la Loire, France, Nantes, Europe;23;Financial Services;;;;hugedomains.com;
 LINNEAUS;Marseille, Bouches-du-Rhône, Provence-Alpes-Côte D'Azur, France, 1er Arr., Europe;40;Financial Services;;;;sorbonne-universite.fr;
 WealthBees;Montdoré, Haute-Saône, Bourgogne-Franche-Comté, France, Lure, Europe;65;Financial Services;2019;investment management and wealth management;Privately Held;cashbee.fr;
 Cantor;Neuilly-Plaisance, Seine-Saint-Denis, Île-De-France, France, Le Raincy, Europe;226;Software Development;1996;"Instrumentation et Micro-analyse
+3";Partnership;cantor.fr;
 Tonalli;Paris, Paris, Île-De-France, France, Europe;25;Software Development;2018;;Privately Held;tonalli.com;
 GROUPE IT LINK - IT Link System + IPSIS;Paris, Paris, Île-De-France, France, Europe;126;IT Services and IT Consulting;;;Partnership;itlink.fr;
 Abicom;Aubière, Puy-de-Dôme, Auvergne-Rhône-Alpes, France, Clermont-Ferrand, Europe;143;IT Services and IT Consulting;1991;"Infrastructure
+11";Privately Held;abicom.fr;
 Sastec;Saint-Germain-en-Laye, Yvelines, Île-De-France, France, Saint-Germain-en-Laye, Europe;22;IT Services and IT Consulting;;"développement web
+9";Privately Held;sastec.io;
 TEEPTRAK;Paris, Paris, Île-De-France, France, Europe;25;Software Development;2014;"OEELean manufacturing
+11";Partnership;teeptrak.com;
 MOOD STORE;Mours-Saint-Eusèbe, Drôme, Auvergne-Rhône-Alpes, France, Valence, Europe;20;Software Development;;;;moodstore.net;
 Quinten;Paris, Paris, Île-De-France, France, Europe;36;IT Services and IT Consulting;2008;"Big Data
+21";Privately Held;quinten.com;
 Finam Togo;Beauchamp, Val-d'Oise, Île-De-France, France, Pontoise, Europe;47;Financial Services;2005;;Privately Held;finam.tg;
 Wealthcome;Pessac, Gironde, Nouvelle-Aquitaine, France, Bordeaux, Europe;52;Software Development;2022;"Gestion de patrimoine
+16";Privately Held;wealthcome.fr;
 Goweb. Digital Experience;Roubaix, Nord, Hauts-de-France, France, Lille, Europe;41;Technology, Information and Internet;1997;"ReactJs
+22";Privately Held;goweb.fr;
 Sourceamax;Boulogne-Billancourt, Hauts-de-Seine, Île-De-France, France, Boulogne-Billancourt, Europe;32;Technology, Information and Internet;2007;"Développement web
+4";Privately Held;sourceamax.com;
 LE COLOMBIER;Laurens, Hérault, Occitanie, France, Béziers, Europe;48;Software Development;;;;colombier.fr;
 BOOKERS CASH AND CARRY;Calais, Pas-de-Calais, Hauts-de-France, France, Calais, Europe;67;Software Development;;;;infonet.fr;
 GROUPE VALMEN;Paris, Paris, Île-De-France, France, Europe;78;IT Services and IT Consulting;2008;;Partnership;valmen.fr;
 PCP;Toulouse, Haute-Garonne, Occitanie, France, Toulouse, Europe;41;Software Development;2023;Public Cloud Platform;Privately Held;univ-tlse2.fr;
 TVH Consulting;Maisons-Laffitte, Yvelines, Île-De-France, France, Saint-Germain-en-Laye, Europe;195;IT Services and IT Consulting;2003;"ERP Expert
+13";Privately Held;tvhconsulting.fr;
 AQUITEM;Le Bouscat, Gironde, Nouvelle-Aquitaine, France, Bordeaux, Europe;108;IT Services and IT Consulting;1987;"Programme de fidélité
+15";Privately Held;groupe-aquitem.fr;
 MCS&DSO devient iQera;Paris, Paris, Île-De-France, France, Europe;48;IT Services and IT Consulting;2010;"AR & Risk SaaS technology
+6";Privately Held;mcsfr.com;
 ViaDirect;Paris, Paris, Île-De-France, France, Europe;43;IT Services and IT Consulting;1996;"doohwayfinding
+17";Partnership;viadirect.com;
 CENTHYS;Vélizy-Villacoublay, Yvelines, Île-De-France, France, Versailles, Europe;23;IT Services and IT Consulting;2022;"AuditTransformation et Stratégie IT
+4";Privately Held;centhys.com;
 Auchan E-Commerce France S.A.S;Croix, Nord, Hauts-de-France, France, Lille, Europe;31;Software Development;;;;auchan-retail.com;
 DÉVELOPPEUR WEB;Paris, Paris, Île-De-France, France, Europe;28;Software Development;;"htmljavascript
+1";Privately Held;developpeurweb.fr;
 MHComm - Connecting Home Healthcare;Toulouse, Haute-Garonne, Occitanie, France, Toulouse, Europe;36;Software Development;2010;"santétélésurveillance
+4";Privately Held;mhcomm.fr;
 Gestimum;Rambouillet, Yvelines, Île-De-France, France, Rambouillet, Europe;21;Software Development;2004;"ERP personnalisable pour les PMEerp
+11";Partnership;gestimum.com;
 autobiz Group;Courbevoie, Hauts-de-Seine, Île-De-France, France, Nanterre, Europe;54;IT Services and IT Consulting;2004;"Big Data
+4";Privately Held;autobiz.fr;
 Grimp;Nantes, Loire-Atlantique, Pays de la Loire, France, Nantes, Europe;27;Software Development;2021;"Alternance
+8";Privately Held;grimp.com;
 Eviden Identity & Access Management | Home of Evidian;Les Clayes-sous-Bois, Yvelines, Île-De-France, France, Versailles, Europe;106;Software Development;2000;"single sign-onSSO
+9";Privately Held;evidian.com;
 EDC (EUROPEENNE DE CAUTIONNEMENT);Paris, Paris, Île-De-France, France, Europe;35;Financial Services;1928;Cautionnement and Garantie prêt bancaire;Privately Held;eurocaution.net;
 Istri;Sèvres, Hauts-de-Seine, Île-De-France, France, Boulogne-Billancourt, Europe;24;Software Development;1994;CRM and Planning;Privately Held;istri.fr;
 iD Systemes;Bruges, Gironde, Nouvelle-Aquitaine, France, Bordeaux, Europe;99;Software Development;1987;"Solutions Viti-Oeno
+3";Partnership;idsystemes.fr;
 Aatmanirbhar;Saint-Aventin, Haute-Garonne, Occitanie, France, Saint-Gaudens, Europe;27;Software Development;2018;"Data Entry Operator
+14";Educational;saint-aventin.fr;
 BSDM;Paris, Paris, Île-De-France, France, Europe;41;Financial Services;;;;bsdm.net;
 SIGEC;Combrit, Finistère, Bretagne, France, Quimper, Europe;53;Software Development;1985;"logiclels
+3";Privately Held;sigec.fr;
 Mezcalito;Grenoble, Isère, Auvergne-Rhône-Alpes, France, Grenoble, Europe;42;Technology, Information and Internet;2006;"Sites web
+16";Privately Held;mezcalito.fr;
 APIXIS - Intégrateurs de Solutions Informatiques;Toulouse, Haute-Garonne, Occitanie, France, Toulouse, Europe;26;IT Services and IT Consulting;2012;"Infogérance
+12";Partnership;apixis.fr;
 Payplug (ex Dalenys);Paris, Paris, Île-De-France, France, Europe;59;Financial Services;;Paiement;Privately Held;payplug.com;
 Carmignac;Paris, Paris, Île-De-France, France, Europe;359;Financial Services;1989;"asset managementfinance
+5";Privately Held;carmignac.com;
 PARIS CONTENTIEUX INTERNATIONAL;Vanves, Hauts-de-Seine, Île-De-France, France, Antony, Europe;20;Financial Services;1999;"Recouvrement
+10";Privately Held;paris-contentieux.fr;
 Grow Your Business;Arras, Pas-de-Calais, Hauts-de-France, France, Arras, Europe;26;IT Services and IT Consulting;2019;"Javascript
+23";Privately Held;growyourbusiness.fr;
 Appolonia;Antibes, Alpes-Maritimes, Provence-Alpes-Côte D'Azur, France, Grasse, Europe;74;Software Development;2001;;Privately Held;appolonia.com;
 Hawaii;France, Europe;120;IT Services and IT Consulting;2010;"SharePoint.NET
+11";Partnership;hawaii.fr;
 Direction des systèmes d'information des Missions Locales;Tarbes, Hautes-Pyrénées, Occitanie, France, Tarbes, Europe;30;IT Services and IT Consulting;;;Nonprofit;dsiml.com;
 LAINX;Dardilly, Rhône, Auvergne-Rhône-Alpes, France, Lyon, Europe;53;Software Development;1996;;Privately Held;lainx.ai;
 Koredge;Besançon, Doubs, Bourgogne-Franche-Comté, France, Besançon, Europe;23;Technology, Information and Internet;2000;;Privately Held;koredge.fr;
 Agora Plus;Paris, Paris, Île-De-France, France, Europe;30;Software Development;2005;Editeur de logiciels and Hosting;Privately Held;agoraplus.fr;
 MYA Agence Global Search et Contenus;Paris, Paris, Île-De-France, France, Europe;24;Technology, Information and Internet;2015;"Visibilité Digitale
+23";Privately Held;agence-mya.fr;
 atomx.;Strasbourg, Bas-Rhin, Grand Est, France, Strasbourg, Europe;43;Software Development;2018;"Software
+9";Privately Held;atomx.com;
 Club2i;Lambersart, Nord, Hauts-de-France, France, Lille, Europe;22;IT Services and IT Consulting;2019;;Nonprofit;club2i.fr;
 heka;Paris, Paris, Île-De-France, France, Europe;20;IT Services and IT Consulting;2007;"bpogestion déléguée
+6";Partnership;heka.fr;
 ZENIDOC;Plan-de-Cuques, Bouches-du-Rhône, Provence-Alpes-Côte D'Azur, France, 1er Arr., Europe;21;Software Development;2002;;Privately Held;zenidoc.fr;
 EB Group;Saint-Cyr-au-Mont-d'Or, Rhône, Auvergne-Rhône-Alpes, France, Lyon, Europe;26;IT Services and IT Consulting;1998;;Privately Held;pple.fr;
 EXAS Consultant;Billère, Pyrénées-Atlantiques, Nouvelle-Aquitaine, France, Pau, Europe;66;Financial Services;1987;"Expertise Comptable
+11";;exas.fr;
 Jaya;Paris, Paris, Île-De-France, France, Europe;27;Technology, Information and Internet;2023;"RecrutementTech
+2";Privately Held;jaya.com;
 VDI - Partenaire Technologique;Lyon, Rhône, Auvergne-Rhône-Alpes, France, Lyon, Europe;23;IT Services and IT Consulting;1988;"télécominternet
+3";Partnership;vditelecom.fr;
 Orsenna;Maisons-Laffitte, Yvelines, Île-De-France, France, Saint-Germain-en-Laye, Europe;28;IT Services and IT Consulting;1989;;Privately Held;orsenna.com;
 PR2I FRANCE;Suresnes, Hauts-de-Seine, Île-De-France, France, Nanterre, Europe;21;IT Services and IT Consulting;2001;maintenance informatique assistance informatique prestataire informatique infogérance audit informatique externalisation informatique conseil informatique;Privately Held;pr2i.fr;
 Onset;Saint-Étienne-du-Valdonnez, Lozère, Occitanie, France, Mende, Europe;32;IT Services and IT Consulting;2017;"SFAERPBI
+2";Privately Held;onset.fr;
 Deltatech;Paris, Paris, Île-De-France, France, Europe;46;IT Services and IT Consulting;;;Privately Held;atom.com;
 Edunao;Paris, Paris, Île-De-France, France, Europe;34;IT Services and IT Consulting;2014;;Privately Held;edunao.com;
 Solicis;Gond-Pontouvre, Charente, Nouvelle-Aquitaine, France, Angoulême, Europe;21;IT Services and IT Consulting;2011;"Ingénierie numérique
+14";Privately Held;solicis.fr;
 UBPartner;France, Europe;21;Software Development;2011;"XBRLRegulatory Reporting Systems
+6";Privately Held;ubpartner.com;
 EKIPEA;Écrouves, Meurthe-et-Moselle, Grand Est, France, Toul, Europe;21;Software Development;2017;"CSELogiciel de gestion
+10";Self-Owned;ekipea.fr;
 EURO.TVS - TRAITEMENT VALEURS SERVICES;Aubervilliers, Seine-Saint-Denis, Île-De-France, France, Saint-Denis, Europe;124;IT Services and IT Consulting;1995;;Partnership;eurotvs.fr;
 ECGE Conseil;Paris, Paris, Île-De-France, France, Europe;67;Financial Services;;"AuditExpertise comptable
+8";Partnership;ecge-conseil.fr;
 Exo Partners;Charbonnières-les-Bains, Rhône, Auvergne-Rhône-Alpes, France, Lyon, Europe;42;IT Services and IT Consulting;1998;"développement logiciels
+5";Privately Held;exopartners.com;
 SIQUAL Informatique;Le Petit-Quevilly, Seine-Maritime, Normandie, France, Rouen, Europe;21;IT Services and IT Consulting;;"Informatique
+3";Privately Held;siqual.fr;
 Vocaza;Avignon, Vaucluse, Provence-Alpes-Côte D'Azur, France, Avignon, Europe;28;Software Development;2004;"Solutions d'enquêtes et de mesure de la satisfaction client
+5";Privately Held;vocaza.com;
 JVF;Toulouse, Haute-Garonne, Occitanie, France, Toulouse, Europe;28;IT Services and IT Consulting;2016;"Innovation
+12";Partnership;sfv-virologie.org;
 DOMOTELEC;Villenave-D'ornon, Nouvelle-Aquitaine, France;20;Technology, Information and Internet;2003;"climatisation
+6";Privately Held;domotelec.fr;
 GROUPE SITEL;Quillan, Aude, Occitanie, France, Limoux, Europe;38;IT Services and IT Consulting;2015;"Vidéosurveillance
+6";Privately Held;foundever.com;
 ALiA Consulting;France, Europe;28;IT Services and IT Consulting;2008;"conseilSAP
+1";Public Company;aliaconsulting.fr;
 MASTER TECHNOLOGIE;Villepinte, Seine-Saint-Denis, Île-De-France, France, Le Raincy, Europe;23;IT Services and IT Consulting;2006;"installation sur site
+3";Privately Held;mastertechnologie.fr;
 Agorinfo - Editeur de solutions logicielles;Isneauville, Seine-Maritime, Normandie, France, Rouen, Europe;24;Software Development;1985;"Editeur de solutions logicielles
+3";Privately Held;mappy.com;
 Datum ClearMind Sdn Bhd;Verdun, Meuse, Grand Est, France, Verdun, Europe;25;IT Services and IT Consulting;2000;"Business Systems
+2";Privately Held;com.my;
 Coreoz;France, Europe;48;IT Services and IT Consulting;2016;"UX Design
+14";Partnership;coreoz.com;
 Pixel8 Web Solutions & Consultancy Inc.;Lanta, Haute-Garonne, Occitanie, France, Toulouse, Europe;161;IT Services and IT Consulting;2016;"Mobile Development
+10";Privately Held;pixel8websolutions.com;
 Access Code school;Vesoul, Haute-Saône, Bourgogne-Franche-Comté, France, Vesoul, Europe;35;Technology, Information and Internet;2016;Formation développeur web et mobile;Educational;accesscodeschool.fr;
 Genymobile;Paris, Paris, Île-De-France, France, Europe;26;Software Development;2011;"Android for enterprise
+5";Privately Held;genymotion.com;
 PROSYST;Valenciennes, Nord, Hauts-de-France, France, Valenciennes, Europe;26;IT Services and IT Consulting;;"Industry 4.0R&D
+18";Privately Held;prosyst.fr;
 Born'one;Marcq-en-Barœul, Nord, Hauts-de-France, France, Lille, Europe;23;IT Services and IT Consulting;2004;"Help Desk
+10";Privately Held;e-pro.fr;
 France Attelage;Marquette-lez-Lille, Nord, Hauts-de-France, France, Lille, Europe;42;Technology, Information and Internet;2012;"attelage
+11";Privately Held;attelage.net;
 Becouze - Rouxel Tanguy;Plérin, Côtes-d'Armor, Bretagne, France, Saint-Brieuc, Europe;28;Financial Services;2009;"AuditConseil
+3";Privately Held;becouze-talents.com;
 eTrust by Cegedim;Boulogne-Billancourt, Hauts-de-Seine, Île-De-France, France, Boulogne-Billancourt, Europe;34;Software Development;;;Privately Held;cegedim.com;
 GRAND SHOOTING;Paris, Île-De-France, France;25;Software Development;2015;"Shooting
+3";Partnership;grand-shooting.com;
 Talents chez moi;Carcassonne, Aude, Occitanie, France, Carcassonne, Europe;287;Technology, Information and Internet;2017;"cuisineartisanat
+7";Self-Owned;talentschezmoi.fr;
 Etablissements Peugeot Frères;Neuilly-sur-Seine, Hauts-de-Seine, Île-De-France, France, Nanterre, Europe;21;Financial Services;1810;;Privately Held;peugeot-freres.fr;
 Absyss;Montrouge, Hauts-de-Seine, Île-De-France, France, Antony, Europe;54;Software Development;1990;"Ordonnanceur informatique
+12";Privately Held;absyss.fr;
 Unify Technologies;Paris, Paris, Île-De-France, France, Europe;21;Financial Services;2022;"Capital Market
+9";Privately Held;unifytechnologies.com;
 Apothesource, Inc.;Us, Val-d'Oise, Île-De-France, France, Pontoise, Europe;72;Software Development;2013;"healthcare
+4";Privately Held;apothesource.com;
 masolutionformation.com;Rouen, Seine-Maritime, Normandie, France, Rouen, Europe;33;IT Services and IT Consulting;2018;"WebdesignPrint
+17";Privately Held;masolutionformation.com;
 Adler Technologies;Créteil, Val-de-Marne, Île-De-France, France, Créteil, Europe;27;IT Services and IT Consulting;1998;"ERPPlanification Horaire
+11";Self-Owned;adlertechnologies.fr;
 I3S;Pont-Saint-Martin, Loire-Atlantique, Pays de la Loire, France, Nantes, Europe;24;IT Services and IT Consulting;2015;"Vidéosurveillance
+6";Privately Held;ensio.eu;
 SIMPAC;Guadeloupe, France, Europe;29;IT Services and IT Consulting;2002;"Numérisation
+15";Privately Held;simpac.fr;
 MxM;Paris, Paris, Île-De-France, France, Europe;36;Technology, Information and Internet;2008;"emaildeliverability
+1";Privately Held;collectifmxm.com;
 ACCRES Accountants & Belastingadviseurs B.V.;Miers, Lot, Occitanie, France, Gourdon, Europe;24;Financial Services;;"Accountancy
+5";Public Company;accresaccountants.com;
 MEG Digital;Paris, Paris, Île-De-France, France, Europe;26;IT Services and IT Consulting;2023;"Service informatique
+18";Privately Held;megdigital.io;
 Evolutec France;Gennevilliers, Hauts-de-Seine, Île-De-France, France, Nanterre, Europe;30;IT Services and IT Consulting;1989;"Automation
+3";Privately Held;evolutec.com;
 MATCHEM;Paris, Paris, Île-De-France, France, Europe;78;IT Services and IT Consulting;1946;médias hippiques et betting en ligne;Privately Held;matchem.fr;
 Fany-store.com;Paris, Paris, Île-De-France, France, Europe;168;Technology, Information and Internet;2020;;Privately Held;fany-store.com;
 En recherche d'opportunité;Paris, Paris, Île-De-France, France, Europe;195;IT Services and IT Consulting;2005;"InformatiqueJava
+17";Self-Employed;francetravail.fr;
 GTIE Château-Thierry;Essômes-sur-Marne, Aisne, Hauts-de-France, France, Château-Thierry, Europe;21;IT Services and IT Consulting;;"Travaux électriques souterrains et aériens HT-BT
+8";Privately Held;omexom.fr;
 SICORFE SANTE;Saint-Laurent-Blangy, Pas-de-Calais, Hauts-de-France, France, Arras, Europe;21;Financial Services;1991;Gestion Tiers Payant and Organisme Concentrateur Technique;Privately Held;sicorfe.com;
 AramisGroup;Saint-Pierre-du-Perray, Essonne, Île-De-France, France, Évry, Europe;32;Technology, Information and Internet;2001;"Création de sites web
+13";Privately Held;aramisgroup.fr;
 GPI France;Reims, Marne, Grand Est, France, Reims, Europe;38;Technology, Information and Internet;;;Public Company;gpigroup.com;
 OfficeEasy;Marcq-en-Barœul, Nord, Hauts-de-France, France, Lille, Europe;38;Technology, Information and Internet;2009;"Casques téléphoniques
+10";Self-Owned;officeeasy.fr;
 2FCI;Lille, Nord, Hauts-de-France, France, Lille, Europe;27;IT Services and IT Consulting;2012;"Site internet sur mesure
+9";Partnership;2fci.com;
 Coton.;Paris, Paris, Île-De-France, France, Europe;21;IT Services and IT Consulting;2019;;Self-Employed;coton.io;
 CICD;Bretteville-sur-Odon, Calvados, Normandie, France, Caen, Europe;43;Software Development;2003;;Privately Held;cicd.fr;
 Primed E-health;Bondy, Seine-Saint-Denis, Île-De-France, France, Bobigny, Europe;20;IT Services and IT Consulting;2020;"healthtech
+3";Privately Held;hugedomains.com;
 DocOne;Mérignac, Gironde, Nouvelle-Aquitaine, France, Bordeaux, Europe;83;IT Services and IT Consulting;2015;"GEDNUMERISATION
+6";Privately Held;groupediffusionplus.fr;
 SC MICRO;Landerneau, Finistère, Bretagne, France, Brest, Europe;24;Technology, Information and Internet;2007;;Privately Held;sc-micro.com;
 Imagina International (Aten : PME-PMI, Altitude, Loisirs, Médical);Meylan, Isère, Auvergne-Rhône-Alpes, France, Grenoble, Europe;30;Software Development;2003;;Privately Held;imagina-international.com;
 Persee;Lyon, Rhône, Auvergne-Rhône-Alpes, France, Lyon, Europe;20;IT Services and IT Consulting;2013;"Hydrogen
+17";Privately Held;persee.fr;
 ROWENTA FRANCE;Vernon, Eure, Normandie, France, Évreux, Europe;69;IT Services and IT Consulting;;;;rowenta.fr;
 EDIIS;Ambérac, Charente, Nouvelle-Aquitaine, France, Angoulême, Europe;117;Financial Services;2009;"Editique
+18";Privately Held;ediis.fr;
 EURO INFO;Prouvy, Nord, Hauts-de-France, France, Valenciennes, Europe;34;IT Services and IT Consulting;1996;;Partnership;euroinfo.fr;
 SPOCC;Paris, Paris, Île-De-France, France, Europe;23;IT Services and IT Consulting;2006;"M&A IT Expertise
+13";Privately Held;spocc.fr;
 Colibris;Balma, Haute-Garonne, Occitanie, France, Toulouse, Europe;22;IT Services and IT Consulting;2018;"pilotage
+21";Self-Owned;colibris.io;
 GCIC;Paris, Paris, Île-De-France, France, Europe;29;Financial Services;1990;;Privately Held;gcic.fr;
 Technodigit, part of Hexagon;Lyon, Rhône, Auvergne-Rhône-Alpes, France, Lyon, Europe;36;Software Development;2006;"Cultural Heritage
+15";Privately Held;welcometothejungle.com;
 JVL;Levallois-Perret, Hauts-de-Seine, Île-De-France, France, Nanterre, Europe;34;Software Development;1989;"Computer Network SecuritySOA
+10";Privately Held;lexus.fr;
 NAELAN;Saint-Didier-au-Mont-d'Or, Rhône, Auvergne-Rhône-Alpes, France, Lyon, Europe;29;Software Development;1992;"document management emailing mailing
+9";Privately Held;naelan.com;
 INOVATIC;Montigny-le-Bretonneux, Yvelines, Île-De-France, France, Versailles, Europe;25;IT Services and IT Consulting;2000;"algorithmie
+12";Self-Owned;inovatic.fr;
 C2iP L'Esprit Connecté;Montagny-lès-Buxy, Saône-et-Loire, Bourgogne-Franche-Comté, France, Chalon-sur-Saône, Europe;26;IT Services and IT Consulting;2003;;Privately Held;c2ip.com;
 numerik-ea;Paris, Paris, Île-De-France, France, Europe;29;Software Development;2016;"DigitalCommunication
+10";Privately Held;numerik-ea.fr;
 XDEMAT - Cabinet de conseil;Paris, Paris, Île-De-France, France, Europe;26;IT Services and IT Consulting;2011;"Dématérialisation
+9";Privately Held;xdemat.fr;
 PACO;Paris, Paris, Île-De-France, France, Europe;39;Technology, Information and Internet;2020;"start-up
+11";Partnership;paco.fr;
 APICEM;Coudekerque, Nord, Hauts-de-France, France, Dunkerque, Europe;23;Software Development;2001;"E-Santé
+3";Privately Held;apicrypt.org;
 TeleSoft;Paris, Paris, Île-De-France, France, Europe;21;Software Development;2007;;Self-Owned;telesoft.fr;
 CYBERG;Annonay, Ardèche, Auvergne-Rhône-Alpes, France, Tournon-sur-Rhône, Europe;26;Software Development;2013;"Etudes & Développements logiciels
+5";Partnership;cyberg.fr;
 CRISTAL Solutions;Neuilly-sur-Seine, Hauts-de-Seine, Île-De-France, France, Nanterre, Europe;20;Software Development;2014;"Conseil en ingénierie informatique
+12";Privately Held;cristal-solutions.fr;
 Negocom Atlantique SARL;Périgueux, Dordogne, Nouvelle-Aquitaine, France, Périgueux, Europe;36;Technology, Information and Internet;2005;;Privately Held;negocom-atlantique.com;
 Nautilux;Nantes, Loire-Atlantique, Pays de la Loire, France, Nantes, Europe;25;Software Development;2014;"Logiciel Libre
+3";Privately Held;nautilux.com;
 HANODALE SOLUTIONS SDN BHD;Tourcoing, Nord, Hauts-de-France, France, Lille, Europe;21;Software Development;2020;"Development
+4";Privately Held;hanodale.com;
 SIG-IMAGE;Bidart, Pyrénées-Atlantiques, Nouvelle-Aquitaine, France, Bayonne, Europe;26;Software Development;1993;;Privately Held;sigimage.com;
 Proximit, écosystème Numérique;Aixe-sur-Vienne, Haute-Vienne, Nouvelle-Aquitaine, France, Limoges, Europe;41;Technology, Information and Internet;2005;"infogérance
+9";Privately Held;proximit.fr;
 DHS;Bezons, Val-d'Oise, Île-De-France, France, Argenteuil, Europe;52;IT Services and IT Consulting;;;Self-Employed;dhs.fr;
 RCE;Artres, Nord, Hauts-de-France, France, Valenciennes, Europe;54;IT Services and IT Consulting;1979;"Vidéosurveillance
+6";Privately Held;rce-sa.com;
 YESWECANGE;Neuilly-sur-Seine, Hauts-de-Seine, Île-De-France, France, Nanterre, Europe;23;IT Services and IT Consulting;;"transformation numérique
+10";Privately Held;yeswecange.com;
 Gamac;St.-Maurice-la-Souterraine, Creuse, Nouvelle-Aquitaine, France, Guéret, Europe;40;IT Services and IT Consulting;1964;;Privately Held;gamac.fr;
 Evidency;Paris, Paris, Île-De-France, France, Europe;22;Software Development;;"gestion de la preuve digitale
+12";Privately Held;evidency.io;
 Ascanio;Montbonnot-Saint-Martin, Isère, Auvergne-Rhône-Alpes, France, Grenoble, Europe;85;Technology, Information and Internet;2004;;Privately Held;ascanio.io;
 Nouveaux Territoires;Marseille, Bouches-du-Rhône, Provence-Alpes-Côte D'Azur, France, 1er Arr., Europe;27;Software Development;2003;"DigitalData
+2";Privately Held;nouveauxterritoires.fr;
 InvestHub;Neuilly-sur-Seine, Hauts-de-Seine, Île-De-France, France, Nanterre, Europe;20;Financial Services;2021;"Développement logiciel
+8";Privately Held;investhub.org;
 GURÜ;Paris, Paris, Île-De-France, France, Europe;94;IT Services and IT Consulting;2016;"Growth Hacking
+3";Partnership;guru.fr;
 AerialGroup;La Haie-Fouassière, Loire-Atlantique, Pays de la Loire, France, Nantes, Europe;30;Technology, Information and Internet;1998;"Internet
+9";;aerialgroup.fr;
 Itelligence Business Solutions;Bolbec, Seine-Maritime, Normandie, France, Le Havre, Europe;30;IT Services and IT Consulting;2010;"CloudNetSuite
+9";Privately Held;itelligencesys.com;
 ESPACE TECHNOLOGIE;Challans, Vendée, Pays de la Loire, France, Les Sables-d'Olonne, Europe;61;IT Services and IT Consulting;1993;"Réseaux informatiques
+19";Self-Owned;espacetechnologie.fr;
 Values Associates;Paris, Paris, Île-De-France, France, Europe;24;Software Development;2007;"datavisualisation
+11";Privately Held;hugedomains.com;
 AutoJM;Morvillars, Territoire de Belfort, Bourgogne-Franche-Comté, France, Belfort, Europe;24;Technology, Information and Internet;1975;"vente auto
+11";Privately Held;autojm.fr;
 Groupe Kalycia (KMSI & CLARITEAM);Clichy, Hauts-de-Seine, Île-De-France, France, Nanterre, Europe;61;IT Services and IT Consulting;;"SIRH Paies spécifiques
+9";Privately Held;chooseyourboss.com;
 PROCAL;Lingolsheim, Bas-Rhin, Grand Est, France, Strasbourg, Europe;22;Software Development;1999;"Logiciels de CALEPINAGE
+3";Privately Held;procal.fr;
 CF Profina;Paris, Paris, Île-De-France, France, Europe;38;Financial Services;1994;;Partnership;cf-profina.com;
 ENERGIMOTIQUE;Puteaux, Hauts-de-Seine, Île-De-France, France, Nanterre, Europe;43;IT Services and IT Consulting;2009;"Gestion technique du bâtiment
+8";Privately Held;energimotique.com;
 Cabinet Louis Reynaud - CLR Labs;Gémenos, Bouches-du-Rhône, Provence-Alpes-Côte D'Azur, France, 1er Arr., Europe;29;IT Services and IT Consulting;2017;"Security
+25";Privately Held;cabinetlouis.fr;
 Flag | Orisha;Toulon, Var, Provence-Alpes-Côte D'Azur, France, Toulon, Europe;38;Software Development;1999;"Tourisme
+5";Privately Held;118712.fr;
 IP Network Services;Marquette-lez-Lille, Nord, Hauts-de-France, France, Lille, Europe;21;IT Services and IT Consulting;2011;"Infrastructure Réseau
+4";Privately Held;ipnetworkservices.fr;
 Mirabelle;Paris, Paris, Île-De-France, France, Europe;24;Financial Services;2024;;Privately Held;mirabelle.fr;
 FRS Consulting;Paris, Paris, Île-De-France, France, Europe;37;Financial Services;2011;"Research Tax Credit / Super Deductions in R&D
+4";Partnership;frsconsulting.fr;
 FGES Transaction;Lille, Nord, Hauts-de-France, France, Lille, Europe;21;Financial Services;;;Nonprofit;fges.fr;
 Placeholder;Troyes, Aube, Grand Est, France, Troyes, Europe;59;Software Development;2008;Software outsourcing company;Privately Held;available.forsale;
 @GPATGP;Rhône, Auvergne-Rhône-Alpes, France, Europe;46;Software Development;2000;"Dématérialisation
+10";Partnership;auvergnerhonealpes.fr;
 S2i Evolution;Levallois-Perret, Hauts-de-Seine, Île-De-France, France, Nanterre, Europe;29;IT Services and IT Consulting;2006;"Logiciels sur mesure
+20";Privately Held;s2i-evolution.eu;
 Human to Computer;Rouen, Seine-Maritime, Normandie, France, Rouen, Europe;24;Technology, Information and Internet;2006;"Sites Internet
+13";Privately Held;humantocomputer.com;
 IER Track & Trace;Suresnes, Hauts-de-Seine, Île-De-France, France, Nanterre, Europe;21;IT Services and IT Consulting;1962;"RFIDtraçabilité
+2";Privately Held;ier.com;
 Goria;Vern-sur-Seiche, Ille-et-Vilaine, Bretagne, France, Rennes, Europe;21;IT Services and IT Consulting;2025;"Intelligence artificielle
+4";Self-Owned;investmentnews.com;
 Azaé;Roubaix, Nord, Hauts-de-France, France, Lille, Europe;512;IT Services and IT Consulting;2011;"coaching agile
+2";Privately Held;azae.com;
 HENLEY;Paris, Paris, Île-De-France, France, Europe;38;Software Development;2009;"Logiciel
+10";Privately Held;henley.fr;
 MOTION4EVER;Carquefou, Loire-Atlantique, Pays de la Loire, France, Nantes, Europe;24;Technology, Information and Internet;2009;"E-commerce
+21";Privately Held;motion4ever.com;
 Softia;Le Kremlin-Bicêtre, Val-de-Marne, Île-De-France, France, L'Haÿ-les-Roses, Europe;22;IT Services and IT Consulting;2001;"ConsultingAMOA
+14";Privately Held;softia.fr;
 Crédit Municipal de Toulon;Toulon, Var, Provence-Alpes-Côte D'Azur, France, Toulon, Europe;29;Financial Services;1821;"Prêt-sur-gagecrédit
+1";Government Agency;credit-municipal-toulon.fr;
 toguna;Paris, Paris, Île-De-France, France, Europe;26;Software Development;2016;"SoftwareMobile
+11";Privately Held;toguna.com;
 SOFIDER;La Réunion, France, Europe;26;Financial Services;1978;;Privately Held;sofider.fr;
 ASAC-FAPES;Paris, Paris, Île-De-France, France, Europe;46;Financial Services;1961;"Cabinet de Courtage
+8";Privately Held;asac-fapes.fr;
 EURETEQ;Tarbes, Hautes-Pyrénées, Occitanie, France, Tarbes, Europe;60;IT Services and IT Consulting;1936;;Privately Held;eureteq.fr;
 Activis;Levallois-Perret, Hauts-de-Seine, Île-De-France, France, Nanterre, Europe;23;Technology, Information and Internet;2000;"Référencement naturelSEO
+13";Privately Held;activis.fr;
 Cabot Financial France;Caluire-et-Cuire, Rhône, Auvergne-Rhône-Alpes, France, Lyon, Europe;95;Financial Services;1984;;Privately Held;cabotfinancial.fr;
 RÉCOM;Eysines, Gironde, Nouvelle-Aquitaine, France, Bordeaux, Europe;46;IT Services and IT Consulting;2001;"ITInformatique
+15";Privately Held;recom.fr;
 PTF Vietnam;Troyes, Aube, Grand Est, France, Troyes, Europe;74;Financial Services;1998;"Consumer Finance
+10";Privately Held;cerfapp.fr;
 UmanIT;Nantes, Loire-Atlantique, Pays de la Loire, France, Nantes, Europe;27;Technology, Information and Internet;2010;;Partnership;umanit.fr;
 ACG-SYNERGIES;Bourg-en-Bresse, Ain, Auvergne-Rhône-Alpes, France, Bourg-en-Bresse, Europe;101;Software Development;1971;;Partnership;acg-synergies.fr;
 Soft Concept;Lyon, Rhône, Auvergne-Rhône-Alpes, France, Lyon, Europe;29;Software Development;1986;"Logiciels d'enquêtes et de reporting
+7";Privately Held;soft-concept.fr;
 Immopad;Meurthe-et-Moselle, Grand Est, France, Europe;20;Software Development;2011;"logiciel immobilier
+11";Partnership;immopad.com;
 MYOSOTIS;Albertville, Savoie, Auvergne-Rhône-Alpes, France, Albertville, Europe;90;IT Services and IT Consulting;2009;"Infrastructure informatique
+14";Privately Held;myosotis.fr;
 ATAKAMA Technologies;La Ciotat, Bouches-du-Rhône, Provence-Alpes-Côte D'Azur, France, 1er Arr., Europe;22;IT Services and IT Consulting;2015;"Loadrunner
+19";Privately Held;atakama-technologies.com;
 Mavani Solution;Périgueux, Dordogne, Nouvelle-Aquitaine, France, Périgueux, Europe;26;IT Services and IT Consulting;;"Mobile App Development & Web Development
+3";Self-Owned;mavanisolution.com;
 SERLINK;Vénissieux, Rhône, Auvergne-Rhône-Alpes, France, Lyon, Europe;22;IT Services and IT Consulting;2018;;Privately Held;serlink.fr;
 KS2;Angers, Maine-et-Loire, Pays de la Loire, France, Angers, Europe;30;Software Development;2010;"Gestion documentaireBPM
+7";Privately Held;ks2.fr;
 SOLUNE;Limoges, Haute-Vienne, Nouvelle-Aquitaine, France, Limoges, Europe;55;Software Development;1998;"GPAOERP
+15";Partnership;solune.com;
 KALITYS | AGENCE MARKETING DIGITAL;Villeurbanne, Rhône, Auvergne-Rhône-Alpes, France, Lyon, Europe;30;Technology, Information and Internet;2001;"réalisation site marchand
+22";Privately Held;kalitys.com;
 FAST Solutions;Paris, Paris, Île-De-France, France, Europe;26;Software Development;2006;;Privately Held;fastsolutions.com;
 Script&Go;Rennes, Ille-et-Vilaine, Bretagne, France, Rennes, Europe;38;Software Development;2011;solution digitale and Développement de logiciels;Privately Held;scriptgo.com;
 Pit;Lille, Nord, Hauts-de-France, France, Lille, Europe;189;IT Services and IT Consulting;2015;"#agilité#développement
+1";Partnership;lafrenchtechlille.com;
 NOVA-SEO;Lille, Nord, Hauts-de-France, France, Lille, Europe;51;Technology, Information and Internet;2005;"internet
+7";Partnership;nova-seo.com;
 heartside.fr;Saint-Médard-d'Eyrans, Gironde, Nouvelle-Aquitaine, France, Bordeaux, Europe;27;Software Development;2023;"Service d'Art Digital destiné aux entreprisesArt
+14";Privately Held;heartside.fr;
 ACCES;Bréviandes, Aube, Grand Est, France, Troyes, Europe;30;IT Services and IT Consulting;1994;"Solutions d'impression
+13";Privately Held;acces.fr;
 Optavis;Cesson-Sévigné, Ille-et-Vilaine, Bretagne, France, Rennes, Europe;34;Technology, Information and Internet;2005;"Applications mobiles
+4";Privately Held;optavis.fr;
 EVOGEST LOGEST;Orgeval, Yvelines, Île-De-France, France, Saint-Germain-en-Laye, Europe;22;Software Development;2007;Implémentation de Logiciels;Privately Held;evogest.fr;
 ALTEM;Bordeaux, Gironde, Nouvelle-Aquitaine, France, Bordeaux, Europe;37;Software Development;2006;;Privately Held;altem.fr;
 DIB France;Saint-Rémy-lès-Chevreuse, Yvelines, Île-De-France, France, Rambouillet, Europe;21;IT Services and IT Consulting;1992;;Privately Held;dib-france.fr;
 IoT.bzh;Lorient, Morbihan, Bretagne, France, Lorient, Europe;22;Software Development;;;Partnership;iot.bzh;
 Badges Indep;Mézy-sur-Seine, Yvelines, Île-De-France, France, Mantes-la-Jolie, Europe;69;Technology, Information and Internet;2008;;Privately Held;badges-indep.com;
 ADS - Digital Signage Solution;Avignon, Vaucluse, Provence-Alpes-Côte D'Azur, France, Avignon, Europe;22;Software Development;2018;"Affichage Dynamique
+11";Privately Held;perfectdomain.com;
 Arabuleu;Villepinte, Île-De-France, France;51;IT Services and IT Consulting;2021;;Privately Held;arabuleu.com;
 DÉFIS SRA;Gradignan, Gironde, Nouvelle-Aquitaine, France, Bordeaux, Europe;35;IT Services and IT Consulting;1996;"Sage100
+10";Privately Held;defisgroup.fr;
 FERCO;Gentilly, Val-de-Marne, Île-De-France, France, L'Haÿ-les-Roses, Europe;36;Financial Services;1965;"commissariat aux comptespaie
+13";Self-Employed;ferco.fr;
 info3 - a MINT Company;Paris, Paris, Île-De-France, France, Europe;29;IT Services and IT Consulting;2002;;Privately Held;themintcompany.com;
 Alpilink;Échirolles, Isère, Auvergne-Rhône-Alpes, France, Grenoble, Europe;66;Technology, Information and Internet;1991;"E-Commerce
+20";Privately Held;alpilink.fr;
 Capfinances 25;École-Valentin, Doubs, Bourgogne-Franche-Comté, France, Besançon, Europe;40;Financial Services;2015;"Transmission de patrimoine
+6";Partnership;capfinances.fr;
 01Mars;Nice, Alpes-Maritimes, Provence-Alpes-Côte D'Azur, France, Nice, Europe;248;Technology, Information and Internet;2008;"Conseils
+3";Privately Held;01mars.com;
 TECH'advantage;Rueil-Malmaison, Hauts-de-Seine, Île-De-France, France, Nanterre, Europe;59;IT Services and IT Consulting;1992;;Privately Held;tech-advantage.com;
 Linkway;Paris, Paris, Île-De-France, France, Europe;52;IT Services and IT Consulting;;"DYNATRACE
+6";Privately Held;linkway.fr;
 ADMINISTRATEUR RESEAUX TELECOM;Marseille, Bouches-du-Rhône, Provence-Alpes-Côte D'Azur, France, 1er Arr., Europe;57;IT Services and IT Consulting;;;;hellowork.com;
 aeconomia;Orléans, Loiret, Centre-Val de Loire, France, Orléans, Europe;20;Financial Services;2022;"financement immobilier
+8";Self-Employed;aeconomia.fr;
 WIN;Paris, Paris, Île-De-France, France, Europe;24;Technology, Information and Internet;2014;"Artifical Intelligence
+22";Privately Held;win-sport-school.com;
 Inspire, Junior-Entreprise;Saint-Étienne, Loire, Auvergne-Rhône-Alpes, France, Saint-Étienne, Europe;39;IT Services and IT Consulting;2008;"Développement Web
+4";Nonprofit;inspire-telecom.com;
 Alpilink;Échirolles, Isère, Auvergne-Rhône-Alpes, France, Grenoble, Europe;63;Technology, Information and Internet;1991;"E-Commerce
+20";Privately Held;alpilink.fr;
 ISIT;Plaisance-du-Touch, Haute-Garonne, Occitanie, France, Toulouse, Europe;54;Software Development;1991;"Systèmes embarqués
+20";Privately Held;isit.fr;
 Archean Technologies;Montauban, Tarn-et-Garonne, Occitanie, France, Montauban, Europe;21;IT Services and IT Consulting;2005;"Sonorisation
+4";Partnership;archean.bio;
 CDIP;Cergy, Val-d'Oise, Île-De-France, France, Pontoise, Europe;43;Software Development;1993;"logiciel genealogie
+4";Partnership;cdip.com;
 The Full Room;Paris, Paris, Île-De-France, France, Europe;26;Technology, Information and Internet;2008;;Privately Held;thefullroom.com;
 Aikoz;Paris, Paris, Île-De-France, France, Europe;78;Technology, Information and Internet;2024;"insights
+15";Privately Held;okuden.fr;
 Net Technologie;Paris, Paris, Île-De-France, France, Europe;20;IT Services and IT Consulting;2015;;Partnership;nettechnologie.fr;
 Novaway;Lyon, Rhône, Auvergne-Rhône-Alpes, France, Lyon, Europe;20;Technology, Information and Internet;2010;"Extranet / Intranet
+15";Privately Held;novaway.fr;
 A2C Courtage;Rennes, Ille-et-Vilaine, Bretagne, France, Rennes, Europe;21;Financial Services;2005;"Assurance-Crédit
+6";Privately Held;a2ccourtage.fr;
 YACAST;Paris, Paris, Île-De-France, France, Europe;33;IT Services and IT Consulting;2000;"AirplayDatas
+6";Privately Held;yacast.eu;
 Piter Solution VMS;Nantes, Loire-Atlantique, Pays de la Loire, France, Nantes, Europe;21;Software Development;2022;;Privately Held;piter.at;
 BOOPER;Ourlet, Nord, Hauts-de-France, France, Lille, Europe;32;Software Development;2014;"Pricing
+20";Privately Held;booper.fr;
 SAGIS AM - FAMILY OFFICE & GESTION D'ACTIFS;Paris, Paris, Île-De-France, France, Europe;20;Financial Services;2013;"Wealth management
+9";Privately Held;sagis-am.com;
 SRC Solution;Colomiers, Haute-Garonne, Occitanie, France, Toulouse, Europe;30;IT Services and IT Consulting;2004;"Télécommunication
+24";Privately Held;src-solution.com;
 Qualitelis;Courbevoie, Hauts-de-Seine, Île-De-France, France, Nanterre, Europe;24;Software Development;2009;"Satifaction client
+9";Privately Held;septeo.com;
 Numeric Analytics;Us, Val-d'Oise, Île-De-France, France, Pontoise, Europe;24;IT Services and IT Consulting;2006;"Advanced Analytics
+18";Privately Held;numericanalytics.com;
 Human's connexion : Concepteur et intégrateur de solutions open source;Toulouse, Haute-Garonne, Occitanie, France, Toulouse, Europe;27;IT Services and IT Consulting;2009;"ERPObjects connectés
+18";Privately Held;linktr.ee;
 Groupe NVL;L'Isle d'Espagnac, Charente, Nouvelle-Aquitaine, France, Angoulême, Europe;28;IT Services and IT Consulting;1985;"Applicatif : CEGIDSAGE
+11";Privately Held;nvl.fr;
 SCEPIA;Aix-en-Provence, Bouches-du-Rhône, Provence-Alpes-Côte D'Azur, France, Aix-en-Provence, Europe;26;Software Development;1982;;Privately Held;scepia.fr;
 La Fabrik à ID;Bischheim, Bas-Rhin, Grand Est, France, Strasbourg, Europe;36;Software Development;;;Privately Held;fabrikaid.com;
 Amitel;Villeurbanne, Rhône, Auvergne-Rhône-Alpes, France, Lyon, Europe;47;Software Development;1982;;;amitel.fr;
 ERT Intégration - Groupe Kardol;Massy, Essonne, Île-De-France, France, Palaiseau, Europe;40;Software Development;2002;;Self-Owned;groupe-kardol.fr;
 Groupe Facnote;Marseille, Bouches-du-Rhône, Provence-Alpes-Côte D'Azur, France, 1er Arr., Europe;20;Software Development;2015;"Génération des écritures comptables
+10";Partnership;groupefacnote.com;
 GDA (Global Digital Agency);Bron, Rhône, Auvergne-Rhône-Alpes, France, Lyon, Europe;38;Technology, Information and Internet;2002;"WebmarketingSEO
+4";Privately Held;gda.fr;
 FiNC Technologies;Saint-Yrieix-sur-Charente, Charente, Nouvelle-Aquitaine, France, Angoulême, Europe;48;IT Services and IT Consulting;2012;"wellness
+7";Privately Held;pple.fr;
 Custhome;Roquefort-la-Bédoule, Bouches-du-Rhône, Provence-Alpes-Côte D'Azur, France, 1er Arr., Europe;23;Software Development;;"Immobilier3D
+6";Partnership;custhome.fr;
 e-merchant;Asnières-sur-Seine, Hauts-de-Seine, Île-De-France, France, Nanterre, Europe;24;Technology, Information and Internet;2005;"E-Commerce Platform & Services
+2";Privately Held;e-merchant.com;
 Groupe Moabee;Riom, Puy-de-Dôme, Auvergne-Rhône-Alpes, France, Riom, Europe;33;IT Services and IT Consulting;2014;;Privately Held;moabee.com;
 Inmind;Paris, Paris, Île-De-France, France, Europe;24;IT Services and IT Consulting;;"innovation
+6";Privately Held;inmind.fr;
 AAM;Saint-Jean-de-Védas, Hérault, Occitanie, France, Montpellier, Europe;60;Financial Services;2013;"Audit légal
+10";Privately Held;audit-aam.fr;
 Operis;Orvault, Loire-Atlantique, Pays de la Loire, France, Nantes, Europe;86;Software Development;2009;"Urbanisme
+21";Self-Owned;operis.fr;
 Actirone;Paris, Paris, Île-De-France, France, Europe;21;IT Services and IT Consulting;2012;"SSIIConseils
+9";Partnership;actirone.fr;
 Akretion;Villeurbanne, Rhône, Auvergne-Rhône-Alpes, France, Lyon, Europe;20;Software Development;2009;"OdooPython
+9";Privately Held;akretion.com;
 Dailybiz;St.-Ouen, Seine-Saint-Denis, Île-De-France, France, Saint-Denis, Europe;22;Software Development;2004;;Partnership;dailybiz.com;
 Shop Application;Brest, Finistère, Bretagne, France, Brest, Europe;21;Software Development;2003;"Créateur site internet
+23";Privately Held;shop-application.com;
 LEDOUBLE;Paris, Paris, Île-De-France, France, Europe;23;Financial Services;1993;"Commissariat aux apports et à la fusion
+8";Privately Held;ledouble.fr;
 Bank and finance;Cannes, Alpes-Maritimes, Provence-Alpes-Côte D'Azur, France, Grasse, Europe;28;Financial Services;2019;"prêts d’argentprêts
+6";Privately Held;bankandfinance.eu;
 SMIE;Mouans-Sartoux, Alpes-Maritimes, Provence-Alpes-Côte D'Azur, France, Grasse, Europe;60;IT Services and IT Consulting;1975;"tower crane anticollision system
+3";Public Company;smie.fr;
 AmphiBee, agence WordPress;Béthune, Pas-de-Calais, Hauts-de-France, France, Béthune, Europe;22;Technology, Information and Internet;2018;"WordPress
+7";Privately Held;amphibee.fr;
 DEC;Allonnes, Sarthe, Pays de la Loire, France, Le Mans, Europe;49;Software Development;1996;"Réalité virtuelle
+3";Privately Held;dec-industrie.com;
 AKVIZE (ex CloudixIO);Paris, Paris, Île-De-France, France, Europe;28;IT Services and IT Consulting;2015;;Privately Held;akvize.com;
 Logikart;Paris, Paris, Île-De-France, France, Europe;21;IT Services and IT Consulting;2005;"Infogérance
+5";Privately Held;logikart.com;
 Cognix Systems;Rennes, Ille-et-Vilaine, Bretagne, France, Rennes, Europe;33;Technology, Information and Internet;2002;"Création de sites Internet
+9";Self-Owned;cognixsystems.com;
 SYSTONIC;Pessac, Gironde, Nouvelle-Aquitaine, France, Bordeaux, Europe;34;Technology, Information and Internet;1989;"Hebergement - Datacenters
+3";Privately Held;systonic.fr;
 ADMI France devient Blue;Gonfreville-l'Orcher, Seine-Maritime, Normandie, France, Le Havre, Europe;22;IT Services and IT Consulting;1996;"Gestion de projet
+3";Privately Held;bt-blue.com;
 RMR;Billy-Berclau, Pas-de-Calais, Hauts-de-France, France, Béthune, Europe;44;IT Services and IT Consulting;1969;"Formation certifiante Autodesk
+24";Privately Held;rmr-industries.com;
 AB+ SOFTWARE;Montpellier, Hérault, Occitanie, France, Montpellier, Europe;25;Software Development;2006;CARTOGRAPHIE DU SYSTEME D'INFORMATION;Privately Held;absoftware.com;
 MCA FINANCE;Angers, Maine-et-Loire, Pays de la Loire, France, Angers, Europe;26;Financial Services;1987;"Société de gestion de portefeuille
+12";Self-Owned;mcafinance.fr;
 BLACKMOON;St.-Jeoire-Prieuré, Savoie, Auvergne-Rhône-Alpes, France, Chambéry, Europe;21;Technology, Information and Internet;2021;;Privately Held;blackmoon.com;
 CEGELEASE - MEDILEASE - PHARMALEASE;Englos, Nord, Hauts-de-France, France, Lille, Europe;51;Financial Services;1962;"Leasing
+13";Privately Held;cegelease.fr;
 Vivaliente;Paris, Paris, Île-De-France, France, Europe;21;IT Services and IT Consulting;2013;"Oracle e-Business Suite
+10";Privately Held;vivaliente.com;
 TerraOps;Rouen, Seine-Maritime, Normandie, France, Rouen, Europe;23;IT Services and IT Consulting;;;Privately Held;terraops.fr;
 Quadra Informatique Sud-Ouest;Le Bouscat, Gironde, Nouvelle-Aquitaine, France, Bordeaux, Europe;39;IT Services and IT Consulting;2011;"Développements NTIJAVA
+10";Privately Held;lagazettefrance.fr;
 Informatique Bureau Service;Mennecy, Essonne, Île-De-France, France, Évry, Europe;51;IT Services and IT Consulting;1978;"Microsoft 365Sage
+31";Privately Held;les-scop.coop;
 LEAN TECHNOLOGY;Clichy, Hauts-de-Seine, Île-De-France, France, Nanterre, Europe;30;IT Services and IT Consulting;2018;"WMSTMS
+20";Self-Owned;roguefishmedia.com;
 Inibar Services;Montigny-le-Bretonneux, Yvelines, Île-De-France, France, Versailles, Europe;77;IT Services and IT Consulting;2009;"Conseil
+5";Privately Held;inibar.eu;
 Ektor;Dijon, Côte-d'Or, Bourgogne-Franche-Comté, France, Dijon, Europe;27;IT Services and IT Consulting;1989;"Systèmes d'impression
+7";Privately Held;ektor.fr;
 SORA.fr;Tours, Indre-et-Loire, Centre-Val de Loire, France, Tours, Europe;40;IT Services and IT Consulting;2015;;Privately Held;sora.fr;
 BUZZ | Sound Of Innovation;Lyon, Rhône, Auvergne-Rhône-Alpes, France, Lyon, Europe;34;IT Services and IT Consulting;2023;;Privately Held;buzztechnologies.com;
 GIVE ME FIVE;Nantes, Loire-Atlantique, Pays de la Loire, France, Nantes, Europe;31;IT Services and IT Consulting;2020;"fomation
+14";Self-Owned;give-me-five.fr;
 EdFin;Nice, Alpes-Maritimes, Provence-Alpes-Côte D'Azur, France, Nice, Europe;44;Financial Services;2018;;Nonprofit;edfin.net;
 FERROPEM;Chambéry, Savoie, Auvergne-Rhône-Alpes, France, Chambéry, Europe;120;IT Services and IT Consulting;;;;ferropem.com;
 Amen.fr;Paris, Paris, Île-De-France, France, Europe;162;Technology, Information and Internet;;"Nom de domaine
+10";Privately Held;amen.fr;
 Horizon Groupe Microstore, Iso Rhône-Alpes & Chryséis;Montbonnot-Saint-Martin, Isère, Auvergne-Rhône-Alpes, France, Grenoble, Europe;70;IT Services and IT Consulting;1984;"Infrastructures sécurisées
+7";Privately Held;horizongroupe.fr;
 AEON Finance;Troyes, Aube, Grand Est, France, Troyes, Europe;85;Financial Services;1998;"Consumer Finance
+10";Privately Held;hugedomains.com;
 ADELYA - Loyalty Operator;Labège, Haute-Garonne, Occitanie, France, Toulouse, Europe;34;Software Development;2005;"Fidélisation client
+18";Partnership;adelya.com;
 LOGIQE;Valbonne, Alpes-Maritimes, Provence-Alpes-Côte D'Azur, France, Grasse, Europe;26;IT Services and IT Consulting;2022;"Intégrateur
+31";Privately Held;logiqe.fr;
 Scan Center;Afa, Corse-du-Sud, Corse, France, Ajaccio, Europe;41;IT Services and IT Consulting;2000;"Numérisation
+14";Privately Held;zeendoc.com;
 Monnoyeur Information System (MIS);Saint-Denis, Seine-Saint-Denis, Île-De-France, France, Saint-Denis, Europe;38;IT Services and IT Consulting;2018;"digitalCRM
+2";Privately Held;monnoyeur.com;
 M&IA;Paris, Paris, Île-De-France, France, Europe;28;Financial Services;2025;"Valorisation d'entreprise
+6";Privately Held;alumneye.fr;
 InSitu;Montigny-le-Bretonneux, Yvelines, Île-De-France, France, Versailles, Europe;40;Software Development;1995;;Partnership;insitu.fr;
 E-DENTIC - Barcodis;Vourles, Rhône, Auvergne-Rhône-Alpes, France, Lyon, Europe;23;IT Services and IT Consulting;2003;"Matériels radiofréquences
+6";;edentic.io;
 Taureaux du Panthéon;Paris, Paris, Île-De-France, France, Europe;39;Financial Services;2017;"financeassociation
+5";Nonprofit;nextwise.fr;
 Comores En Ligne SAS;Paris, Paris, Île-De-France, France, Europe;22;Technology, Information and Internet;2018;e-Commerce and Services en ligne;Privately Held;comores-en-ligne.fr;
 Développement web freelance;Fillinges, Haute-Savoie, Auvergne-Rhône-Alpes, France, Saint-Julien-en-Genevois, Europe;24;Technology, Information and Internet;2015;"sites Internet
+5";Self-Employed;hugedomains.com;
 ARFADA For Development And Consultations.;Adast, Hautes-Pyrénées, Occitanie, France, Argelès-Gazost, Europe;40;Financial Services;2016;CONSULTANCY;Self-Owned;arfada.org;
 Delta Sertec;Marseille, Bouches-du-Rhône, Provence-Alpes-Côte D'Azur, France, 1er Arr., Europe;52;IT Services and IT Consulting;1979;"Vidéosureillance
+11";Partnership;deltasertec.com;
 Extel;Paris, Paris, Île-De-France, France, Europe;26;IT Services and IT Consulting;1986;"assurance de personnes
+4";Privately Held;extel.fr;
 It's Time;Paris, Paris, Île-De-France, France, Europe;21;IT Services and IT Consulting;2012;"Direction de projets et de programme
+3";Partnership;itstime.com;
 Expose;Paris, Paris, Île-De-France, France, Europe;24;Technology, Information and Internet;2004;"marketplaceevent
+11";Privately Held;expose.fr;
 OUF;Cannes, Alpes-Maritimes, Provence-Alpes-Côte D'Azur, France, Grasse, Europe;20;Software Development;2022;"portage entrepreneurial
+3";Self-Owned;festival-cannes.com;
 Nextale Games;Montpellier, Hérault, Occitanie, France, Montpellier, Europe;20;Software Development;2016;"Work for hire
+9";Privately Held;nextalegames.com;
 Alliance Informatique;Entzheim, Bas-Rhin, Grand Est, France, Strasbourg, Europe;28;IT Services and IT Consulting;2002;"Sécurité Informatique
+7";Privately Held;allianceinformatique.com;
 Les Courtières.fr;Orléans, Loiret, Centre-Val de Loire, France, Orléans, Europe;20;Financial Services;;;Self-Employed;lescourtieres.fr;
 NDA;Paris, Paris, Île-De-France, France, Europe;78;IT Services and IT Consulting;2020;"CloudCybersécurité
+5";Privately Held;nda-paris.com;
 IP ServerOne;Gravelines, Nord, Hauts-de-France, France, Dunkerque, Europe;67;Technology, Information and Internet;2003;"Infrastructure as a Service
+14";Public Company;ipserverone.com;
 Meditek Yazılım;Bourgoin-Jallieu, Isère, Auvergne-Rhône-Alpes, France, La Tour-du-Pin, Europe;25;IT Services and IT Consulting;2011;"İş Güvenliği
+3";Partnership;meditekshop.com;
 FGROUP;Montceau-les-Mines, Saône-et-Loire, Bourgogne-Franche-Comté, France, Chalon-sur-Saône, Europe;20;Financial Services;2020;;Public Company;fgroup.com;
 Réseauglass;Nanterre, Hauts-de-Seine, Île-De-France, France, Nanterre, Europe;22;Software Development;;"Gestion de dossier bris de glace
+4";Privately Held;reseauglass.fr;
 CPP-SYSTEM;Ballainvilliers, Essonne, Île-De-France, France, Palaiseau, Europe;25;IT Services and IT Consulting;;;Partnership;euroquity.com;
 HOOKTO;Lyon, Rhône, Auvergne-Rhône-Alpes, France, Lyon, Europe;28;IT Services and IT Consulting;2021;"RubyRails
+6";Partnership;hookto.fr;
 Stor Solutions;La Réunion, France, Europe;25;IT Services and IT Consulting;1969;"Cloud Computing
+4";Partnership;hugedomains.com;
 Smart Agence | Digital Agency;Paris, Paris, Île-De-France, France, Europe;20;Technology, Information and Internet;2004;"Stratégie digitale
+26";Privately Held;smartagence.com;
 CloudControl;Issy-les-Moulineaux, Hauts-de-Seine, Île-De-France, France, Boulogne-Billancourt, Europe;22;Software Development;2001;"Opérateur alternative (VoIP/Terminaison d’appel/Solution Call Center)CRM
+30";Privately Held;cloudcontrol.fr;
 SAS CYBERJET;Le Teich, Gironde, Nouvelle-Aquitaine, France, Arcachon, Europe;21;Software Development;;;Self-Owned;cyberjet.fr;
 Elips Solution;Caen, Calvados, Normandie, France, Caen, Europe;21;Software Development;2016;;Privately Held;elips-solution.fr;
 Corporations;Paris, Paris, Île-De-France, France, Europe;29;Financial Services;2021;;Self-Owned;corporations.fr;
 beCPG;France, Europe;20;Software Development;2010;"plmFood and Beverage
+9";Privately Held;becpg.net;
 GoldenMarket;Paris, Paris, Île-De-France, France, Europe;24;Technology, Information and Internet;1999;"Référencement Naturel (SEO)
+13";Partnership;goldenmarket.fr;
 Percall Group Siemens Partner;Lyon, Rhône, Auvergne-Rhône-Alpes, France, Lyon, Europe;81;IT Services and IT Consulting;;"PLMCAD
+20";Partnership;percallgroup.com;
 Gandhidham Computers;Illange, Moselle, Grand Est, France, Thionville, Europe;49;IT Services and IT Consulting;2018;;Self-Owned;gandhidhamcomputers.com;
 INTERCONSULT;Montpellier, Hérault, Occitanie, France, Montpellier, Europe;26;Software Development;1983;;Privately Held;interconsult.fr;
 ASGA;Reims, Marne, Grand Est, France, Reims, Europe;25;IT Services and IT Consulting;2006;;Privately Held;asga.fr;
 6TI;Orléans, Loiret, Centre-Val de Loire, France, Orléans, Europe;24;IT Services and IT Consulting;1997;"SSIIInformatique
+5";Partnership;6ti.fr;
 GRAINBOW;Noisy-le-Grand, Seine-Saint-Denis, Île-De-France, France, Le Raincy, Europe;55;Software Development;1995;"Market information
+8";Privately Held;grainbow.fr;
 SERVIO Technologies;La Chapelle-Thouarault, Ille-et-Vilaine, Bretagne, France, Rennes, Europe;27;IT Services and IT Consulting;2019;"HRMS Solutions
+3";Privately Held;e-pro.fr;
 Tekwin;Ferrières-en-Brie, Seine-et-Marne, Île-De-France, France, Torcy, Europe;25;IT Services and IT Consulting;;"MSPCybersécurité
+9";Privately Held;tekwin.fr;
 CREA2F;Ramonville-Saint-Agne, Haute-Garonne, Occitanie, France, Toulouse, Europe;21;Technology, Information and Internet;2000;;Self-Owned;crea2f.com;
 Hozzway Group;Lyon, Rhône, Auvergne-Rhône-Alpes, France, Lyon, Europe;61;IT Services and IT Consulting;;;Privately Held;hozzway.fr;
 Softage;Poitiers, Vienne, Nouvelle-Aquitaine, France, Poitiers, Europe;42;IT Services and IT Consulting;2007;"Imprimantes d’étiquettes Toshiba Tec
+20";Privately Held;softage.fr;
 NOVALINK;Ardèche, Auvergne-Rhône-Alpes, France, Tournon-sur-Rhône, Europe;74;IT Services and IT Consulting;1996;"Services Managés
+4";Privately Held;novalink.com;
 Flow Factory;Aix-en-Provence, Bouches-du-Rhône, Provence-Alpes-Côte D'Azur, France, Aix-en-Provence, Europe;30;IT Services and IT Consulting;2017;"K2 blackpearl
+8";Partnership;flowfactory.fr;
 Digitanie, terroir numérique;Saverdun, Ariège, Occitanie, France, Pamiers, Europe;21;IT Services and IT Consulting;2017;"Sites internet
+9";Self-Owned;digitanie.org;
 COMUNIC;Chavanod, Haute-Savoie, Auvergne-Rhône-Alpes, France, Annecy, Europe;58;IT Services and IT Consulting;2004;"Téléphonie
+5";Privately Held;comunic.fr;
 SINARI (ex-Aplus Informatique);Nice, Alpes-Maritimes, Provence-Alpes-Côte D'Azur, France, Nice, Europe;20;Software Development;1976;"Informatique
+14";Privately Held;sinari.com;
 CashOnTime;Limonest, Rhône, Auvergne-Rhône-Alpes, France, Lyon, Europe;21;Software Development;;;;cashontime.com;
 Mandriva;Paris, Paris, Île-De-France, France, Europe;34;Software Development;1998;"LinuxSoftware Vendor
+4";Public Company;wikipedia.org;
 SATIA CONSEIL;Martinique, France, Europe;23;Financial Services;2007;Défiscalisation industrielle outremer;Partnership;satia-conseil.com;
 MEETRIX;Serris, Seine-et-Marne, Île-De-France, France, Torcy, Europe;24;IT Services and IT Consulting;2007;"Citrix CSA / CSP
+16";Privately Held;meetrix.fr;
 Computech;France, Europe;23;IT Services and IT Consulting;2000;"IT Strategy Consulting
+18";Privately Held;computech.fr;
 Valuein;Neuilly-sur-Seine, Hauts-de-Seine, Île-De-France, France, Nanterre, Europe;20;Software Development;2016;"ZuoraSAP
+12";Privately Held;valuein.fr;
 SCJ INFORMATIQUE;Mont-Saint-Aignan, Seine-Maritime, Normandie, France, Rouen, Europe;22;Software Development;1985;"Sites Web eCommerce BtoB
+13";Privately Held;scj.fr;
 GAP;Cherbourg-Octeville, Normandie, France;175;Software Development;2017;"AmianteLogiciel
+2";Privately Held;rome2rio.com;
 Microlog;Joué-lès-Tours, Indre-et-Loire, Centre-Val de Loire, France, Tours, Europe;31;Software Development;1982;;Privately Held;microlog.io;
 Prelys Rachat de Crédits;Tours, Indre-et-Loire, Centre-Val de Loire, France, Tours, Europe;44;Financial Services;2013;"CréditsRachat de crédits
+3";Privately Held;prelys-courtage.com;
 MB;Île-De-France, France, Europe;55;Technology, Information and Internet;2000;"AdsInternational
+7";Partnership;mbidf.com;
 BLZ;Rouvroy, Pas-de-Calais, Hauts-de-France, France, Arras, Europe;36;Technology, Information and Internet;2007;Vente a distance sur Catalogue Géneral and pret a porter;Privately Held;repreneurs.com;
 Vialife;Paris, Paris, Île-De-France, France, Europe;20;IT Services and IT Consulting;;;Public Company;vialife.fr;
 ORME;Labège, Haute-Garonne, Occitanie, France, Toulouse, Europe;46;Software Development;1996;;Privately Held;orme.com;
 Mio (Ex Memorizer AI);Paris, Paris, Île-De-France, France, Europe;20;Technology, Information and Internet;2019;;Privately Held;apple.com;
 meSoigner;Bègles, Gironde, Nouvelle-Aquitaine, France, Bordeaux, Europe;25;Technology, Information and Internet;2013;"santéinformatique
+9";Partnership;mesoigner.fr;
 ENOVA;Avelin, Nord, Hauts-de-France, France, Lille, Europe;25;IT Services and IT Consulting;2001;"infogérance
+12";Self-Owned;enova.fr;
 ARSOE de Soual;Soual, Tarn, Occitanie, France, Castres, Europe;21;IT Services and IT Consulting;1968;"Edition de logiciels
+3";Privately Held;arsoe-soual.com;
 Synalcom;France, Europe;34;Financial Services;2007;"solutions monétiques
+16";Partnership;synalcom.fr;
 TGI - Techniques Gestion Informatique;Lyon, Rhône, Auvergne-Rhône-Alpes, France, Lyon, Europe;49;Software Development;1982;"Edition de logiciels
+12";Privately Held;tgi.fr;
 Creative Systems Engineering - CSE;Paris, Paris, Île-De-France, France, Europe;21;Software Development;1989;"Régie publicitaire
+5";Partnership;creativesystems.com;
 LCS Groupe plenITude;Clichy, Île-De-France, France;36;IT Services and IT Consulting;1999;"Systèmes et RéseauxERP
+5";Privately Held;lcsgroup.fr;
 SRCI (Groupe Salvia Développement);Chartres, Eure-et-Loir, Centre-Val de Loire, France, Chartres, Europe;21;Software Development;1986;;Privately Held;srci.fr;
 OKPLAST;St.-Priest, Rhône, Auvergne-Rhône-Alpes, France, Lyon, Europe;151;Software Development;;;;okplast-ci.com;
 GROUP V.I.I ORIGIN;Paris, Paris, Île-De-France, France, Europe;21;IT Services and IT Consulting;2014;"IT Management
+7";Partnership;groupviiorigin.com;
 Datatilt;Paris, Paris, Île-De-France, France, Europe;22;Software Development;;IBM Planning Analytics / IBM Cognos TM1;Privately Held;datatilt.fr;
 Biig;Paris, Paris, Île-De-France, France, Europe;25;Technology, Information and Internet;2013;Stratégie Digitale and Éditeur de solutions digitales;Partnership;biig.fr;
 ACTUAL Systèmes;Le Haillan, Gironde, Nouvelle-Aquitaine, France, Bordeaux, Europe;41;IT Services and IT Consulting;1992;"Distributeur informatique à valeur ajoutée
+22";Partnership;actualsystemes.com;
 Andishe Computer (اندیشه کامپیوتر);St.-Andiol, Bouches-du-Rhône, Provence-Alpes-Côte D'Azur, France, Arles, Europe;50;Software Development;1992;Software Engineering company;Privately Held;andc.ir;
 ADS;Balma, Haute-Garonne, Occitanie, France, Toulouse, Europe;110;Software Development;2005;;Privately Held;ads31.com;
 INGE-COM;Asnières-sur-Seine, Hauts-de-Seine, Île-De-France, France, Nanterre, Europe;48;Software Development;1988;"SharePoint
+11";Partnership;ingecom.fr;
 Etoffe.com;Joinville-le-Pont, Val-de-Marne, Île-De-France, France, Nogent-sur-Marne, Europe;22;Technology, Information and Internet;2010;"Tissu d'ameublement
+4";Privately Held;etoffe.com;
 athom;Paris, Paris, Île-De-France, France, Europe;21;Technology, Information and Internet;2015;"Prototypage
+18";Privately Held;homey.app;
 Sesin;Marseille, Bouches-du-Rhône, Provence-Alpes-Côte D'Azur, France, 1er Arr., Europe;27;Software Development;1976;;Privately Held;sesin.fr;
 Benzin;Saint-Mandé, Val-de-Marne, Île-De-France, France, Nogent-sur-Marne, Europe;22;Technology, Information and Internet;2017;"vente aux enchères
+6";Privately Held;benzin.fr;
 Ski Loisirs Diffusion;Limonest, Rhône, Auvergne-Rhône-Alpes, France, Lyon, Europe;20;Technology, Information and Internet;2012;"E-commerce
+9";Partnership;skiloisirsdiffusion.com;
 C3rb Informatique | Orphée;La Loubière, Aveyron, Occitanie, France, Rodez, Europe;45;Software Development;1990;"Médiathèques
+29";Privately Held;c3rb.com;
 Meridia France;Lyon, Rhône, Auvergne-Rhône-Alpes, France, Lyon, Europe;26;Financial Services;;;Self-Owned;meridia.co;
 INFOCERT France;Paris, Paris, Île-De-France, France, Europe;26;IT Services and IT Consulting;2000;"Certification de logiciels et de systèmes
+19";Privately Held;infocert.com;
 FAAS;Courbevoie, Hauts-de-Seine, Île-De-France, France, Nanterre, Europe;32;Financial Services;2019;"DAF externalisé
+7";Privately Held;faas.com;
 IANORD;Sailly-lez-Lannoy, Nord, Hauts-de-France, France, Lille, Europe;37;Software Development;1990;"logiciel
+11";Self-Owned;ianord.fr;
 AdN Conseils;Chauny, Aisne, Hauts-de-France, France, Laon, Europe;29;Software Development;;;Privately Held;adnconseils.fr;
 WonderMiles;Paris, Paris, Île-De-France, France, Europe;39;IT Services and IT Consulting;;;Privately Held;wondermiles.com;
 IPSILAN NETWORKS;Bièvres, Essonne, Île-De-France, France, Palaiseau, Europe;59;IT Services and IT Consulting;1997;"collaboration
+6";Partnership;ipsilan-networks.fr;
 Cabestan;Montrouge, Hauts-de-Seine, Île-De-France, France, Antony, Europe;72;Technology, Information and Internet;1998;"Gestion des données CRM et de votre audience web
+7";Partnership;cabestan.fr;
 MobileIT;Limoges, Haute-Vienne, Nouvelle-Aquitaine, France, Limoges, Europe;22;Software Development;2006;"Logistique
+12";Privately Held;mobileit.fr;
 Page Up - Groupe Ubi Solutions;Dijon, Côte-d'Or, Bourgogne-Franche-Comté, France, Dijon, Europe;38;Software Development;1998;"Développement WEB
+12";Privately Held;pageup.fr;
 WinMedia;La Ciotat, Bouches-du-Rhône, Provence-Alpes-Côte D'Azur, France, 1er Arr., Europe;21;Software Development;1995;;Privately Held;winmedia.fr;
 Cash Services - 2SF;Saint-Denis, Seine-Saint-Denis, Île-De-France, France, Saint-Denis, Europe;99;Financial Services;2022;;Self-Owned;cash-services.fr;
 EuroTitres;Charenton-le-Pont, Val-de-Marne, Île-De-France, France, Créteil, Europe;50;Financial Services;;;Privately Held;groupebpce.com;
 ARGENCE DEVELOPPEMENT - Groupe Crédit Agricole;Roubaix, Nord, Hauts-de-France, France, Lille, Europe;105;Financial Services;1998;"Assurance
+4";Privately Held;wizbii.com;
 COBER;Paris, Paris, Île-De-France, France, Europe;32;IT Services and IT Consulting;2016;;Self-Owned;cober.fr;
 CERCLE ENTREPRISE;Paray-le-Monial, Saône-et-Loire, Bourgogne-Franche-Comté, France, Charolles, Europe;27;Technology, Information and Internet;1972;maisons individuelles and ERP - Bâtiments tertiaires;Public Company;cercle-entreprise.fr;
 MD6 Consulting;Entzheim, Bas-Rhin, Grand Est, France, Strasbourg, Europe;25;IT Services and IT Consulting;2014;"Infrastructure
+20";Partnership;md6.fr;
 MLH Consulting;Noisy-le-Grand, Seine-Saint-Denis, Île-De-France, France, Le Raincy, Europe;29;IT Services and IT Consulting;2015;"Test logiciel
+9";Privately Held;mlhconsulting.fr;
 CONNECT;Mérignac, Gironde, Nouvelle-Aquitaine, France, Bordeaux, Europe;21;Software Development;;"Network Monitoring
+13";Privately Held;hubspot.com;
 Ignite Outsourcing;Us, Val-d'Oise, Île-De-France, France, Pontoise, Europe;23;IT Services and IT Consulting;2006;"Project ManagmentAgile
+7";Privately Held;igniteoutsourcing.com;
 RnD;Paris, Paris, Île-De-France, France, Europe;173;Technology, Information and Internet;2002;"Marketing digital
+19";Partnership;rnd.fr;
 CHANGE by Fidso;Bordeaux, Gironde, Nouvelle-Aquitaine, France, Bordeaux, Europe;24;Financial Services;2010;"Bureau de Change
+18";Privately Held;fidso-change.com;
 Micro Credit Finance;Bordeaux, Gironde, Nouvelle-Aquitaine, France, Bordeaux, Europe;46;Financial Services;2000;;Partnership;micropay.com;
 四川摩奇;Ifs, Calvados, Normandie, France, Caen, Europe;25;IT Services and IT Consulting;2010;;Privately Held;trip.com;
 MAONO;Triquerville, Seine-Maritime, Normandie, France, Le Havre, Europe;35;Technology, Information and Internet;2019;"strategie
+10";Partnership;maono.com;
 TELMAT Industrie;Levallois-Perret, Hauts-de-Seine, Île-De-France, France, Nanterre, Europe;27;IT Services and IT Consulting;;"TélécomInternet
+2";Privately Held;telmat.fr;
 Solufinance;Paris, Paris, Île-De-France, France, Europe;28;Financial Services;2004;"Location financière
+4";Privately Held;solufinance.fr;
 Ocean Data Systems;Marseille, Bouches-du-Rhône, Provence-Alpes-Côte D'Azur, France, 1er Arr., Europe;23;Software Development;2004;"Industrial Automation
+3";Privately Held;zoneindustrie.com;
 Alliance High Tech (Groupe AGP);Meyreuil, Bouches-du-Rhône, Provence-Alpes-Côte D'Azur, France, Aix-en-Provence, Europe;29;IT Services and IT Consulting;2004;"Gestion externalisée des achats
+7";Privately Held;groupe-agp.com;
 APO'G;Montrouge, Hauts-de-Seine, Île-De-France, France, Antony, Europe;25;IT Services and IT Consulting;2002;"Téléphonie
+8";Privately Held;apog.net;
 SOFTWAY MEDICAL BIOLOGIE;Rognac, Bouches-du-Rhône, Provence-Alpes-Côte D'Azur, France, Istres, Europe;23;Software Development;1995;;Partnership;softwaymedicalbiologie.com;
 MY FINANCE;Lyon, Rhône, Auvergne-Rhône-Alpes, France, Lyon, Europe;21;Financial Services;2018;;Self-Employed;myfinance.fr;
 Saphir Group;Versailles, Yvelines, Île-De-France, France, Versailles, Europe;365;IT Services and IT Consulting;;;Privately Held;saphir.com;
 goLive;Paris, Paris, Île-De-France, France, Europe;27;Technology, Information and Internet;2018;"Webmastering
+5";Privately Held;golive.agency;
 Memorizer AI;Paris, Paris, Île-De-France, France, Europe;20;Technology, Information and Internet;2019;;Privately Held;maddyness.com;
 3Si;Guéret, Creuse, Nouvelle-Aquitaine, France, Guéret, Europe;35;Software Development;1983;"LADGED
+2";Privately Held;3si.fr;
 Asterop;Montrouge, Hauts-de-Seine, Île-De-France, France, Antony, Europe;21;Software Development;1999;"Geomarketing
+12";Partnership;asterop.com;
 Axess Industries;Strasbourg, Bas-Rhin, Grand Est, France, Strasbourg, Europe;20;Technology, Information and Internet;2006;"Manutention
+12";Privately Held;axess-industries.com;
 RocketFin;Lyon, Rhône, Auvergne-Rhône-Alpes, France, Lyon, Europe;36;Software Development;2025;;Partnership;rocketfin.ai;
 ENSAE Finance & Investissement;Palaiseau, Essonne, Île-De-France, France, Palaiseau, Europe;22;Financial Services;;"Finance
+8";Educational;ensae.fr;
 Ateja - Intégrateur Solutions ERP & CRM;Villeneuve-d'Ascq, Nord, Hauts-de-France, France, Lille, Europe;22;IT Services and IT Consulting;2012;"SageCRMCRM
+6";Privately Held;ateja.fr;
 Macaron;Paris, Paris, Île-De-France, France, Europe;35;IT Services and IT Consulting;;"Smart City
+6";Privately Held;macaron.fr;
 FINANCIERE DE LA SEINE;Paris, Paris, Île-De-France, France, Europe;21;Financial Services;1973;Gestion privée and Gestion de patrimoine;Privately Held;financieredelaseine.fr;
 DWPRO;Aix-en-Provence, Bouches-du-Rhône, Provence-Alpes-Côte D'Azur, France, Aix-en-Provence, Europe;26;IT Services and IT Consulting;2009;"visioconférence
+11";Privately Held;dwpro.fr;
 Fleet Services Group;Rennes, Ille-et-Vilaine, Bretagne, France, Rennes, Europe;72;IT Services and IT Consulting;2003;"SalesMkg
+6";Privately Held;fleetservices.fr;
 HIIT Consulting;Lyon, Rhône, Auvergne-Rhône-Alpes, France, Lyon, Europe;28;IT Services and IT Consulting;2017;"Java / J2EEAgile
+5";Partnership;hiitconsulting.com;
 Carbase;Roissy-en-France, Val-d'Oise, Île-De-France, France, Sarcelles, Europe;34;Software Development;1999;"DMSDistribution automobile
+4";Privately Held;carbase.fr;
 #NoComment;Levallois-Perret, Hauts-de-Seine, Île-De-France, France, Nanterre, Europe;23;Technology, Information and Internet;2018;"Social Media Strategy
+7";Partnership;nocomment.fr;
 Clyo Systems;Paris, Paris, Île-De-France, France, Europe;22;Software Development;2006;"logiciel de caisse
+7";Privately Held;clyosystems.com;
 PROVEXI;Rosières-près-Troyes, Aube, Grand Est, France, Troyes, Europe;63;Software Development;2003;"Immobilier
+10";Partnership;provexi.fr;
 AureXus;Sainte-Gemmes-sur-Loire, Maine-et-Loire, Pays de la Loire, France, Angers, Europe;23;Software Development;;"Content conversion & digitization
+2";Privately Held;aurexus.com;
 Gambi-M;Bagnols-sur-Cèze, Gard, Occitanie, France, Nîmes, Europe;32;IT Services and IT Consulting;2016;"Jumeau numérique
+7";Privately Held;nuclearvalley.com;
 Primafrance Systems SAS;Asnières-sur-Seine, Hauts-de-Seine, Île-De-France, France, Nanterre, Europe;20;IT Services and IT Consulting;1997;"Oil & GasAEC
+16";Privately Held;primafrance.com;
 SECA SYSTEMES - Ingénierie des systèmes;Lyon, Rhône, Auvergne-Rhône-Alpes, France, Lyon, Europe;24;IT Services and IT Consulting;2006;"Ingénierie
+5";Privately Held;seca-systemes.com;
 Money 30;Saint-Denis, Seine-Saint-Denis, Île-De-France, France, Saint-Denis, Europe;26;IT Services and IT Consulting;;;Public Company;money30.fr;
 LiveE;Nantes, Loire-Atlantique, Pays de la Loire, France, Nantes, Europe;20;IT Services and IT Consulting;2015;"événementiel
+11";Privately Held;livee.com;
 Mental Works;Compiègne, Hauts-De-France, France;28;IT Services and IT Consulting;2000;"Agence digitale
+24";Privately Held;mentalworks.fr;
 HD INFO;Hauts-de-Seine, Île-De-France, France, Nanterre, Europe;27;IT Services and IT Consulting;;;Partnership;perfectdomain.com;
 ISIMEDIA;Saint-Mathieu-de-Tréviers, Hérault, Occitanie, France, Montpellier, Europe;22;IT Services and IT Consulting;1996;"WINDEV
+11";Privately Held;isimedia.com;
 ASG Courtage;Neuilly-sur-Seine, Hauts-de-Seine, Île-De-France, France, Nanterre, Europe;25;Financial Services;2010;"Banque
+5";Privately Held;asgcourtage.com;
 AUXITEC INDUSTRIE;Le Havre, Seine-Maritime, Normandie, France, Le Havre, Europe;91;IT Services and IT Consulting;;;;rse-annuaire.net;
 iMDEO | Software & IT infrastructures;Joué-lès-Tours, Indre-et-Loire, Centre-Val de Loire, France, Tours, Europe;35;IT Services and IT Consulting;2004;"Interfaçage SI et autres outils
+9";Privately Held;imdeo.com;
 Esabora Digital Services (Rexel Digital Applications);Saint-Étienne, Loire, Auvergne-Rhône-Alpes, France, Saint-Étienne, Europe;37;Software Development;1992;"développement web
+2";Privately Held;esabora-digital-services.com;
 JHH Applications;Bordeaux, Gironde, Nouvelle-Aquitaine, France, Bordeaux, Europe;66;Software Development;2015;"3D interactive
+4";Partnership;jhhapplications.com;
 LACOUR GROUP;Saint-Doulchard, Cher, Centre-Val de Loire, France, Bourges, Europe;213;Software Development;1985;"Secteur de l'après-vente automobile
+6";Privately Held;lacour.fr;
 Aikini Brand Strategy;Marseille, Bouches-du-Rhône, Provence-Alpes-Côte D'Azur, France, 1er Arr., Europe;22;Technology, Information and Internet;2017;"Marketing
+28";Privately Held;aikini.fr;
 PHARMALAND-LSI;Paris, Paris, Île-De-France, France, Europe;24;Software Development;1983;"SantéEditions de logiciels de gestion d'Officines
+2";Partnership;pharmaland.fr;
 ECOMSOFT;Limoges, Haute-Vienne, Nouvelle-Aquitaine, France, Limoges, Europe;27;Software Development;2011;"Informatique
+10";Self-Owned;ecomsoft.fr;
 Thalia Patrimoine : Gestion de Patrimoine - Immobilier - Assurance;Bordeaux, Gironde, Nouvelle-Aquitaine, France, Bordeaux, Europe;21;Financial Services;2012;"Gestion de patrimoine
+12";Self-Owned;thalia-patrimoine.com;
 Synalp Groupe;Méry, Savoie, Auvergne-Rhône-Alpes, France, Chambéry, Europe;66;Financial Services;;;Privately Held;synalp.fr;
 Altaïs;Orléans, Loiret, Centre-Val de Loire, France, Orléans, Europe;21;Technology, Information and Internet;1996;"Magento
+10";Partnership;altais.fr;
 LS;Paris, Paris, Île-De-France, France, Europe;56;IT Services and IT Consulting;;;Privately Held;lsparis.fr;
 ADCI;Bétheny, Marne, Grand Est, France, Reims, Europe;30;Software Development;1996;"Développement de logiciels pour le BTP
+3";Self-Owned;adci.fr;
 Sogescot;Cesson-Sévigné, Ille-et-Vilaine, Bretagne, France, Rennes, Europe;24;Software Development;;"solution logicielle
+8";Privately Held;sogescot.com;
 THEIA-IT;Orléans, Loiret, Centre-Val de Loire, France, Orléans, Europe;29;Technology, Information and Internet;2023;Cybersécurité and Prestations de services;Partnership;hugedomains.com;
 Theodo GovTech;Paris, Paris, Île-De-France, France, Europe;37;Technology, Information and Internet;2023;;Privately Held;theodo.com;
 Cabrilog;Fontaine, Isère, Auvergne-Rhône-Alpes, France, Grenoble, Europe;25;Software Development;2000;"éducation
+4";Privately Held;atom.com;
 L'imprévu;Paris, Paris, Île-De-France, France, Europe;22;Technology, Information and Internet;2014;"mediainformation
+3";Partnership;limprevu.fr;
 Université de La Rochelle;La Rochelle, Charente-Maritime, Nouvelle-Aquitaine, France, La Rochelle, Europe;116;Technology, Information and Internet;;;;univ-larochelle.fr;
 iRDP;Paris, Paris, Île-De-France, France, Europe;27;IT Services and IT Consulting;2017;"ITventeaudit
+4";Partnership;irdp.fr;
 VIP CONSEILS;Paris, Paris, Île-De-France, France, Europe;45;Financial Services;1988;;Self-Owned;vipconseils.fr;
 Neoma Capital Partners;Reims, Marne, Grand Est, France, Reims, Europe;22;Financial Services;2024;"Asset ManagementAudit
+4";Partnership;neomacapitalpartners.com;
 Connexit;Vaulx-en-Velin, Rhône, Auvergne-Rhône-Alpes, France, Lyon, Europe;32;IT Services and IT Consulting;2006;"Système de surveillance
+7";Privately Held;connexit.fr;
 ABSYS Informatique;Cavaillon, Vaucluse, Provence-Alpes-Côte D'Azur, France, Apt, Europe;29;Software Development;1994;;Privately Held;absys-info.fr;
 Black Oak;Lyon, Rhône, Auvergne-Rhône-Alpes, France, Lyon, Europe;26;IT Services and IT Consulting;2018;"Gouvernance SI
+8";Privately Held;black-oak.fr;
 Mioche Studio;Paris, Paris, Île-De-France, France, Europe;29;Technology, Information and Internet;2016;"Social Media
+8";Privately Held;miochestudio.com;
 SharePlace;Paris, Paris, Île-De-France, France, Europe;36;Software Development;2019;Saas and Startup;Privately Held;shareplace.com;
 NETWORK SYSTEMS;Le Kremlin-Bicêtre, Val-de-Marne, Île-De-France, France, L'Haÿ-les-Roses, Europe;28;IT Services and IT Consulting;;;Partnership;network-systems.fr;
 EGA;Saint-Cyr-au-Mont-d'Or, Rhône, Auvergne-Rhône-Alpes, France, Lyon, Europe;35;Financial Services;1985;gestion de patrimoine;Privately Held;valoriacapital.fr;
 Scienomics;Paris, Paris, Île-De-France, France, Europe;37;Software Development;2004;"Molecular Modeling
+13";Privately Held;scienomics.com;
 Sincrone IT;Échirolles, Isère, Auvergne-Rhône-Alpes, France, Grenoble, Europe;71;IT Services and IT Consulting;;;Privately Held;sincrone-it.fr;
 FIFA Clearing House SAS;Paris, Paris, Île-De-France, France, Europe;26;Financial Services;;;Public Company;fifa.com;
 Teleric;Amiens, Somme, Hauts-de-France, France, Amiens, Europe;22;Software Development;2007;;Privately Held;teleric.net;
 IPTEK;Bordeaux, Gironde, Nouvelle-Aquitaine, France, Bordeaux, Europe;27;IT Services and IT Consulting;2006;;Self-Owned;iptek.fr;
 Cooperativa El Bienestar;Fossès-et-Baleyssac, Gironde, Nouvelle-Aquitaine, France, Langon, Europe;55;Financial Services;1962;;Nonprofit;google.com;
 MethodeWeb;Paris, Paris, Île-De-France, France, Europe;24;Technology, Information and Internet;;;Privately Held;methodeweb.com;
 Jenkaa;Rezé, Loire-Atlantique, Pays de la Loire, France, Nantes, Europe;32;IT Services and IT Consulting;2018;;Privately Held;jenkaa.com;
 HERAKLES;Vannes, Morbihan, Bretagne, France, Vannes, Europe;156;Software Development;1990;;Privately Held;herakles.com;
 Amabis;Bourg-la-Reine, Hauts-de-Seine, Île-De-France, France, Antony, Europe;29;Software Development;1996;"Data Management
+10";Partnership;amabis.com;
 QUOTEX;Angers, Maine-et-Loire, Pays de la Loire, France, Angers, Europe;67;Software Development;2010;"Intégrateur de QUICK DEVIS et QDV7
+10";Privately Held;quotex.eu;
 Melody;Toulouse, Haute-Garonne, Occitanie, France, Toulouse, Europe;53;Software Development;2010;"CMS éditorial
+4";Self-Owned;melody.fr;
 Servimax Servicios Globales;Decazeville, Aveyron, Occitanie, France, Villefranche-de-Rouergue, Europe;21;Financial Services;2015;;Partnership;servimax.fr;
 Exa;Saint-Germain-en-Laye, Yvelines, Île-De-France, France, Saint-Germain-en-Laye, Europe;24;IT Services and IT Consulting;1988;"cloudinfrastructure
+4";Privately Held;exa.fr;
 IAS;Laudun-l'Ardoise, Gard, Occitanie, France, Nîmes, Europe;75;IT Services and IT Consulting;2013;"Réalité Virtuelle
+12";Privately Held;laudunlardoise.fr;
 GROUPE TOPENSI;Calais, Pas-de-Calais, Hauts-de-France, France, Calais, Europe;23;IT Services and IT Consulting;2011;"Télécoms
+8";Privately Held;groupe-topensi.fr;
 MANGANELLI TECHNOLOGY;Saint-Denis, Seine-Saint-Denis, Île-De-France, France, Saint-Denis, Europe;33;IT Services and IT Consulting;2005;"audiovisuel
+6";Partnership;manganelli.com;
 Aiga;Lyon, Rhône, Auvergne-Rhône-Alpes, France, Lyon, Europe;105;Software Development;1980;"Éditeur de logiciels
+19";Partnership;aiga.fr;
 PoC Innovation;Le Kremlin-Bicêtre, Val-de-Marne, Île-De-France, France, L'Haÿ-les-Roses, Europe;36;IT Services and IT Consulting;2017;"IoTSecurity
+8";Nonprofit;poc-innovation.fr;
 Allianz Partners Malaysia;Changé, Mayenne, Pays de la Loire, France, Laval, Europe;38;Financial Services;;"Home Assistance and Extended Warranty
+3";Privately Held;allianzworldwidepartners.com;
 SOGECC;Paris, Paris, Île-De-France, France, Europe;27;Financial Services;1961;"comptabilité
+9";Privately Held;sogecc.com;
 Neresys;Gardanne, Bouches-du-Rhône, Provence-Alpes-Côte D'Azur, France, Aix-en-Provence, Europe;54;IT Services and IT Consulting;1987;"PhotocopieursGED
+8";Partnership;neresys.com;
 SAHELYS Gabon;Campbon, Loire-Atlantique, Pays de la Loire, France, Saint-Nazaire, Europe;27;Software Development;2006;"télécommunication
+5";Partnership;sahelys.com;
 Anakeen;Paris, Paris, Île-De-France, France, Europe;23;Software Development;1998;"Business Application
+13";Privately Held;anakeen.com;
 SolPay Tax Free;Le Cannet, Alpes-Maritimes, Provence-Alpes-Côte D'Azur, France, Grasse, Europe;38;Financial Services;2008;"DétaxeDétaxe Online
+1";Partnership;solpay.com;
 Agitel Groupe;Paris, Paris, Île-De-France, France, Europe;29;IT Services and IT Consulting;2007;"informatique
+4";Privately Held;agitel.fr;
 ABASE;Nantes, Loire-Atlantique, Pays de la Loire, France, Nantes, Europe;67;IT Services and IT Consulting;1993;"Informatique
+8";Privately Held;repreneurs.com;
 Sogedi;Haute-Goulaine, Loire-Atlantique, Pays de la Loire, France, Nantes, Europe;121;Financial Services;1994;;Privately Held;sogedi.fr;
 Spie batignolles ITM+;Nanterre, Hauts-de-Seine, Île-De-France, France, Nanterre, Europe;20;IT Services and IT Consulting;;;Self-Owned;spiebatignolles.fr;
 COREPULSE;Paris, Paris, Île-De-France, France, Europe;22;Software Development;2016;;Privately Held;corepulse.fr;
 TKTOG | T'inquiète On Gère !;Paris, Paris, Île-De-France, France, Europe;21;Financial Services;2017;"Ressources humaines
+3";Partnership;tktog.com;
 DV EXPERTS;Lyon, Rhône, Auvergne-Rhône-Alpes, France, Lyon, Europe;44;Financial Services;1998;"ACCOMPAGNEMENT START UP
+11";Partnership;dv-experts.com;
 Média Softs;Vigneux-de-Bretagne, Loire-Atlantique, Pays de la Loire, France, Nantes, Europe;39;Software Development;1992;;Privately Held;mediasofts.fr;
 IS Consulting;Arpajon, Essonne, Île-De-France, France, Palaiseau, Europe;21;IT Services and IT Consulting;2002;;Privately Held;isconsulting.fr;
 PROLOGIA;Villemomble, Seine-Saint-Denis, Île-De-France, France, Bobigny, Europe;34;Software Development;1984;"réalisations de prestation d’expertise et de conseil
+2";Privately Held;prologia.fr;
 LCMH;Mulhouse, Haut-Rhin, Grand Est, France, Mulhouse, Europe;84;IT Services and IT Consulting;2009;"AWSShopify
+1";Privately Held;lcmh.fr;
 Axéo FM;Muret, Haute-Garonne, Occitanie, France, Muret, Europe;23;IT Services and IT Consulting;1991;"Scanner Laser 3D
+18";Privately Held;axeofm.com;
 Softavera;Noisy-le-Grand, Seine-Saint-Denis, Île-De-France, France, Le Raincy, Europe;49;Technology, Information and Internet;2013;;Privately Held;softavera.com;
 Limber;Bègles, Gironde, Nouvelle-Aquitaine, France, Bordeaux, Europe;29;IT Services and IT Consulting;2015;"Content Marketing
+7";Privately Held;limber.io;
 INTRAPOLE;Mennecy, Essonne, Île-De-France, France, Évry, Europe;24;IT Services and IT Consulting;2004;"Service Client
+14";Partnership;intrapole.fr;
 EUROVAT;St.-Herblain, Loire-Atlantique, Pays de la Loire, France, Nantes, Europe;55;Financial Services;1995;"Récupération de TVA
+2";Privately Held;eurovat.com;
 Cafom Distribution;Le Pré-Saint-Gervais, Seine-Saint-Denis, Île-De-France, France, Bobigny, Europe;27;IT Services and IT Consulting;;;;mappy.com;
 NFrance;Toulouse, Haute-Garonne, Occitanie, France, Toulouse, Europe;27;IT Services and IT Consulting;1997;"Hébergement
+16";Privately Held;nfrance.com;
 Good ID;Clichy, Hauts-de-Seine, Île-De-France, France, Nanterre, Europe;21;IT Services and IT Consulting;2016;"Google Cloud
+19";Partnership;goodid.fr;
 Idigao;Paris, Paris, Île-De-France, France, Europe;32;IT Services and IT Consulting;2005;"Flux de données (ETL
+11";Privately Held;idigao.fr;
 Baby Sittor;Paris, Paris, Île-De-France, France, Europe;165;Technology, Information and Internet;2013;"Babysitting
+3";Partnership;babysittor.com;
 GroupeFBO;La Roche-sur-Yon, Vendée, Pays de la Loire, France, La Roche-sur-Yon, Europe;43;IT Services and IT Consulting;1976;"Application
+8";Self-Owned;groupefbo.com;
 DICSIT INFORMATIQUE;Villers-lès-Nancy, Meurthe-et-Moselle, Grand Est, France, Nancy, Europe;35;Software Development;;;Privately Held;equasens.com;
 LNSEBUROCLASS;Dommartin, Rhône, Auvergne-Rhône-Alpes, France, Lyon, Europe;20;IT Services and IT Consulting;2000;"GEDGestion documentaire
+5";Privately Held;lnse.fr;
 SI4YOU;Versailles, Yvelines, Île-De-France, France, Versailles, Europe;34;IT Services and IT Consulting;2005;"Accompagnement au changement
+22";Privately Held;siforyou.com;
 Hédon Associés;Lyon, Rhône, Auvergne-Rhône-Alpes, France, Lyon, Europe;21;Financial Services;2019;"Recherche & Développement et Innovation (CIR – CII - JEI)
+3";Privately Held;hedon-associes.com;
 SMART iT;Paris, Paris, Île-De-France, France, Europe;99;IT Services and IT Consulting;2005;"Cloud Computing
+11";Privately Held;smart-it.fr;
 TSI Consulting Services;Paris, Paris, Île-De-France, France, Europe;23;IT Services and IT Consulting;2011;"Test Logiciel
+2";Privately Held;tsiconsultingservices.com;
 Ma Mensualité;Verquigneul, Pas-de-Calais, Hauts-de-France, France, Béthune, Europe;64;Financial Services;2019;"Rachat de crédits
+3";Self-Employed;mamensualite.fr;
 Super Infomatics Tech Solutions LLP;Aubagne, Bouches-du-Rhône, Provence-Alpes-Côte D'Azur, France, 1er Arr., Europe;34;IT Services and IT Consulting;1998;"Cloud Solutions
+16";Privately Held;indiafilings.com;
 Planisphère Info;Fréjus, Var, Provence-Alpes-Côte D'Azur, France, Draguignan, Europe;21;IT Services and IT Consulting;1992;"informatique
+9";Privately Held;planisphereinfo.com;
 Express Credit;Aydat, Puy-de-Dôme, Auvergne-Rhône-Alpes, France, Clermont-Ferrand, Europe;23;Financial Services;2019;;Self-Employed;contact-banque.com;
 Le Laborantin;Évreux, Eure, Normandie, France, Évreux, Europe;22;Technology, Information and Internet;2001;"b2bb2c
+5";Partnership;laborantin.fr;
 Display Media;Aytré, Charente-Maritime, Nouvelle-Aquitaine, France, La Rochelle, Europe;21;Software Development;2010;;Privately Held;displaymedia.fr;
 Viatelease;Île-De-France, France, Europe;34;Financial Services;2005;"Télécom
+7";Privately Held;viatelease.fr;
 PUISSANCE I;Saint-Jean-de-Védas, Hérault, Occitanie, France, Montpellier, Europe;30;IT Services and IT Consulting;1994;"TMS (Transport Management System)
+7";Privately Held;puissance-i.com;
 ORONE;Boulogne-Billancourt, Hauts-de-Seine, Île-De-France, France, Boulogne-Billancourt, Europe;57;IT Services and IT Consulting;1993;"Means of payment
+3";Privately Held;mappy.com;
 TEAMNET;Paris, Paris, Île-De-France, France, Europe;35;Software Development;;"informatique
+3";Privately Held;teamnet.fr;
 DELTA TECHNOLOGIES;La Ferté-Bernard, Sarthe, Pays de la Loire, France, Mamers, Europe;52;IT Services and IT Consulting;1986;"Matériel informatique
+22";Self-Owned;deltatechnologies.fr;
 MonEcho (Vidal Group);Plaisir, Yvelines, Île-De-France, France, Versailles, Europe;23;Software Development;2009;"DICOMRIS
+8";Privately Held;monecho.fr;
 Nicolaudie Group - LightingSoft AG;Montpellier, Hérault, Occitanie, France, Montpellier, Europe;26;Software Development;1989;;Privately Held;nicolaudiegroup.com;
 ACE Audit et Conseil des Entreprises;Aix-en-Provence, Bouches-du-Rhône, Provence-Alpes-Côte D'Azur, France, Aix-en-Provence, Europe;27;Financial Services;1985;"Expert comptable
+8";Privately Held;audit-ace.com;
 Aurera;Paris, Paris, Île-De-France, France, Europe;54;IT Services and IT Consulting;2016;"transformation numérique Azure
+5";Privately Held;aurera.fr;
 Winsoft International;Grenoble, Isère, Auvergne-Rhône-Alpes, France, Grenoble, Europe;27;IT Services and IT Consulting;1985;"software internationalization
+5";Privately Held;winsoft-international.com;
 Triyom Softwares Private Limited;Saint-Georges-d'Orques, Hérault, Occitanie, France, Montpellier, Europe;26;Software Development;2020;"Software
+3";Privately Held;zaubacorp.com;
 Sefima;Marseille, Bouches-du-Rhône, Provence-Alpes-Côte D'Azur, France, 1er Arr., Europe;27;Financial Services;1991;;Partnership;sefima.com;
 DBM MAROC;Quimperlé, Finistère, Bretagne, France, Quimper, Europe;65;IT Services and IT Consulting;1992;;Privately Held;o-marcoco-restaurant-quimperle.fr;
 DotVision;Moissy-Cramayel, Seine-et-Marne, Île-De-France, France, Melun, Europe;21;Software Development;2010;"Internet Of Things
+6";Self-Owned;dotvision.com;
 Zoomcar SAS;Rennes, Ille-et-Vilaine, Bretagne, France, Rennes, Europe;27;Technology, Information and Internet;;"annonces automobiles
+12";Privately Held;zoomcar.com;
 CLARITY;Paris, Paris, Île-De-France, France, Europe;28;IT Services and IT Consulting;2016;"Expertise TM1
+8";Partnership;clarity.io;
 Proteus Group;Courbevoie, Hauts-de-Seine, Île-De-France, France, Nanterre, Europe;37;Technology, Information and Internet;2025;Defense;Nonprofit;seqens.com;
 BECOMS;Clermont-Ferrand, Puy-de-Dôme, Auvergne-Rhône-Alpes, France, Clermont-Ferrand, Europe;21;IT Services and IT Consulting;1997;"Systèmes clients serveurs Windows et Mac
+16";Privately Held;becoms.tech;
 Auto-entreprise;Paris, Paris, Île-De-France, France, Europe;538;Technology, Information and Internet;;;Self-Employed;autoentreprise.com;
 ISIS;Prades-le-Lez, Hérault, Occitanie, France, Montpellier, Europe;37;Software Development;2014;"Impression
+16";Self-Owned;isis.fr;
 IAS;Laudun-l'Ardoise, Gard, Occitanie, France, Nîmes, Europe;76;IT Services and IT Consulting;2013;"Réalité Virtuelle
+15";Privately Held;laudunlardoise.fr;
 CREDISSIMMO CARRIERE;Montmorency, Val-d'Oise, Île-De-France, France, Sarcelles, Europe;94;Financial Services;2004;;Self-Owned;credissimmo.fr;
 LOCKimmo;Mouy, Oise, Hauts-de-France, France, Clermont, Europe;29;Software Development;2006;"Gestion locative
+7";Self-Owned;lockimmo.com;
 SOMAFI-SOGUAFI;Martinique, France, Europe;72;Financial Services;1970;Société de financement;Privately Held;somafi-soguafi.fr;
 Epiconcept NGO;Paris, Paris, Île-De-France, France, Europe;21;Software Development;1999;"Gestion financière
+12";Privately Held;epiconcept.fr;
 IVS - Intelligent video software;Ourlet, Nord, Hauts-de-France, France, Lille, Europe;25;Software Development;2015;"French Tech
+7";Self-Owned;ipivs.com;
 TRADIM SAS;Paris, Paris, Île-De-France, France, Europe;33;Software Development;1998;;Privately Held;tradim.fr;
 GÉO SOFT AQUITAINE;Martillac, Gironde, Nouvelle-Aquitaine, France, Bordeaux, Europe;29;Software Development;1989;"SantéEditeurs de logiciels
+10";Privately Held;geosoft.fr;
 DAE Hipotecaria SA de CV SOFOM ENR;Menton, Alpes-Maritimes, Provence-Alpes-Côte D'Azur, France, Nice, Europe;25;Financial Services;2012;"CREDITO TRADICIONAL
+5";Privately Held;daehipotecaria.net;
 ACS Informatique Impression Digitalisation;Chambéry, Savoie, Auvergne-Rhône-Alpes, France, Chambéry, Europe;21;IT Services and IT Consulting;1979;"Solution Logiciel
+17";Privately Held;acsinformatique.fr;
 Orbeet;Paris, Paris, Île-De-France, France, Europe;42;IT Services and IT Consulting;2022;"intégration
+11";Partnership;orbeet.fr;
 ROS Digital Grand Sud Est;Lyon, Rhône, Auvergne-Rhône-Alpes, France, Lyon, Europe;33;IT Services and IT Consulting;;"Solution d'impression
+3";Partnership;rosdigital.fr;
 Ouest Consulting IP3G;Cesson-Sévigné, Ille-et-Vilaine, Bretagne, France, Rennes, Europe;26;IT Services and IT Consulting;;"Cloud computting
+18";Privately Held;ouest-consulting.net;
 J2S: Just Simple Solutions;Nord, Hauts-de-France, France, Lille, Europe;52;Software Development;1999;"Layout-driven & content-driven automatic generation
+4";Privately Held;vimeo.com;
 Deutsche Leasing France;Rueil-Malmaison, Hauts-de-Seine, Île-De-France, France, Nanterre, Europe;24;Financial Services;1994;;Privately Held;deutsche-leasing.com;
 Exm Company;Toulouse, Haute-Garonne, Occitanie, France, Toulouse, Europe;39;Technology, Information and Internet;1986;;Privately Held;exmcompany.com;
 Exaduo;Malakoff, Hauts-de-Seine, Île-De-France, France, Antony, Europe;20;IT Services and IT Consulting;2010;"Education
+14";Privately Held;exaduo.fr;
 ISOCEL E.Leclerc;Pessac, Gironde, Nouvelle-Aquitaine, France, Bordeaux, Europe;94;Software Development;2015;;Privately Held;isocele.fr;
 DEAL SOFTWARE;Pessac, Gironde, Nouvelle-Aquitaine, France, Bordeaux, Europe;49;Software Development;1983;"ERPGESTION FINANCIERE
+8";Partnership;afternic.com;
 Fiduciaire Rive Gauche;Paris, Paris, Île-De-France, France, Europe;35;Financial Services;1976;"ConseilAudit
+14";Privately Held;fiduciaire-rive-gauche.fr;
 CFI Tech;Meyreuil, Bouches-du-Rhône, Provence-Alpes-Côte D'Azur, France, Aix-en-Provence, Europe;22;IT Services and IT Consulting;1984;"TélécomFTTh
+22";Privately Held;cfitech.fr;
 Privilège Courtage Chessy;Jossigny, Seine-et-Marne, Île-De-France, France, Torcy, Europe;32;Financial Services;2019;;Privately Held;trustpilot.com;
 SECUREWAY;Versailles, Yvelines, Île-De-France, France, Versailles, Europe;25;IT Services and IT Consulting;2007;"AUTORISATIONS SAP
+8";Privately Held;secureway.fr;
 COGESTEN - Cabinet d'expertise Comptable, Audit, Conseil;Lons-le-Saunier, Jura, Bourgogne-Franche-Comté, France, Lons-le-Saunier, Europe;41;Financial Services;1974;"Expertise Comptable
+4";Self-Employed;cabinet-cogesten.fr;
 Signal.fr;Hermeray, Yvelines, Île-De-France, France, Rambouillet, Europe;22;IT Services and IT Consulting;1969;Intégrateur de solutions audiovisuelles;Self-Owned;signal.fr;
 RSA Cosmos;Sorbiers, Loire, Auvergne-Rhône-Alpes, France, Saint-Étienne, Europe;28;Software Development;;;Public Company;rsacosmos.com;
 IMP360;Roissey-En-France, Île-De-France, France;53;IT Services and IT Consulting;1997;"Informatique Médicale
+7";Privately Held;hugedomains.com;
 IAD Informatique;Acquigny, Eure, Normandie, France, Les Andelys, Europe;57;Software Development;1989;"CODIAL
+7";Privately Held;iad.fr;
 Karoil;Montreuil, Seine-Saint-Denis, Île-De-France, France, Bobigny, Europe;35;Software Development;1992;"Matériel informatique
+3";Privately Held;karoil.fr;
 Wizards Technologies;Paris, Paris, Île-De-France, France, Europe;61;Technology, Information and Internet;2016;Startup-like developers teams;Self-Owned;reply.com;
 Innov Business & Services (SAP Partner);Colombes, Hauts-de-Seine, Île-De-France, France, Nanterre, Europe;30;Software Development;2002;"Audit & conseil en SI.
+6";Privately Held;innov-bs.com;
 ALISE;Marseille, Bouches-du-Rhône, Provence-Alpes-Côte D'Azur, France, 1er Arr., Europe;23;Software Development;1992;"Editeur logiciels
+8";Partnership;alise.fr;
 LaGuild;Paris, Paris, Île-De-France, France, Europe;24;Software Development;2019;"iosandroid
+18";Privately Held;laguild.io;
 PT Nostra Solusi Teknologi;La Murette, Isère, Auvergne-Rhône-Alpes, France, Grenoble, Europe;36;IT Services and IT Consulting;2011;"Software Architect
+12";Privately Held;nostratech.com;
 GLOBAL Bureautique;Metz, Moselle, Grand Est, France, Europe;23;IT Services and IT Consulting;2017;"Services au entreprises
+9";Privately Held;globalbureautique.fr;
 Defacto Technologies;Grenoble, Isère, Auvergne-Rhône-Alpes, France, Grenoble, Europe;27;Software Development;2003;"Design Verification
+13";Privately Held;minalogic.com;
 Network & Security Consulting Ltd;Brûlon, Sarthe, Pays de la Loire, France, La Flèche, Europe;20;IT Services and IT Consulting;2010;;Privately Held;networksecurity.com;
 DB CONSULTING;Alfortville, Val-de-Marne, Île-De-France, France, Créteil, Europe;20;IT Services and IT Consulting;;;Partnership;db-consulting.com;
 ABM Système d'encaissement;Gouesnou, Finistère, Bretagne, France, Brest, Europe;30;IT Services and IT Consulting;1976;;Privately Held;abm-caisse-enregistreuse.fr;
 Vmed - digital agency;France, Europe;32;IT Services and IT Consulting;2009;"DigitalMarketing
+4";Privately Held;vmed.fr;
 Drimki-Refleximmo (DigitRE);Suresnes, Hauts-de-Seine, Île-De-France, France, Nanterre, Europe;23;Technology, Information and Internet;2007;;Privately Held;digitregroup.com;
 CN FILMS;Paris, Paris, Île-De-France, France, Europe;23;Software Development;2003;"cinéma numérique
+4";Partnership;cnfilms.fr;
 DENTALSOFT Group;Taluyers, Rhône, Auvergne-Rhône-Alpes, France, Lyon, Europe;58;Software Development;;"Logiciel
+7";Privately Held;dentalsoft.fr;
 IMMOFINANCES.NET FRANCE;Perpignan, Pyrénées-Orientales, Occitanie, France, Perpignan, Europe;28;Financial Services;2009;"RACHAT DE CREDITS
+4";Privately Held;immofinances.net;
 Sequantis;Paris, Paris, Île-De-France, France, Europe;40;Technology, Information and Internet;2012;"ESGClimate risk
+8";Privately Held;sequantis.com;
 AGILI3F;Lyon, Rhône, Auvergne-Rhône-Alpes, France, Lyon, Europe;23;Financial Services;2018;"- Consolidation et Normes internationales (IFRS)
+12";Privately Held;agili3f.com;
 AEC;Narbonne, Aude, Occitanie, France, Narbonne, Europe;33;IT Services and IT Consulting;1994;"Numerique
+12";Privately Held;aec-narbonne.fr;
 HELIX Developpement;Dijon, Côte-d'Or, Bourgogne-Franche-Comté, France, Dijon, Europe;24;Software Development;2011;"Logiciels
+2";Privately Held;helix-developpement.com;
 Loanplace Courtage;Paris, Paris, Île-De-France, France, Europe;24;Financial Services;;;Self-Owned;loanplace.fr;
 Proximit, écosystème Numérique;Aixe-sur-Vienne, Haute-Vienne, Nouvelle-Aquitaine, France, Limoges, Europe;41;Technology, Information and Internet;2005;"infogérance
+9";Privately Held;proximit.fr;
 ACE SOFTWARE;Alpes-Maritimes, Provence-Alpes-Côte D'Azur, France, Grasse, Europe;42;Software Development;1998;"WO-NETT : suite modulaire ERP : facturation
+24";Privately Held;acesoftware.fr;
 Uzerly;Paris, Paris, Île-De-France, France, Europe;20;Software Development;2013;"emailingonsite
+8";Privately Held;uzerly.fr;
 TagG Informatique;Entrelacs, Savoie, Auvergne-Rhône-Alpes, France, Chambéry, Europe;54;IT Services and IT Consulting;1991;Personnalisation NB & Quadri and Mise sous pli & Routage;Privately Held;tagginfo.com;
 Hozzeo Group;Lyon, Rhône, Auvergne-Rhône-Alpes, France, Lyon, Europe;48;IT Services and IT Consulting;2023;"Conseil & Stratégie
+12";Privately Held;hozzway.com;
 WEBHELP KYC SERVICES;La Motte-Servolex, Savoie, Auvergne-Rhône-Alpes, France, Chambéry, Europe;60;IT Services and IT Consulting;;;Public Company;businessimmo.com;
 data soft;Saint-Amand-Montrond, Cher, Centre-Val de Loire, France, Saint-Amand-Montrond, Europe;26;Software Development;1986;;Privately Held;datasoft.de;
 Subteno | Odoo;Alençon, Orne, Normandie, France, Alençon, Europe;20;Software Development;2008;"OpenERP
+11";Privately Held;subteno.com;
 MédiFirst;Montigny-le-Bretonneux, Yvelines, Île-De-France, France, Versailles, Europe;31;Software Development;2002;"Assistance Médicale à la Procréation
+5";Privately Held;medifirst.com;
 Matelex;France, Europe;21;Technology, Information and Internet;2009;"détection de fuites
+16";Self-Owned;matelex.com;
 Salamandre, solutions logicielles;Toulouse, Haute-Garonne, Occitanie, France, Toulouse, Europe;22;Software Development;1994;"Editeur de solutions logicielles
+2";Privately Held;mappy.com;
 JL Consulting JLC;France, Europe;71;IT Services and IT Consulting;2004;"ERPCRMBI
+1";Privately Held;jlconsulting.fr;
 TALENTECH GROUP;Paris, Paris, Île-De-France, France, Europe;24;IT Services and IT Consulting;2018;;Privately Held;talentech.fr;
 GIE HOPSIS;Lyon, Rhône, Auvergne-Rhône-Alpes, France, Lyon, Europe;39;Software Development;2012;;Privately Held;hopsis.org;
 UTSIT;Paris, Paris, Île-De-France, France, Europe;26;Financial Services;2002;"Corporate-to-bank relationship
+5";Privately Held;utsit.fr;
 VOIRIN Consultants;Schiltigheim, Bas-Rhin, Grand Est, France, Strasbourg, Europe;20;IT Services and IT Consulting;;"Organisation Digitale
+3";Partnership;voirin-consultants.com;
 STIM France;Saint-Aunès, Hérault, Occitanie, France, Montpellier, Europe;32;IT Services and IT Consulting;1986;vidéosurveillance;Privately Held;stim.fr;
 APICEM SARL;Coudekerque, Nord, Hauts-de-France, France, Dunkerque, Europe;23;Software Development;2001;"E-Santé
+3";Privately Held;doctrine.fr;
 Interact Software;Wissous, Essonne, Île-De-France, France, Palaiseau, Europe;30;Software Development;2014;Optimisation techniquefinancière et écologique du poste de travail and Réduction systématique des coûts d'impressions dans une véritable démarche écologique;Privately Held;interactsoftware.com;
 POINT FINANCES;Albi, Tarn, Occitanie, France, Albi, Europe;62;Financial Services;2005;"REGROUPEMENT DE CREDITS
+2";Privately Held;point-finances.fr;
 Maoké;Pont-à-Marcq, Nord, Hauts-de-France, France, Lille, Europe;36;Technology, Information and Internet;2009;"Stratégie digitale
+22";Privately Held;maoke.fr;
 ISOCIEL;Labège, Haute-Garonne, Occitanie, France, Toulouse, Europe;24;IT Services and IT Consulting;1996;"SAGECentre de compétence SAGE
+14";Privately Held;isociel.fr;
 SYSTONIC;Pessac, Gironde, Nouvelle-Aquitaine, France, Bordeaux, Europe;38;Technology, Information and Internet;1989;"Hebergement - Datacenters
+3";Privately Held;systonic.fr;
 Dexem;Cesson-Sévigné, Ille-et-Vilaine, Bretagne, France, Rennes, Europe;20;Software Development;2000;"VoIPTéléphonie
+17";Privately Held;dexem.com;
 EST REPRO - Groupe Hexapage;Hœrdt, Bas-Rhin, Grand Est, France, Strasbourg, Europe;22;IT Services and IT Consulting;1993;"Dématérialisation des factures
+10";Partnership;archybald.fr;
 AMG-IT;Nanterre, Hauts-de-Seine, Île-De-France, France, Nanterre, Europe;22;IT Services and IT Consulting;2014;"Ingénierie Informatique
+5";Partnership;amg-it.fr;
 DBLA - Decourcelle Barrois Loridan Associés;Lille, Nord, Hauts-de-France, France, Lille, Europe;28;Financial Services;2012;"AuditExpertise Comptable
+2";Privately Held;dbla.fr;
 Dynapps France | Experts in Odoo (formerly Scopea);Toulouse, Haute-Garonne, Occitanie, France, Toulouse, Europe;29;IT Services and IT Consulting;2015;"OdooSAP
+16";Privately Held;dynapps.fr;
 ACADEM by RimaOne;Paris, Paris, Île-De-France, France, Europe;21;IT Services and IT Consulting;2003;"ACADEM
+7";Partnership;rimaone.com;
 Réunion Télécom;La Réunion, France, Europe;38;IT Services and IT Consulting;1989;;Privately Held;reunion-telecom.fr;
 C6;Pérols, Hérault, Occitanie, France, Montpellier, Europe;22;Software Development;2005;"ECMDocumentum D2
+1";Privately Held;c6.eu;
 Exelcia IT;Guadeloupe, France, Europe;41;IT Services and IT Consulting;2007;"IT Engineering
+5";Privately Held;exelcia-it.com;
 Fondation AL KARAMA;Troyes, Aube, Grand Est, France, Troyes, Europe;78;Financial Services;1999;micro-finance;Nonprofit;deva-obseques.fr;
 5team;Larçay, Indre-et-Loire, Centre-Val de Loire, France, Tours, Europe;21;Software Development;;"WorkflowFTTH
+6";Privately Held;5team.fr;
 Bamptee;Paris, Paris, Île-De-France, France, Europe;29;Technology, Information and Internet;;;Public Company;bamptee.com;
 OHANA CONSEIL (Groupe RAINBOW PARTNERS);Paris, Paris, Île-De-France, France, Europe;32;IT Services and IT Consulting;;;Self-Owned;ohana-conseil.fr;
 RITME, scientific solutions;Paris, Paris, Île-De-France, France, Europe;41;Software Development;1988;"Distributeur de logiciels scientifiques
+11";Self-Owned;ritme.com;
 Celios Technologies;Limoges, Haute-Vienne, Nouvelle-Aquitaine, France, Limoges, Europe;29;IT Services and IT Consulting;2011;;Privately Held;celios.fr;
 Synelia;Douai, Nord, Hauts-de-France, France, Douai, Europe;36;IT Services and IT Consulting;1986;"Mobilité
+11";Nonprofit;synelia.fr;
 vigie;Ourlet, Nord, Hauts-de-France, France, Lille, Europe;21;IT Services and IT Consulting;2016;"Big Data
+7";Self-Owned;vigie.com;
 Agence Saycom (Stratégie de Communication Digitale);La Roche-sur-Yon, Vendée, Pays de la Loire, France, La Roche-sur-Yon, Europe;24;Technology, Information and Internet;2008;"communication
+6";Privately Held;agence-saycom.fr;
 PMB Software;Maxéville, Meurthe-et-Moselle, Grand Est, France, Nancy, Europe;23;Software Development;2012;"suivi de chantier
+8";Privately Held;pmb-software.fr;
 Octacom;Andrézieux-Bouthéon, Loire, Auvergne-Rhône-Alpes, France, Montbrison, Europe;26;Technology, Information and Internet;2016;"Conseil
+9";Privately Held;octacom.fr;
 Rplus Santé (Résopharma);Paris, Paris, Île-De-France, France, Europe;40;IT Services and IT Consulting;1991;;Partnership;resopharma.fr;
 GROUPE FOLIATECH;Vienne, Isère, Auvergne-Rhône-Alpes, France, Vienne, Europe;43;Software Development;2014;"Développement Web (HTML 5
+29";Partnership;foliatechgroup.com;
 Glanum;Avignon, Vaucluse, Provence-Alpes-Côte D'Azur, France, Avignon, Europe;31;IT Services and IT Consulting;2003;"Advertising
+13";Privately Held;glanum.com;
 Synodis;Montreuil, Seine-Saint-Denis, Île-De-France, France, Bobigny, Europe;34;IT Services and IT Consulting;2010;"Healthcare
+3";Privately Held;synodis.fr;
 Iluminators Group;Paris, Paris, Île-De-France, France, Europe;30;IT Services and IT Consulting;2016;;Privately Held;iluminators.com;
 Grupo Archicentro;Us, Val-d'Oise, Île-De-France, France, Pontoise, Europe;38;IT Services and IT Consulting;1981;"Grupo Archicentro – Aliado Tecnológico para las Empresas de Gestión Documental
+9";Privately Held;archicentro.com;
 Santerne Provence Énergies;Marseille, Bouches-du-Rhône, Provence-Alpes-Côte D'Azur, France, 1er Arr., Europe;44;IT Services and IT Consulting;1995;;Privately Held;santerne-marseille.com;
 IZISYSTEMS;Grenoble, Isère, Auvergne-Rhône-Alpes, France, Grenoble, Europe;94;Software Development;2020;"cadcam sheetmetal
+16";Self-Owned;hugedomains.com;
 Yupiik;Saint-Drézéry, Hérault, Occitanie, France, Montpellier, Europe;21;IT Services and IT Consulting;2009;"Java J2EE
+19";Partnership;yupiik.com;
 TRUCKONLINE;Voiron, Isère, Auvergne-Rhône-Alpes, France, Grenoble, Europe;23;Software Development;2011;"Informatique embarquée
+9";Partnership;truckonline.pro;
 STRADA;Bressuire, Deux-Sèvres, Nouvelle-Aquitaine, France, Bressuire, Europe;78;Software Development;1993;"Géolocalisation
+31";Privately Held;strada.com;
 ASII Telecom;Courbevoie, Hauts-de-Seine, Île-De-France, France, Nanterre, Europe;22;IT Services and IT Consulting;2006;"Télécommunication
+6";Partnership;asii.fr;
 KAGOO ERP;Paris, Paris, Île-De-France, France, Europe;28;Software Development;2015;;Privately Held;mon-erp.fr;
 Groupe Solfi;Paris, Paris, Île-De-France, France, Europe;24;IT Services and IT Consulting;2008;"Commerce de Gros
+6";Privately Held;groupe-solfi.fr;
 WAST;Paris, Paris, Île-De-France, France, Europe;45;Technology, Information and Internet;2016;"LaveriePressing
+3";Privately Held;laundryheap.com;
 HELYAD;Lyon, Rhône, Auvergne-Rhône-Alpes, France, Lyon, Europe;26;Software Development;2015;"Conseil
+2";Partnership;helyad.com;
 SILAMIR GROUP;Maisons-Alfort, Val-de-Marne, Île-De-France, France, Créteil, Europe;26;IT Services and IT Consulting;1998;"ESNMainframe
+3";Privately Held;silamir.com;
 ACS Informatique;Les Ponts-de-Cé, Maine-et-Loire, Pays de la Loire, France, Angers, Europe;23;Software Development;1984;"Sécurité
+7";Privately Held;acsinformatique.fr;
 SINARI (ex-Cofisoft );Châteauroux, Indre, Centre-Val de Loire, France, Châteauroux, Europe;22;Software Development;1977;"Editeur de Logiciels
+3";Privately Held;sinari.com;
 Consortium Immobilier SEPTEO;Montpellier, Hérault, Occitanie, France, Montpellier, Europe;33;Technology, Information and Internet;;"immobilier
+8";Privately Held;septeo.com;
 UNITIO EXPERTISE;Marseille, Bouches-du-Rhône, Provence-Alpes-Côte D'Azur, France, 1er Arr., Europe;23;Financial Services;2013;"Expertise-comptable
+8";Privately Held;unitio.fr;
 Data Observer;Marseille, Bouches-du-Rhône, Provence-Alpes-Côte D'Azur, France, 1er Arr., Europe;20;IT Services and IT Consulting;2011;"Digital Data Intelligence
+5";Privately Held;dataobserver.com;
 Capaciti;Carquefou, Loire-Atlantique, Pays de la Loire, France, Nantes, Europe;153;IT Services and IT Consulting;1999;;Privately Held;capacites.fr;
 Primpromo;Levallois-Perret, Hauts-de-Seine, Île-De-France, France, Nanterre, Europe;29;Software Development;;;Privately Held;primpromo.com;
 Hyperion Capital;Vincennes, Val-de-Marne, Île-De-France, France, Nogent-sur-Marne, Europe;20;Financial Services;2020;"L’ingénierie patrimoniale
+6";Privately Held;hyperion-capital.fr;
 HELIOS;Lattes, Hérault, Occitanie, France, Montpellier, Europe;35;Software Development;2008;;Self-Owned;helios.fr;
 Lisa Logitrack;Limoges, Haute-Vienne, Nouvelle-Aquitaine, France, Limoges, Europe;27;Software Development;1997;;Privately Held;logitrack-wms.fr;
 AddGuests;Paris, Paris, Île-De-France, France, Europe;23;Software Development;;;Privately Held;addguests.fr;
 Kereis Technologies;Paris, Paris, Île-De-France, France, Europe;55;Software Development;2020;"Editeur de logiciels
+6";Privately Held;kereis-technologies.com;
 Muvraline;Paris, Paris, Île-De-France, France, Europe;21;IT Services and IT Consulting;2018;"Artifical Intelligence
+6";Privately Held;muvraline.com;
 GOOT;Paris, Paris, Île-De-France, France, Europe;34;Software Development;2016;"B2Be-commerce
+5";Privately Held;goot.fr;
 au carré;Saint-Denis, Seine-Saint-Denis, Île-De-France, France, Saint-Denis, Europe;41;Software Development;2022;"inclusion
+7";Privately Held;aucarre.immo;
 Informadis - Hi.B.Gest;Les Ulis, Essonne, Île-De-France, France, Palaiseau, Europe;39;IT Services and IT Consulting;;;Privately Held;informadis.com;
 Faire Savoir;Villeneuve-d'Ascq, Nord, Hauts-de-France, France, Lille, Europe;27;Technology, Information and Internet;1991;;Privately Held;faire-savoir.fr;
 Capfinances 35;Saint-Grégoire, Bretagne, France;110;Financial Services;2019;"Transmission de patrimoine
+8";Partnership;waze.com;
 Turame Community Finance S.A;Limoges, Haute-Vienne, Nouvelle-Aquitaine, France, Limoges, Europe;54;Financial Services;2004;;Partnership;turame.com;
 OSAXIS;Paris, Paris, Île-De-France, France, Europe;21;IT Services and IT Consulting;2003;"Conseil en système d'informations
+3";Privately Held;osaxis.fr;
 Eureka Technology;Paris, Paris, Île-De-France, France, Europe;32;Software Development;2002;"Développement Logiciel
+13";Privately Held;eureka-technology.fr;
 RODRIGUE;Sannois, Val-d'Oise, Île-De-France, France, Argenteuil, Europe;55;Software Development;1999;Billetterie et développement des publics : gestion & vente / Internet / Marketing / Contrôle d'accès;Partnership;rodrigue.fr;
 THINK;Sainghin-En-Mélantois, Hauts-De-France, France;33;IT Services and IT Consulting;2001;"Formation
+13";Privately Held;think.fr;
 Dematis;Paris, Paris, Île-De-France, France, Europe;20;Technology, Information and Internet;2003;"dématerialisation des marchés publics
+8";Privately Held;dematis.com;
 Letreco (Equisign);Puteaux, Hauts-de-Seine, Île-De-France, France, Nanterre, Europe;29;Software Development;;;Privately Held;letreco.fr;
 Viaduc;Angers, Maine-et-Loire, Pays de la Loire, France, Angers, Europe;27;Technology, Information and Internet;2002;"Nom de domaine
+6";Privately Held;viaduc.fr;
 PodUp;Montluçon, Allier, Auvergne-Rhône-Alpes, France, Montluçon, Europe;37;Software Development;2020;"podcasting
+2";Privately Held;podup.fr;
 INCOM SA;Meylan, Isère, Auvergne-Rhône-Alpes, France, Grenoble, Europe;32;Software Development;1989;"facturationeau
+3";Partnership;incom.fr;
 page inactive;Paris, Paris, Île-De-France, France, Europe;170;Technology, Information and Internet;;;Privately Held;paris.fr;
 Doctrio;Paris, Paris, Île-De-France, France, Europe;20;Technology, Information and Internet;2021;;Privately Held;doctrio.com;
 Citopia;St.-Martin-sur-le-Pré, Marne, Grand Est, France, Châlons-en-Champagne, Europe;24;Software Development;2018;"Smart city
+7";Privately Held;citopia.fr;
 BNC SA;Nice, Alpes-Maritimes, Provence-Alpes-Côte D'Azur, France, Nice, Europe;37;Financial Services;1955;Change Manuel and Transfert d'argent;Partnership;bnc.fr;
 MT COURTAGE - Crédits Immobiliers;Le Perreux-sur-Marne, Val-de-Marne, Île-De-France, France, Nogent-sur-Marne, Europe;32;Financial Services;1993;;Partnership;mtcourtage.fr;
 INGELY;Vendée, Pays de la Loire, France, La Roche-sur-Yon, Europe;22;Software Development;1997;"Conseil et Vente Logiciels de Gestion
+6";Privately Held;ingely.fr;
 Union de Crédit Immobilier (UCI);Paris, Paris, Île-De-France, France, Europe;23;Financial Services;2014;"Crédit Immobilier
+3";Partnership;unioncredit.com;
 Libel SAS;Lyon, Rhône, Auvergne-Rhône-Alpes, France, Lyon, Europe;26;Software Development;1996;"logicielappels d'offres
+3";Privately Held;libel.fr;
 DTI;Liévin, Pas-de-Calais, Hauts-de-France, France, Lens, Europe;20;IT Services and IT Consulting;2013;"Maintenance informatique
+9";Privately Held;dtinformatique-avis.fr;
 Advercity;St.-Chamond, Loire, Auvergne-Rhône-Alpes, France, Saint-Étienne, Europe;24;Technology, Information and Internet;2010;"Gestion
+3";Privately Held;advercity.fr;
 Majikan;Tremblay-en-France, Seine-Saint-Denis, Île-De-France, France, Le Raincy, Europe;157;IT Services and IT Consulting;2015;"Gestion et optimisation des tournées d'interventions
+2";Privately Held;majikan.com;
 HPC capital;Montpellier, Hérault, Occitanie, France, Montpellier, Europe;45;Financial Services;2006;;Privately Held;hpc-capital.com;
 Pépite.link;Grenoble, Isère, Auvergne-Rhône-Alpes, France, Grenoble, Europe;25;IT Services and IT Consulting;;;Privately Held;pepite.link;
 Appstronaute;Marseille, Bouches-du-Rhône, Provence-Alpes-Côte D'Azur, France, 1er Arr., Europe;30;Technology, Information and Internet;2023;"Application
+15";Privately Held;appstronaute.fr;
 HISI;Paris, Paris, Île-De-France, France, Europe;48;IT Services and IT Consulting;2009;"Infogérance
+3";Partnership;constellation.fr;
 AB SOLUTIONS;Bordeaux, Gironde, Nouvelle-Aquitaine, France, Bordeaux, Europe;38;Financial Services;2012;;Self-Owned;ab-solutions.fr;
 SOLIKA Consulting;Versailles, Yvelines, Île-De-France, France, Versailles, Europe;20;IT Services and IT Consulting;2022;;Privately Held;solika-consulting.com;
 NCG - North Consulting Group;Wasquehal, Nord, Hauts-de-France, France, Lille, Europe;45;IT Services and IT Consulting;1998;"SAPSAP HANA
+1";Privately Held;ncg.fr;
 Toshiba Région Sud-Ouest;Toulouse, Haute-Garonne, Occitanie, France, Toulouse, Europe;54;Technology, Information and Internet;1984;"impression
+3";Partnership;toshibatec.fr;
 HIGHTECH CONCEPT;Gradignan, Gironde, Nouvelle-Aquitaine, France, Bordeaux, Europe;26;Software Development;2011;"défibrillateuralarme
+7";Partnership;hightechconcept.com;
 Crisalid;Tillé, Oise, Hauts-de-France, France, Beauvais, Europe;33;Software Development;1992;;Partnership;crisalid.com;
 METRONIC Groupe;Tauxigny, Indre-et-Loire, Centre-Val de Loire, France, Loches, Europe;44;IT Services and IT Consulting;;;Public Company;metronic.com;
 Tarides;Paris, Paris, Île-De-France, France, Europe;39;Software Development;2018;"cloudiot
+9";Privately Held;tarides.com;
 IT PROJECT MANAGER;Bordeaux, Gironde, Nouvelle-Aquitaine, France, Bordeaux, Europe;49;IT Services and IT Consulting;;;;gulp.de;
 Elecom SAS;Villejust, Essonne, Île-De-France, France, Palaiseau, Europe;45;IT Services and IT Consulting;1986;"Supports Tactiles
+12";Self-Owned;elecom.fr;
 NNH;Gan, Pyrénées-Atlantiques, Nouvelle-Aquitaine, France, Pau, Europe;33;Software Development;2019;;Partnership;gan.fr;
 Edissyum Consulting;Carpentras, Vaucluse, Provence-Alpes-Côte D'Azur, France, Carpentras, Europe;23;IT Services and IT Consulting;2009;"Customer communication management
+19";Privately Held;edissyum.com;
 Singulair;Bordeaux, Gironde, Nouvelle-Aquitaine, France, Bordeaux, Europe;24;IT Services and IT Consulting;2014;"UAVMarket Place
+8";Privately Held;organon.com;
 Ticketac - Groupe Le Figaro;Paris, Paris, Île-De-France, France, Europe;24;Technology, Information and Internet;2004;"E-commerce
+4";Privately Held;ticketac.com;
 Boxtal;Paris, Paris, Île-De-France, France, Europe;55;Technology, Information and Internet;2009;"Ecommerce
+5";Privately Held;boxtal.com;
 Elips Solution;Caen, Calvados, Normandie, France, Caen, Europe;23;Software Development;2016;;Privately Held;elips-solution.fr;
 NEOMA Financial Club;Reims, Marne, Grand Est, France, Reims, Europe;68;Financial Services;2007;;Nonprofit;neomafinancialclub.com;
 Early Birds;Paris, Paris, Île-De-France, France, Europe;54;Technology, Information and Internet;;"Recommandations personnalisées
+6";Privately Held;earlybirds.com;
 xplanet;Eu, Seine-Maritime, Normandie, France, Dieppe, Europe;24;Software Development;1992;"Logiciel
+5";Self-Owned;xplanet.fr;
 E-3S European San Storage & Services;Toulouse, Haute-Garonne, Occitanie, France, Toulouse, Europe;20;IT Services and IT Consulting;2008;;Privately Held;e3s.com;
 Ec'R - CPA in Paris;Paris, Paris, Île-De-France, France, Europe;46;Financial Services;2014;"Expertise comptabe
+16";Self-Owned;ecr.expert;
 YPOK;Paris, Paris, Île-De-France, France, Europe;23;Software Development;2001;"Web-développementEditeur
+6";Privately Held;ypok.com;
 Moove-si;Schiltigheim, Bas-Rhin, Grand Est, France, Strasbourg, Europe;24;IT Services and IT Consulting;2021;"Dynamics 365 Customer Engagement
+10";Privately Held;moove-si.com;
 Capital Explorer (ex AMC);Paris, Paris, Île-De-France, France, Europe;53;Software Development;1997;"Gestion de patrimoine
+14";Privately Held;capitalexplorer.fr;
 COGITIS;Montpellier, Hérault, Occitanie, France, Montpellier, Europe;43;IT Services and IT Consulting;1998;"infogérance informatique
+4";Government Agency;cogitis.net;
 AVS Consulting;Limoges, Haute-Vienne, Nouvelle-Aquitaine, France, Limoges, Europe;20;IT Services and IT Consulting;2015;"3DBlockchain
+10";Privately Held;avs-sa.com;
 Vasco;Paris, Paris, Île-De-France, France, Europe;22;Software Development;2023;"private-equitysaas
+2";Privately Held;vasco.eu;
 United Visual Researchers;Paris, Paris, Île-De-France, France, Europe;21;Software Development;2017;"simulation software
+10";Privately Held;united-vr.com;
 BSC FRANCE - Business Software Consulting;Paris, Paris, Île-De-France, France, Europe;56;IT Services and IT Consulting;1998;"Editique
+9";Partnership;bscbusiness.com;
 Bilgisayar Muhendisi;Levallois-Perret, Hauts-de-Seine, Île-De-France, France, Nanterre, Europe;81;Technology, Information and Internet;2010;;Public Company;hugedomains.com;
 Orsia Finance;Valence, Drôme, Auvergne-Rhône-Alpes, France, Valence, Europe;20;Financial Services;1996;"Evaluation d'entreprise
+5";Partnership;orsiafinance.com;
 Plurimedia;Schiltigheim, Bas-Rhin, Grand Est, France, Strasbourg, Europe;51;Technology, Information and Internet;;"Programmes TV
+2";Privately Held;plurimedia.fr;
 Agora Calycé;Strasbourg, Bas-Rhin, Grand Est, France, Strasbourg, Europe;35;IT Services and IT Consulting;2013;"HébergementCloud
+4";Partnership;agoracalyce.com;
 BAPI;Saint-Contest, Calvados, Normandie, France, Caen, Europe;20;IT Services and IT Consulting;2006;"GTBGTC
+11";Partnership;bapi.fr;
 Artur;Paris, Paris, Île-De-France, France, Europe;37;Financial Services;2018;;Privately Held;artur.com;
 ITNI S.A.S;Saint-Denis, Seine-Saint-Denis, Île-De-France, France, Saint-Denis, Europe;85;IT Services and IT Consulting;2008;;Self-Owned;itnis.com;
 IBS;Mennecy, Essonne, Île-De-France, France, Évry, Europe;50;IT Services and IT Consulting;1978;"Microsoft 365Sage
+31";Privately Held;ibs-cloud.fr;
 Falcon Technical Services LLC;Mus, Gard, Occitanie, France, Nîmes, Europe;30;IT Services and IT Consulting;2002;;Privately Held;falconoman.com;
 STORE & SUPPLY;Paris, Paris, Île-De-France, France, Europe;26;Technology, Information and Internet;2014;"WebmarketingSEO
+9";Partnership;storesupply.com;
 Tildeo;Villeneuve-d'Ascq, Nord, Hauts-de-France, France, Lille, Europe;25;IT Services and IT Consulting;2022;;Self-Owned;tildeo.com;
 Fractales;Paris, Paris, Île-De-France, France, Europe;23;Software Development;1993;"Editeur logicielALM
+4";Privately Held;fractales.com;
 College Jules Ferry;Creuzier-le-Vieux, Allier, Auvergne-Rhône-Alpes, France, Vichy, Europe;301;Technology, Information and Internet;;;;auvergnerhonealpes.fr;
 Majengo;Toulouse, Haute-Garonne, Occitanie, France, Toulouse, Europe;42;IT Services and IT Consulting;2011;"Infrastructure
+11";Privately Held;majengo.fr;
 Axioris;Boulogne-Billancourt, Hauts-de-Seine, Île-De-France, France, Boulogne-Billancourt, Europe;29;Financial Services;2015;;Privately Held;axioris.fr;
 VITAL FINANCE;Bordeaux, Gironde, Nouvelle-Aquitaine, France, Bordeaux, Europe;79;Financial Services;1998;;Public Company;vitalfinance.com;
 GROUPE HUARD;Bièvres, Essonne, Île-De-France, France, Palaiseau, Europe;26;IT Services and IT Consulting;1966;"Vidéoprotection urbaineSûreté
+6";Privately Held;huard.fr;
 Chrysalide;Aulnay-sous-Bois, Seine-Saint-Denis, Île-De-France, France, Le Raincy, Europe;28;IT Services and IT Consulting;2014;;Privately Held;chrysalide.fr;
 AEMSOFTS;St.-Priest, Rhône, Auvergne-Rhône-Alpes, France, Lyon, Europe;25;Software Development;1995;"MAGASIN ALIMENTAIRE
+5";Privately Held;aemsofts.com;
 UX-KEY;Metz, Moselle, Grand Est, France, Europe;23;IT Services and IT Consulting;2019;;Privately Held;ux-key.com;
 Infologis;Châteauroux, Indre, Centre-Val de Loire, France, Châteauroux, Europe;20;Software Development;1997;;Partnership;infologis.fr;
 IDEA Informatique;Évreux, Eure, Normandie, France, Évreux, Europe;27;Software Development;1993;Informatique de gestion and Distribution alimentaire;Privately Held;idea-informatique.fr;
 Digital Market;Billy-Montigny, Pas-de-Calais, Hauts-de-France, France, Lens, Europe;33;IT Services and IT Consulting;;;Nonprofit;perfectdomain.com;
 AVM INTÉGRATION;Corbeil-Essonnes, Essonne, Île-De-France, France, Évry, Europe;26;Software Development;2009;"Edition de Logiciels
+3";Privately Held;avm-integration.com;
 La Poste Ventures;Paris, Paris, Île-De-France, France, Europe;24;Financial Services;2021;;Self-Owned;laposteventures.fr;
 NAOS;Paris, Paris, Île-De-France, France, Europe;24;IT Services and IT Consulting;2015;"Stratégie IT
+8";Partnership;naos.com;
 ADN;Paris, Paris, Île-De-France, France, Europe;734;Software Development;2005;"Softmarket research
+18";Privately Held;adn-paris.fr;
 TKT;Paris, Paris, Île-De-France, France, Europe;178;IT Services and IT Consulting;2016;"Python
+22";Privately Held;offi.fr;
 Siweb;Aix-en-Provence, Bouches-du-Rhône, Provence-Alpes-Côte D'Azur, France, Aix-en-Provence, Europe;35;Technology, Information and Internet;2000;"logiciel de gestion
+7";Partnership;siweb.fr;
 CIL Lamballe;Lamballe, Côtes-d'Armor, Bretagne, France, Saint-Brieuc, Europe;25;Software Development;;;Nonprofit;cil-lamballe.com;
 ActEnmain;Joué-lès-Tours, Indre-et-Loire, Centre-Val de Loire, France, Tours, Europe;20;Financial Services;2018;;Partnership;actenmain.fr;
 INSCOPER;Cesson-Sévigné, Ille-et-Vilaine, Bretagne, France, Rennes, Europe;21;Software Development;;"Microscope Automation
+4";Privately Held;inscoper.com;
 Costructor;Nantes, Loire-Atlantique, Pays de la Loire, France, Nantes, Europe;62;Software Development;2022;"BTPArtisan
+8";Privately Held;costructor.co;
 Cowigo;Lyon, Rhône, Auvergne-Rhône-Alpes, France, Lyon, Europe;25;IT Services and IT Consulting;2014;"Infogérance Informatique: Monitoring serveurs
+39";Partnership;cowigo.fr;
 Space Designer 3D;Aix-en-Provence, Bouches-du-Rhône, Provence-Alpes-Côte D'Azur, France, Aix-en-Provence, Europe;26;Software Development;2010;"Floor Planning
+11";Privately Held;spacedesigner3d.com;
 ACTIMAC - OSINX // Equipements, Services & Expertise informatique;Hérouville-Saint-Clair, Calvados, Normandie, France, Caen, Europe;38;IT Services and IT Consulting;1992;"Informatique de Gestion
+18";Privately Held;actimac.fr;
 Skilld;Malakoff, Hauts-de-Seine, Île-De-France, France, Antony, Europe;48;Technology, Information and Internet;2012;"DrupalSymfony
+4";Privately Held;skilld.cloud;
 Groupe IES;Colmar, Haut-Rhin, Grand Est, France, Colmar, Europe;23;IT Services and IT Consulting;2001;;Nonprofit;groupe-ies.com;
 Groupe Apolline Courtage & Patrimoine;Lons-le-Saunier, Jura, Bourgogne-Franche-Comté, France, Lons-le-Saunier, Europe;27;Financial Services;2016;;Privately Held;groupe-apolline.com;
 IRTS SAS;Toulon, Var, Provence-Alpes-Côte D'Azur, France, Toulon, Europe;82;IT Services and IT Consulting;1995;"Smart Displays
+10";Partnership;irts.fr;
 Mitra AI;Domont, Val-d'Oise, Île-De-France, France, Sarcelles, Europe;27;IT Services and IT Consulting;2019;"Information Techonology
+4";Privately Held;mitraai.com;
 InnovQube;Noisy-le-Grand, Seine-Saint-Denis, Île-De-France, France, Le Raincy, Europe;43;IT Services and IT Consulting;2024;"Finops
+12";Partnership;innovqube.com;
 BPAP;Paris, Paris, Île-De-France, France, Europe;25;IT Services and IT Consulting;2000;"AuditConseil
+11";Privately Held;bpap.com;
 ipsosenso;Paris, Paris, Île-De-France, France, Europe;71;IT Services and IT Consulting;2010;;Partnership;ipsosenso.com;
 e-GEE;Montbonnot-Saint-Martin, Isère, Auvergne-Rhône-Alpes, France, Grenoble, Europe;43;IT Services and IT Consulting;;;Privately Held;egee.fr;
 C-Digital Labs;Cesson-Sévigné, Ille-et-Vilaine, Bretagne, France, Rennes, Europe;20;IT Services and IT Consulting;2020;"designagile
+20";Privately Held;cdigitallabs.com;
 Optic Performance;Vannes, Morbihan, Bretagne, France, Vannes, Europe;22;IT Services and IT Consulting;2015;"Analytics
+10";Partnership;hugedomains.com;
 MOJOVIDA;Nozay, Essonne, Île-De-France, France, Palaiseau, Europe;73;IT Services and IT Consulting;1999;;Privately Held;mojovida.fr;
 MEDICEA (Groupe Neodial);Cachan, Île-De-France, France;33;IT Services and IT Consulting;2011;"Secretariat téléphonique
+2";Privately Held;medicea.fr;
 SELL;Yvelines, Île-De-France, France, Mantes-la-Jolie, Europe;530;Software Development;2006;"Conception de Catalogue papier/e-Catalogue/Page Web
+8";Privately Held;sell.fr;
 Odoo Consultant Niort;Paris, Paris, Île-De-France, France, Europe;29;IT Services and IT Consulting;2018;;Self-Employed;odooconsultant.com;
 Melia;Breuil-la-Réorte, Charente-Maritime, Nouvelle-Aquitaine, France, Rochefort, Europe;87;Software Development;2018;;Privately Held;melia.com;
 Odeis;Seyssinet-Pariset, Isère, Auvergne-Rhône-Alpes, France, Grenoble, Europe;29;Software Development;1992;"Logiciel
+7";Privately Held;odeis.fr;
 VALAB;Flourens, Haute-Garonne, Occitanie, France, Toulouse, Europe;21;Software Development;;;Privately Held;valab.com;
 Clariteam;Saint-Cloud, Hauts-de-Seine, Île-De-France, France, Boulogne-Billancourt, Europe;31;IT Services and IT Consulting;;"Performance Applicative
+21";Privately Held;clariteam.com;
 202 ecommerce - Agence Ecommerce à Paris;Paris, Paris, Île-De-France, France, Europe;22;IT Services and IT Consulting;2010;Prestashop and ecommerce;Privately Held;202-ecommerce.com;
 Authôt;Ivry-sur-Seine, Val-de-Marne, Île-De-France, France, Créteil, Europe;36;IT Services and IT Consulting;2012;"Sous-titrage et traduction de vidéos
+2";Partnership;authot.com;
 Agence Web Linov;Sébazac-Concourès, Aveyron, Occitanie, France, Rodez, Europe;21;Technology, Information and Internet;2013;;Self-Owned;agenceweb.fr;
 Services Epargne Entreprise;Nantes, Loire-Atlantique, Pays de la Loire, France, Nantes, Europe;146;Financial Services;2006;;Privately Held;s2e-services-epargne-entreprise.com;
 USTS;Paris, Paris, Île-De-France, France, Europe;20;Technology, Information and Internet;2012;"marketing digital
+8";Privately Held;usts.ai;
 Glaze;France, Europe;76;Technology, Information and Internet;2015;"SaaSMarketing
+2";Privately Held;glaze.com;
 NEO SYSTEMS;Évry, Essonne, Île-De-France, France, Évry, Europe;37;IT Services and IT Consulting;1995;;Privately Held;neosystems.fr;
 Alo - Développement logiciels sur mesure;Salouël, Somme, Hauts-de-France, France, Amiens, Europe;28;Software Development;2017;Développement informatique and Développement de sites web;Self-Owned;societeinfo.com;
 CollMan Solutions;Villeurbanne, Rhône, Auvergne-Rhône-Alpes, France, Lyon, Europe;96;Software Development;2011;"Prévention des risques professionnelsSST
+12";Privately Held;collman.eu;
 AZApp - Sites Internet et communication digitale;Champs-sur-Marne, Seine-et-Marne, Île-De-France, France, Torcy, Europe;29;IT Services and IT Consulting;2012;"Infogérance
+4";Privately Held;azapp.fr;
 Ynov'iT Groupe;Saint-Étienne, Loire, Auvergne-Rhône-Alpes, France, Saint-Étienne, Europe;52;IT Services and IT Consulting;;"Gestion des flux documentaires
+4";Privately Held;ynovit-services.com;
 Qwanteos;Nantes, Loire-Atlantique, Pays de la Loire, France, Nantes, Europe;24;IT Services and IT Consulting;2022;"NLPMachine learning
+9";Self-Owned;qwanteos.com;
 TickS;Meylan, Isère, Auvergne-Rhône-Alpes, France, Grenoble, Europe;84;IT Services and IT Consulting;2004;;Privately Held;ticks.fr;
 BiMP - OSINX // Equipements, Services & Expertise informatique;Hérouville-Saint-Clair, Calvados, Normandie, France, Caen, Europe;39;IT Services and IT Consulting;1992;"Informatique de Gestion
+18";Privately Held;osinx.fr;
 AIMAIRA;Mont-Saint-Aignan, Seine-Maritime, Normandie, France, Rouen, Europe;25;Software Development;2015;"éditeurintégrateur
+6";Partnership;aimaira.fr;
 LCD VISION;Toulouse, Haute-Garonne, Occitanie, France, Toulouse, Europe;34;IT Services and IT Consulting;1990;"Audiovisuel
+5";Privately Held;lcdvision.fr;
 Enalean | Tuleap;Saint-Alban-Leysse, Savoie, Auvergne-Rhône-Alpes, France, Chambéry, Europe;22;Software Development;2011;"software engineeringALM
+6";Partnership;tuleap.com;
 KLEWARD;Talence, Gironde, Nouvelle-Aquitaine, France, Bordeaux, Europe;42;Software Development;2006;"Offshore Outsourcing
+8";Privately Held;talence.fr;
 Shodo Nantes;Nantes, Loire-Atlantique, Pays de la Loire, France, Nantes, Europe;32;IT Services and IT Consulting;;;Self-Owned;lacantine.co;
 Cantoriel;St.-Herblain, Loire-Atlantique, Pays de la Loire, France, Nantes, Europe;34;Software Development;1993;"Paie & Administration Personnel
+9";Partnership;cantoriel.fr;
 AKKI;Paris, Paris, Île-De-France, France, Europe;91;Technology, Information and Internet;2008;"Plateforme digitale sur mesure
+19";Privately Held;akki.fr;
 Insiders.coop;Paris, Paris, Île-De-France, France, Europe;20;IT Services and IT Consulting;2018;;Privately Held;insiders.coop;
 DIGITAL ASSOCIATES;Niort, Deux-Sèvres, Nouvelle-Aquitaine, France, Niort, Europe;32;IT Services and IT Consulting;2015;"Exploitation informatique
+9";Privately Held;digital-associates.fr;
 Qorum Secur'Num;Puteaux, Hauts-de-Seine, Île-De-France, France, Nanterre, Europe;36;IT Services and IT Consulting;2020;"auditconseil
+19";Privately Held;qsn-cyber.fr;
 https://nourredinezaherz.wixsite.com/hanson-robotics/;Brienne-le-Château, Aube, Grand Est, France, Bar-sur-Aube, Europe;36;Technology, Information and Internet;2024;;Self-Owned;hansonrobotics.com;
 Kaze;Issy-les-Moulineaux, Hauts-de-Seine, Île-De-France, France, Boulogne-Billancourt, Europe;20;Software Development;;"field service managementGMAO
+3";Privately Held;kaze.com;
 ABOTT;Chinon, Indre-et-Loire, Centre-Val de Loire, France, Chinon, Europe;48;IT Services and IT Consulting;;;;fr.abbott;
 Techma;Cergy, Val-d'Oise, Île-De-France, France, Pontoise, Europe;33;IT Services and IT Consulting;1994;"Automatisme
+21";Privately Held;domainseller.site;
 EDICAD;Cahors, Lot, Occitanie, France, Cahors, Europe;24;Software Development;1996;"logiciel
+13";Privately Held;edicad.com;
 GEPARD FINANCE, s.r.o.;Chavagnes-en-Paillers, Vendée, Pays de la Loire, France, La Roche-sur-Yon, Europe;31;Financial Services;2008;"komplexný hypotekárny servis
+4";Privately Held;gepard.com;
 AB6;Cazaugitat, Gironde, Nouvelle-Aquitaine, France, Langon, Europe;26;IT Services and IT Consulting;1989;"Infogérance
+8";Privately Held;ab6.fr;
 Docaposte Agility;Sotteville-lès-Rouen, Seine-Maritime, Normandie, France, Rouen, Europe;45;IT Services and IT Consulting;2011;"ReactNode.js
+1";Privately Held;docaposte-agility.fr;
 Overland;St.-Marcel, Eure, Normandie, France, Évreux, Europe;24;Financial Services;1994;"Recouvrement de créances International
+4";Privately Held;overland.fr;
 Scoville Co., Ltd.;Pierrerue, Hérault, Occitanie, France, Béziers, Europe;59;IT Services and IT Consulting;2016;"AI Technology
+6";Privately Held;chili-saucen.com;
 Bonjour Patrimoine;Toulouse, Haute-Garonne, Occitanie, France, Toulouse, Europe;26;Financial Services;2003;"immobilier
+18";Privately Held;bonjourpatrimoine.fr;
 Micasys;Meylan, Isère, Auvergne-Rhône-Alpes, France, Grenoble, Europe;20;Software Development;2008;"Editeur logiciel
+5";Self-Owned;micasys.fr;
 ABM Système d'encaissement;Vern-sur-Seiche, Ille-et-Vilaine, Bretagne, France, Rennes, Europe;28;IT Services and IT Consulting;1976;;Privately Held;abm-caisse-enregistreuse.fr;
 AZNETWORK;Alençon, Orne, Normandie, France, Alençon, Europe;41;IT Services and IT Consulting;1999;"Progiciel de gestion : ERP / CRM
+14";Partnership;aznetwork.eu;
 Planworth Official;Granville, Manche, Normandie, France, Avranches, Europe;31;Financial Services;2002;"Pre Financing
+13";Privately Held;planworth.co;
 ATIMIC;Orléans, Loiret, Centre-Val de Loire, France, Orléans, Europe;62;Software Development;2012;"Développement web et mobile
+9";Privately Held;atimic.fr;
 NICESOFT;Paris, Paris, Île-De-France, France, Europe;26;IT Services and IT Consulting;;"NMISRIS
+8";Privately Held;groupesoftwaymedical.com;
 OPTI-ONE;Meudon, Hauts-de-Seine, Île-De-France, France, Boulogne-Billancourt, Europe;28;IT Services and IT Consulting;2006;"100% dédié à l'ERP SAP Business One
+12";Privately Held;opti-one.fr;
 Essel Synerg Tech;Arles-sur-Tech, Pyrénées-Orientales, Occitanie, France, Céret, Europe;26;IT Services and IT Consulting;2005;;Privately Held;mon-electricien.org;
 ACTHEOS ROUXEL-TANGUY & ASSOCIÉS;Plérin, Côtes-d'Armor, Bretagne, France, Saint-Brieuc, Europe;24;Financial Services;2009;"AuditConseil
+3";Privately Held;actheos.com;
 Glam;Paris, Paris, Île-De-France, France, Europe;73;Technology, Information and Internet;;"Publishing platforms
+2";Privately Held;glam.com;
 ÉNÉANCE;Paris, Paris, Île-De-France, France, Europe;30;IT Services and IT Consulting;2019;"conseil digital
+19";Partnership;eneance.com;
 Orisha Insurance;Villeneuve-d'Ascq, Nord, Hauts-de-France, France, Lille, Europe;33;Software Development;;;Privately Held;orisha.com;
 TW Micronics;Ste.-Marie-sur-Ouche, Côte-d'Or, Bourgogne-Franche-Comté, France, Dijon, Europe;42;IT Services and IT Consulting;1993;;Privately Held;twmicronics.com;
 Cognyx;Paris, Paris, Île-De-France, France, Europe;21;Software Development;2024;"SaaSManufacturing
+12";Privately Held;cognyx.ai;
 Days Legacy;Courbevoie, Hauts-de-Seine, Île-De-France, France, Nanterre, Europe;22;Financial Services;2024;;Privately Held;dayslegacy.com;
 TRIGONE (part of the NRB Group);Montreuil, Seine-Saint-Denis, Île-De-France, France, Bobigny, Europe;72;IT Services and IT Consulting;1982;"MainframeCloud
+14";Privately Held;trigone.fr;
 RRS - Retail Robotics Solutions;Paris, Paris, Île-De-France, France, Europe;27;Software Development;2022;"Software Development
+2";Privately Held;rrs-catering.eu;
 SARF - Représentant fiscal accrédité;Paris, Paris, Île-De-France, France, Europe;61;Financial Services;1983;;Privately Held;sarf.fr;
 Solutis;Saint-Quentin, Aisne, Hauts-de-France, France, Saint-Quentin, Europe;27;Financial Services;1998;"financecredit
+7";Partnership;solutis.fr;
 klekoon;Sevran, Seine-Saint-Denis, Île-De-France, France, Le Raincy, Europe;51;IT Services and IT Consulting;1999;;Privately Held;klekoon.fr;
 MK2i;Grenoble, Isère, Auvergne-Rhône-Alpes, France, Grenoble, Europe;26;Software Development;1988;"ambulancetaxi
+8";Privately Held;mk2i.fr;
 Mitsui Bussan Commodities (France) SA;Paris, Paris, Île-De-France, France, Europe;20;Financial Services;2019;"Energy OTC Derivatives Market-Making & Marketing
+6";Privately Held;mitsuibussancommodities.com;
 E-Finances;Carquefou, Loire-Atlantique, Pays de la Loire, France, Nantes, Europe;21;Software Development;;"Gestion de trésorerie
+5";Privately Held;e-finances.fr;
 Axess Adcom;Lyon, Rhône, Auvergne-Rhône-Alpes, France, Lyon, Europe;92;Technology, Information and Internet;1997;"Référencement naturel
+9";Privately Held;axess.fr;
 Abelium Entreprises;Saint-Malo, Ille-et-Vilaine, Bretagne, France, Saint-Malo, Europe;27;IT Services and IT Consulting;1999;"Logiciels de Gestion Bâtiment
+7";Self-Owned;informatique-logiciel-bretagne.com;
 cfca;Saint-Louis, Haut-Rhin, Grand Est, France, Mulhouse, Europe;47;Financial Services;1969;"comptabilité
+11";Privately Held;cfca.eu;
 Citopia;St.-Martin-sur-le-Pré, Marne, Grand Est, France, Châlons-en-Champagne, Europe;24;Software Development;2018;"Éditeur de logiciels
+13";Privately Held;citopia.fr;
 Finances & Territoires;Bassens, Savoie, Auvergne-Rhône-Alpes, France, Chambéry, Europe;41;Financial Services;2013;"Financements publics
+10";Privately Held;finances-territoires.fr;
 IT4Culture;Paris, Paris, Île-De-France, France, Europe;25;Software Development;2012;"développement d'applications cloud de gestion de base de données
+3";Partnership;it4culture.com;
 MOSS;Issy-les-Moulineaux, Hauts-de-Seine, Île-De-France, France, Boulogne-Billancourt, Europe;105;IT Services and IT Consulting;;"Aéronautique
+2";Privately Held;moss.fr;
 Groupe EXM;Villeurbanne, Rhône, Auvergne-Rhône-Alpes, France, Lyon, Europe;20;IT Services and IT Consulting;1998;"Solutions de Paiement
+6";Privately Held;exm.fr;
 Qalipsé;Paris, Paris, Île-De-France, France, Europe;117;Financial Services;1989;"ConseilFinance
+13";Privately Held;qalipse.com;
 ENVOLiiS;Boufféré, Vendée, Pays de la Loire, France, La Roche-sur-Yon, Europe;22;IT Services and IT Consulting;2008;"Microsoft 365
+10";Privately Held;envoliis.com;
 Groupe SIRAP;Romans-sur-Isère, Drôme, Auvergne-Rhône-Alpes, France, Valence, Europe;43;Software Development;1979;;Privately Held;sirap.fr;
 Novatice Technologies;Bois-Guillaume, Seine-Maritime, Normandie, France, Rouen, Europe;21;Software Development;2004;"logicielscolaire
+18";Partnership;novatice.com;
 ID Groupe;Lagord, Charente-Maritime, Nouvelle-Aquitaine, France, La Rochelle, Europe;68;Financial Services;2004;"ASSURANCE
+8";Privately Held;idgroupe.fr;
 Inleed;Bourges, Cher, Centre-Val de Loire, France, Bourges, Europe;42;Technology, Information and Internet;2002;"marketing digital
+18";Partnership;inleed.com;
 VERTICAL EXPENSE;Aix-en-Provence, Bouches-du-Rhône, Provence-Alpes-Côte D'Azur, France, Aix-en-Provence, Europe;21;Software Development;2019;"Gestion des dépenses professionnelles salariés
+6";Privately Held;verticalexpense.com;
 Bilink Solutions;Paris, Paris, Île-De-France, France, Europe;29;IT Services and IT Consulting;;"SAP BISAP BW
+5";Privately Held;bilinksolutions.com;
 PROLOGISM;Paris, Paris, Île-De-France, France, Europe;35;IT Services and IT Consulting;1999;"Consulting
+6";Partnership;prologism.fr;
 Datacend;Paris, Paris, Île-De-France, France, Europe;21;Software Development;2022;;Privately Held;datacend.io;
 SUDPAY;Cite Nord, Bouches-du-Rhône, Provence-Alpes-Côte D'Azur, France, Istres, Europe;23;IT Services and IT Consulting;2014;Votre Solution de paiement intégré multi-supportmulti-services et multi-opérateurs and Paie tout- Pour tous- Partout;Nonprofit;sudpay.com;
 Escale -;Nantes, Loire-Atlantique, Pays de la Loire, France, Nantes, Europe;37;Technology, Information and Internet;2010;"Conseil
+5";Privately Held;escale.fr;
 Polarbyte;Champs-sur-Marne, Seine-et-Marne, Île-De-France, France, Torcy, Europe;24;Software Development;1994;application design;Privately Held;idmgroup.com;
 Micromedia International;Meylan, Isère, Auvergne-Rhône-Alpes, France, Grenoble, Europe;29;Software Development;1994;"software development
+5";Privately Held;micromedia-int.com;
 Lefebvre Dalloz Logiciels & Services;Paris, Paris, Île-De-France, France, Europe;32;Software Development;2023;;Privately Held;lefebvre-dalloz.fr;
 Orma;Valence, Drôme, Auvergne-Rhône-Alpes, France, Valence, Europe;78;Software Development;1982;"Logiciels de Gestion
+9";Privately Held;orma.net;
 Inter-Actif;Tinqueux, Marne, Grand Est, France, Reims, Europe;100;IT Services and IT Consulting;2000;;Self-Owned;agencenumerique.fr;
 Casio France;Massy, Île-De-France, France;37;Software Development;2004;;Public Company;casio.co;
 B.T. Crédits - Financements;Villeneuve-lès-Montréal, Aude, Occitanie, France, Carcassonne, Europe;23;Financial Services;2006;"Courtier en crédit immobilier
+3";Privately Held;mappy.com;
 Neresys;Gardanne, Bouches-du-Rhône, Provence-Alpes-Côte D'Azur, France, Aix-en-Provence, Europe;51;IT Services and IT Consulting;1987;"PhotocopieursGED
+8";Partnership;neresys.com;
 SIS Technologies;Arcueil, Val-de-Marne, Île-De-France, France, L'Haÿ-les-Roses, Europe;45;IT Services and IT Consulting;2003;;Partnership;sis-technologies.net;
 Naolys Associés;Paris, Paris, Île-De-France, France, Europe;36;Financial Services;2014;"AuditConseil
+4";Privately Held;naolys-associes.fr;
 ELO;Paris, Paris, Île-De-France, France, Europe;23;IT Services and IT Consulting;2015;"ServiceNowBMC
+5";Self-Employed;chezelo.fr;
 Quariq;Montigny-le-Bretonneux, Yvelines, Île-De-France, France, Versailles, Europe;363;IT Services and IT Consulting;;"Industrial Automation
+7";Privately Held;quariq.com;
 Statigest;Maisons-Alfort, Val-de-Marne, Île-De-France, France, Créteil, Europe;38;Software Development;;;Self-Owned;statigest.fr;
 OptiXT;Le Mans, Sarthe, Pays de la Loire, France, Le Mans, Europe;38;Software Development;2015;"Services transactionnels liés à la gestion de « parcs »
+19";Partnership;optixt.fr;
 Mira-Group;Puteaux, Hauts-de-Seine, Île-De-France, France, Nanterre, Europe;27;IT Services and IT Consulting;2020;"Audit & Conseil
+3";Privately Held;mira.fr;
 Eodesk by Metaline;Aurillac, Cantal, Auvergne-Rhône-Alpes, France, Aurillac, Europe;20;IT Services and IT Consulting;2013;"Support UtilisateursMCO
+6";Privately Held;yougs.fr;
 ATGT Géomètre-Expert;Saint-Pierre-du-Perray, Essonne, Île-De-France, France, Évry, Europe;33;IT Services and IT Consulting;;;Partnership;geometre-expert.fr;
 LeGuide;Paris, Paris, Île-De-France, France, Europe;22;Technology, Information and Internet;1998;"Shopping Guides
+3";Public Company;leguide.com;
 FGS Conseils;Levallois-Perret, Hauts-de-Seine, Île-De-France, France, Nanterre, Europe;27;Software Development;1994;"Logiciels de gestion
+19";Privately Held;fgsconseils.fr;
 MaFrance;Paris, Paris, Île-De-France, France, Europe;33;Technology, Information and Internet;;"E-CommerceExport
+6";Privately Held;hugedomains.com;
 Scopea;Toulouse, Haute-Garonne, Occitanie, France, Toulouse, Europe;20;IT Services and IT Consulting;2015;"OdooSAP
+16";Privately Held;dynapps.fr;
 Hexagonal;Paris, Paris, Île-De-France, France, Europe;45;Software Development;2017;"ruby on railsagilité
+2";Privately Held;hexagonal.com;
 Bluestone;Paris, Paris, Île-De-France, France, Europe;63;IT Services and IT Consulting;1998;"Data Science
+5";Privately Held;bluestone.fr;
 NEOVIA Agency;Paris, Paris, Île-De-France, France, Europe;20;Technology, Information and Internet;2008;"DrupalSymfony
+13";Privately Held;neovia.co;
 Arobas Music;Lille, Nord, Hauts-de-France, France, Lille, Europe;20;Software Development;1997;;Privately Held;guitar-pro.com;
 AXEOFM;Muret, Haute-Garonne, Occitanie, France, Muret, Europe;25;IT Services and IT Consulting;1991;"Scanner Laser 3D
+19";Privately Held;axeofm.com;
 PLEIN SUD - Partenaire Technologique;Bègles, Gironde, Nouvelle-Aquitaine, France, Bordeaux, Europe;53;IT Services and IT Consulting;2001;"Infogérance
+9";Privately Held;pleinsud.com;
 Data Links;Asnières-sur-Seine, Hauts-de-Seine, Île-De-France, France, Nanterre, Europe;21;IT Services and IT Consulting;2009;"informatique
+11";Privately Held;datalinks.com;
 Activinnov;Villeurbanne, Rhône, Auvergne-Rhône-Alpes, France, Lyon, Europe;31;Software Development;2012;;Self-Owned;activinnov.com;
 KAYO;Le Petit-Quevilly, Seine-Maritime, Normandie, France, Rouen, Europe;28;Software Development;2012;"Marketing événementiel
+10";Privately Held;kayo.fr;
 Aliston;Vernouillet, Yvelines, Île-De-France, France, Saint-Germain-en-Laye, Europe;20;IT Services and IT Consulting;2009;"CRMConsulting Services
+8";Privately Held;aliston.fr;
 Colisée Family Office;Paris, Paris, Île-De-France, France, Europe;24;Financial Services;2010;;Privately Held;coliseefo.com;
 ALLIANCE PROJECT;Nanterre, Hauts-de-Seine, Île-De-France, France, Nanterre, Europe;45;IT Services and IT Consulting;1998;;Partnership;allianceproject.fr;
 Gastronomico;Ailhon, Auvergne-Rhône-Alpes, France;21;Technology, Information and Internet;2015;"gastronomie
+6";Self-Employed;gastronomico.fr;
 BCSYS by TVH Consulting;Lacroix-Saint-Ouen, Oise, Hauts-de-France, France, Compiègne, Europe;21;Software Development;2004;;Partnership;bcsys.fr;
 CodeTiburon;France, Europe;21;Software Development;2009;"web development
+22";Privately Held;codetiburon.com;
 Command Strategy Advisory;Paris, Paris, Île-De-France, France, Europe;49;Financial Services;2016;"Conseils Financiers
+4";Partnership;commandstrategy.com;
 FIDECA Fiduciaire d'Expertise Comptable et d'Audit;Guadeloupe, France, Europe;53;IT Services and IT Consulting;1978;;Privately Held;fideca.com;
 Nextpharm;Hayange, Moselle, Grand Est, France, Thionville, Europe;26;Software Development;2009;"Informatique
+2";Self-Owned;nextpharm.eu;
 Caux Formatique;Sainte-Marie-des-Champs, Seine-Maritime, Normandie, France, Rouen, Europe;26;Software Development;1988;;;cauxformatique.fr;
 Gexell - Logiciel de gestion PME et logiciel de caisse;Marseille, Bouches-du-Rhône, Provence-Alpes-Côte D'Azur, France, 1er Arr., Europe;26;Software Development;1989;"cloudgestion
+2";Privately Held;gexell.com;
 LOGITUD;Levallois-Perret, Hauts-de-Seine, Île-De-France, France, Nanterre, Europe;91;Software Development;1987;"développement
+3";Partnership;logitud.fr;
 Taldeas Courtage;Montauban, Tarn-et-Garonne, Occitanie, France, Montauban, Europe;22;Financial Services;2017;"Courtage
+7";Self-Employed;taldeascourtage.fr;
 IÉSEG Finance;Lille, Nord, Hauts-de-France, France, Lille, Europe;40;Financial Services;;Finance;Nonprofit;ieseg.fr;
 Sesame;Paris, Paris, Île-De-France, France, Europe;40;Financial Services;;;Partnership;sesame.com;
 2iSR;Cholet, Maine-et-Loire, Pays de la Loire, France, Cholet, Europe;30;IT Services and IT Consulting;2008;"Wi-Fiinfogérance
+10";Privately Held;2isr.fr;
 GroupBees;Paris, Paris, Île-De-France, France, Europe;28;IT Services and IT Consulting;2019;"CloudData
+2";Privately Held;groupbees.fr;
 UniMédia;Beaucouzé, Maine-et-Loire, Pays de la Loire, France, Angers, Europe;24;IT Services and IT Consulting;1996;"Sécurité Réseau
+27";Privately Held;unimedia.fr;
 TGI Maritime Software;Dunkerque, Nord, Hauts-de-France, France, Dunkerque, Europe;53;Software Development;1981;"Software
+5";Privately Held;tgims.com;
 Chapitre.com;Paris, Paris, Île-De-France, France, Europe;75;Technology, Information and Internet;1997;"e-commerce
+2";Privately Held;lalibrairie.com;
 Tellus;Biot, Alpes-Maritimes, Provence-Alpes-Côte D'Azur, France, Grasse, Europe;122;Financial Services;2003;"Diaspora
+2";Privately Held;tellus.fr;
 EMPREINTE.COM;Paris, Paris, Île-De-France, France, Europe;29;IT Services and IT Consulting;1994;"Video software
+12";Privately Held;empreintecom.fr;
 Julie Solutions;Lognes, Seine-et-Marne, Île-De-France, France, Torcy, Europe;44;Software Development;1983;"Logiciels de gestion pour cabinets dentaires
+3";Privately Held;julie.fr;
 NUTRILOG;Poule de Marans, Charente-Maritime, Nouvelle-Aquitaine, France, La Rochelle, Europe;38;Software Development;2004;"nutrition
+14";Partnership;nutrilog.com;
 SODATEC CITéS;Ruelle-sur-Touvre, Charente, Nouvelle-Aquitaine, France, Angoulême, Europe;122;IT Services and IT Consulting;1978;"Télécommunications
+13";Partnership;sodatec.com;
 Groupe A2COM;Pacé, Ille-et-Vilaine, Bretagne, France, Rennes, Europe;61;IT Services and IT Consulting;;"Logiciel santé
+3";Privately Held;a2com.net;
 UXP corp;Saint-Étienne, Loire, Auvergne-Rhône-Alpes, France, Saint-Étienne, Europe;66;Software Development;;"Software
+12";Public Company;uxp-corp.com;
 NextGen Technologies;Paris, Paris, Île-De-France, France, Europe;22;IT Services and IT Consulting;2022;"Intelligence artificielle
+6";Privately Held;nextgen-technologies.com;
 ISI.NC;Béthune, Pas-de-Calais, Hauts-de-France, France, Béthune, Europe;24;IT Services and IT Consulting;2004;"Ingénierie des systèmes d'information
+11";Partnership;isi.nc;
 NEXTALK;Aix-en-Provence, Bouches-du-Rhône, Provence-Alpes-Côte D'Azur, France, Aix-en-Provence, Europe;124;IT Services and IT Consulting;;Centre de contact and Centre d'appel;Partnership;nextalk.com;
 novadys;St.-Martin-sur-le-Pré, Marne, Grand Est, France, Châlons-en-Champagne, Europe;42;Software Development;1996;"GEDLAD-RAD
+21";Privately Held;novadys.fr;
 ASB CONSEIL;Quint-Fonsegrives, Haute-Garonne, Occitanie, France, Toulouse, Europe;20;Financial Services;;"création entreprise
+9";Partnership;asb-conseil.fr;
 KALPA Conseils;Paris, Paris, Île-De-France, France, Europe;45;IT Services and IT Consulting;2005;"Editique
+12";Privately Held;kalpa.fr;
 Digibois;Dijon, Côte-d'Or, Bourgogne-Franche-Comté, France, Dijon, Europe;23;Software Development;1990;;Privately Held;digibois.com;
 MEDISPACE RH;Belcodène, Bouches-du-Rhône, Provence-Alpes-Côte D'Azur, France, 1er Arr., Europe;31;Software Development;2015;"Santé au travail
+2";Privately Held;medispace-rh.fr;
 Sensing Vision;Betton, Ille-et-Vilaine, Bretagne, France, Rennes, Europe;21;IT Services and IT Consulting;2017;;Partnership;sensingvision.com;
 NS Associés (Naïm Steinmetz & Associés);Paris, Paris, Île-De-France, France, Europe;37;Financial Services;2000;"Expertise Comptable
+2";Privately Held;nsassocies.com;
 BI Group Valence;Valence, Drôme, Auvergne-Rhône-Alpes, France, Valence, Europe;119;IT Services and IT Consulting;2013;"Dématérialisation et gestion documentaire sur mesure
+9";Privately Held;bi-group.fr;
 Natixis TradEx Solutions;Paris, Paris, Île-De-France, France, Europe;38;Financial Services;2009;"Trading
+19";Privately Held;natixis.com;
 TrackAd;Paris, Paris, Île-De-France, France, Europe;25;Technology, Information and Internet;2014;"eCommerce
+17";Partnership;trackad.ai;
 Ukoo;Mulhouse, Haut-Rhin, Grand Est, France, Mulhouse, Europe;26;Technology, Information and Internet;2007;"internet
+8";Privately Held;ukoo.com;
 NXO Océan Indien;La Réunion, France, Europe;26;IT Services and IT Consulting;1992;"Services Managés
+34";Privately Held;nxo.eu;
 CS2R Availability Services;Lognes, Seine-et-Marne, Île-De-France, France, Torcy, Europe;21;IT Services and IT Consulting;1992;"Backup as a Service (BaaS)
+3";Privately Held;cs2r.fr;
 Pérenne'IT;Le Chesnay, Yvelines, Île-De-France, France, Versailles, Europe;20;IT Services and IT Consulting;2004;"Office 365
+24";Partnership;perenne-it.fr;
 d3;Golfech, Tarn-et-Garonne, Occitanie, France, Castelsarrasin, Europe;52;Software Development;2008;"Software Development
+12";Privately Held;edf.fr;
 eTrust;Boulogne-Billancourt, Hauts-de-Seine, Île-De-France, France, Boulogne-Billancourt, Europe;36;Software Development;;"GED Dématérialisation
+13";Privately Held;cscdbs.com;
 Q1C1;Tours, Indre-et-Loire, Centre-Val de Loire, France, Tours, Europe;21;IT Services and IT Consulting;2012;"Big data
+6";Self-Owned;q1c1.fr;
 PlaceShaker;Vanves, Hauts-de-Seine, Île-De-France, France, Antony, Europe;26;Software Development;2017;"Bâtiment
+13";Privately Held;placeshaker.fr;
 Osidoc;Gennevilliers, Hauts-de-Seine, Île-De-France, France, Nanterre, Europe;20;Software Development;1995;"Automatisation
+24";Privately Held;osidoc.ai;
 INAXEL;Mauguio, Hérault, Occitanie, France, Montpellier, Europe;37;Software Development;2009;"Logiciel de gestion camping
+4";Partnership;inaxel.com;
 Vetup;Trets, Bouches-du-Rhône, Provence-Alpes-Côte D'Azur, France, Aix-en-Provence, Europe;35;Software Development;2009;"logiciels
+2";Privately Held;vetup.com;
 Université numérique Île-de-France;Saint-Denis, Seine-Saint-Denis, Île-De-France, France, Saint-Denis, Europe;48;IT Services and IT Consulting;2004;"services numériques
+11";Government Agency;gamingcampus.fr;
 WATCHDATA TECHNOLOGIES (FRANCE) SAS;Aix-en-Provence, Bouches-du-Rhône, Provence-Alpes-Côte D'Azur, France, Aix-en-Provence, Europe;86;IT Services and IT Consulting;2006;"Smart Card and Contactless Technologies
+9";Privately Held;watchdata.com;
 Naoned;Saint-Sébastien-sur-Loire, Loire-Atlantique, Pays de la Loire, France, Nantes, Europe;31;Software Development;2007;"systèmes d'archivage
+19";Privately Held;naoned.fr;
 TECH-INFOR;Saint-Marcel-lès-Valence, Drôme, Auvergne-Rhône-Alpes, France, Valence, Europe;29;IT Services and IT Consulting;1989;"Progress
+2";Privately Held;tech-infor.fr;
 MegaO Informatique;Auvergne-Rhône-Alpes, France, Europe;26;IT Services and IT Consulting;1986;"Editeur de logiciels de gestion
+19";Privately Held;auvergnerhonealpes.digital;
 IT CONTACT;Roanne, Loire, Auvergne-Rhône-Alpes, France, Roanne, Europe;38;IT Services and IT Consulting;2008;"système d'information
+10";Privately Held;itcontact.fr;
 Solumatic (Vitisoft - Padawine - Viticode);Chambray-lès-Tours, Indre-et-Loire, Centre-Val de Loire, France, Tours, Europe;24;Software Development;2014;"viticolegestion commerciale
+2";Privately Held;vitisoft.fr;
 RÉSEAU ELISTA;Orvault, Loire-Atlantique, Pays de la Loire, France, Nantes, Europe;31;Financial Services;2012;;Self-Owned;reseau-elista.fr;
 7Opteam by Nomadia;Nantes, Loire-Atlantique, Pays de la Loire, France, Nantes, Europe;21;Software Development;2013;"logiciel
+27";Partnership;7opteam.com;
 LLC IBA-Gomel-Park;By, Doubs, Bourgogne-Franche-Comté, France, Besançon, Europe;71;IT Services and IT Consulting;1999;;Privately Held;park.by;
 Mimcode;Villepinte, Île-De-France, France;47;IT Services and IT Consulting;2021;;Privately Held;mimcode.com;
 CM-CIC FACTOR;Hauts-de-Seine, Île-De-France, France, Nanterre, Europe;60;Financial Services;;"Digitalisation
+9";Privately Held;cic-factoringsolutions.eu;
 Avancia;Lyon, Rhône, Auvergne-Rhône-Alpes, France, Lyon, Europe;22;Financial Services;2007;"Ingénierie de projet d'entreprise
+5";Privately Held;avancia.fr;
 Elahi Technologies;Saint-Aunès, Hérault, Occitanie, France, Montpellier, Europe;21;Software Development;2017;"Software Development
+6";Public Company;elahitechnologies.com;
 AUDIT CEFAT - Copilote financier des dirigeants de PME;France, Europe;20;Financial Services;2011;Création d'entreprisereprise et transmission and Fiscalité personnelle;Privately Held;auditcefat.fr;
 Serdao | Digital Services & 24/7 IT Support;Châtenay-Malabry, Hauts-de-Seine, Île-De-France, France, Antony, Europe;48;IT Services and IT Consulting;2006;"Frenchshoring
+12";Partnership;serdao.com;
 ATOUM TECH;Paris, Paris, Île-De-France, France, Europe;27;Technology, Information and Internet;2023;"Microscopies optique et électronique
+8";Privately Held;atoumtech.com;
 eCom CS;Paris, Paris, Île-De-France, France, Europe;40;IT Services and IT Consulting;1998;"Messagerie et collaboratif
+6";Privately Held;ecom-cs.com;
 ANTIANE - Managed IT Services;Martinique, France, Europe;33;IT Services and IT Consulting;2000;"InfogéranceCloud
+5";Privately Held;antiane.com;
 Caprikorn;Paris, Paris, Île-De-France, France, Europe;38;Technology, Information and Internet;;;Privately Held;caprikorn.com;
 Premium SAS;Écouflant, Maine-et-Loire, Pays de la Loire, France, Angers, Europe;40;IT Services and IT Consulting;2000;"copieurs
+37";Privately Held;premium.com;
 GIE Artic;Lisieux, Calvados, Normandie, France, Lisieux, Europe;57;IT Services and IT Consulting;1969;;Privately Held;artic.fr;
 Snapcom;Bezons, Val-d'Oise, Île-De-France, France, Argenteuil, Europe;44;IT Services and IT Consulting;2005;"Téléprésence
+8";Privately Held;snapcom.eu;
 PI Electronique;Villebon-sur-Yvette, Essonne, Île-De-France, France, Palaiseau, Europe;83;Software Development;1983;;Partnership;pielectronique.com;
 IMPACT - DeltaSuite;Orléans, Loiret, Centre-Val de Loire, France, Orléans, Europe;36;Software Development;2012;"javakotlin
+8";Partnership;sas-impact.com;
 OP3FT;Paris, Paris, Île-De-France, France, Europe;23;Technology, Information and Internet;2012;"Internet
+4";Nonprofit;op3ft.org;
 SOLWARE AUTO;Limonest, Rhône, Auvergne-Rhône-Alpes, France, Lyon, Europe;77;Software Development;1987;;Privately Held;solware.fr;
 Aquasys;Port-Saint-Père, Loire-Atlantique, Pays de la Loire, France, Nantes, Europe;29;Software Development;2006;"Intelligence artificielle
+4";Privately Held;aquasys.fr;
 MiOS;Poitiers, Vienne, Nouvelle-Aquitaine, France, Poitiers, Europe;40;IT Services and IT Consulting;2008;"Home Automation
+12";Privately Held;mios.com;
 Nexylan;Marcq-en-Barœul, Nord, Hauts-de-France, France, Lille, Europe;37;Technology, Information and Internet;2009;"Hébergement
+3";Privately Held;mappy.com;
 IDM | Ingenierie Diffusion Multimedia;Champs-sur-Marne, Seine-et-Marne, Île-De-France, France, Torcy, Europe;25;Software Development;1994;"Software management
+10";Privately Held;doctrine.fr;
 INEDI;Paris, Paris, Île-De-France, France, Europe;103;Software Development;2024;;Privately Held;inedi.fr;
 SDEL Transport Services;Nanterre, Hauts-de-Seine, Île-De-France, France, Nanterre, Europe;53;IT Services and IT Consulting;;"Maintenance
+3";Public Company;sdel-transport-services.fr;
 Addviso;Rennes, Ille-et-Vilaine, Bretagne, France, Rennes, Europe;22;Technology, Information and Internet;2010;"Projets web sur-mesure
+8";Privately Held;addviso.fr;
 ETS BERNARD;Aix-Noulette, Pas-de-Calais, Hauts-de-France, France, Lens, Europe;27;Software Development;;;;bernard.io;
 AVANTAGE COURTAGE;Rungis, Val-de-Marne, Île-De-France, France, L'Haÿ-les-Roses, Europe;24;Financial Services;2008;Courtier en prêt et investissement immobilier;Privately Held;avantagecourtage.fr;
 OfficePartner;Sausheim, Haut-Rhin, Grand Est, France, Mulhouse, Europe;21;IT Services and IT Consulting;2000;"Maintenance informatique
+13";Privately Held;officepartner.fr;
 CNEXT CONSULTING;Cergy-Pontoise, Île-De-France, France;22;IT Services and IT Consulting;2015;"PLMProduct Lifecycle Management
+20";Privately Held;cnext-consulting.fr;
 Asartis;Angers, Maine-et-Loire, Pays de la Loire, France, Angers, Europe;111;Financial Services;1972;"SocialPilotage
+13";Self-Employed;asartis.com;
 CONTEL Conectividad y Telecomunicación;Vosges, Grand Est, France, Saint-Dié-des-Vosges, Europe;48;IT Services and IT Consulting;1992;"Cableado estructurado
+8";Self-Owned;com.mx;
 Porto Brasil Consórcios;Cavalaire-sur-Mer, Var, Provence-Alpes-Côte D'Azur, France, Draguignan, Europe;21;Financial Services;;;Privately Held;portobrasil.com;
 Apitech;Lyon, Rhône, Auvergne-Rhône-Alpes, France, Lyon, Europe;41;Software Development;1991;"Collaborative Portals
+3";Privately Held;apitech.fr;
 Rcube Asset Management;Paris, Île-De-France, France;28;Financial Services;2013;"Asset Management
+3";Privately Held;rcube.com;
 Wizards Reply;Paris, Paris, Île-De-France, France, Europe;62;Technology, Information and Internet;2016;Startup-like developers teams;Self-Owned;reply.com;
 Actemium Paris Transport;Nanterre, Hauts-de-Seine, Île-De-France, France, Nanterre, Europe;53;IT Services and IT Consulting;;;Privately Held;actemium.fr;
 Matha Capital;Luriecq, Loire, Auvergne-Rhône-Alpes, France, Montbrison, Europe;24;Financial Services;2016;"Investment Banking
+9";Privately Held;mathacapital.com;
 APT IT SOLUTION;Le Mans, Sarthe, Pays de la Loire, France, Le Mans, Europe;58;IT Services and IT Consulting;2012;;Privately Held;it-solutions.cloud;
 Habitatpresto;Paris, Paris, Île-De-France, France, Europe;23;Technology, Information and Internet;2005;"Internet
+11";Privately Held;habitatpresto.com;
 Conseils Associés;Paris, Paris, Île-De-France, France, Europe;26;Financial Services;1969;"TaxAuditVAT
+4";Partnership;conseils-associes.fr;
 MIDI CENTRE - CONSEIL AUDIT EXPERTISE;Rodez, Aveyron, Occitanie, France, Rodez, Europe;46;Financial Services;1972;;Privately Held;midi-centre.com;
 En Privé;Paris, Paris, Île-De-France, France, Europe;39;Financial Services;2019;"conseil en investissement
+8";Privately Held;enprive.fr;
 Chef de projet numérique - Consultant Freelance;Nogent-sur-Marne, Val-de-Marne, Île-De-France, France, Nogent-sur-Marne, Europe;67;IT Services and IT Consulting;1996;;Self-Employed;chefprojet.com;
 OKINA;Dax, Landes, Nouvelle-Aquitaine, France, Dax, Europe;21;Software Development;2012;"MobilitéITS
+11";Privately Held;okina.fr;
 FOLIATECH FRANCE;Vienne, Isère, Auvergne-Rhône-Alpes, France, Vienne, Europe;41;Software Development;2014;"Développement Web (HTML 5
+29";Partnership;foliatechgroup.com;
 INSEPTI;Villeneuve-d'Ascq, Nord, Hauts-de-France, France, Lille, Europe;22;IT Services and IT Consulting;2009;"Décisionnel
+22";Privately Held;insepti.com;
 Layer Data - When humans meet Data;Bagnolet, Seine-Saint-Denis, Île-De-France, France, Bobigny, Europe;27;IT Services and IT Consulting;2020;"Data Catalog
+11";Privately Held;layer-data.com;
 Ocealia Informatique;Ramonville-Saint-Agne, Haute-Garonne, Occitanie, France, Toulouse, Europe;20;Software Development;2003;"Planning du personnel
+7";Privately Held;ocealia-informatique.com;
 TELEMEDIC INC.;Isère, Auvergne-Rhône-Alpes, France, Grenoble, Europe;20;Software Development;2002;"Télésanté
+5";Partnership;telemedic.ca;
 BPCE Finances & Territoires;Bassens, Savoie, Auvergne-Rhône-Alpes, France, Chambéry, Europe;45;Financial Services;2013;"Financements publics
+10";Privately Held;groupebpce.com;
 Costockage;Paris, Paris, Île-De-France, France, Europe;28;Software Development;2012;;Privately Held;costockage.fr;
 Pharmatic;Toulouse, Haute-Garonne, Occitanie, France, Toulouse, Europe;33;Software Development;;;Self-Owned;pharmatic.fr;
 Datameal | Winrest;Grabels, Hérault, Occitanie, France, Montpellier, Europe;29;Software Development;1996;"Restauration collective
+11";Privately Held;datameal.fr;
 Newzik;Paris, Paris, Île-De-France, France, Europe;24;Software Development;2014;;Partnership;newzik.fr;
 Kyxar;Mours-Saint-Eusèbe, Drôme, Auvergne-Rhône-Alpes, France, Valence, Europe;32;Technology, Information and Internet;1997;"e-commerceSEO
+2";Privately Held;kyxar.fr;
 UNIFITEL;Sartène, Corse-du-Sud, Corse, France, Sartène, Europe;205;Financial Services;2007;"Centre de Services Financiers
+2";Privately Held;unifitel.com;
 Mapado;Lyon, Rhône, Auvergne-Rhône-Alpes, France, Lyon, Europe;30;Technology, Information and Internet;2012;"billetterie
+8";Privately Held;mapado.com;
 KSL;Paris, Paris, Île-De-France, France, Europe;155;IT Services and IT Consulting;1992;"COMMUNICATION CLIENTS
+6";Privately Held;ksl-global.fr;
 DIALOG - UP;Le Mans, Sarthe, Pays de la Loire, France, Le Mans, Europe;22;Software Development;1994;"Informatique
+3";Privately Held;dialog.fr;
 PHOENIX FLEET EXPERT;France, Europe;40;Software Development;2011;"Éditeur de logiciel
+3";Privately Held;phoenixfleet.com;
 Win Services Pharma;Lissieu, Rhône, Auvergne-Rhône-Alpes, France, Lyon, Europe;21;Software Development;2007;"PHARMACIE
+5";Privately Held;odoo.com;
 ADEC SAS;Pérols, Hérault, Occitanie, France, Montpellier, Europe;46;Software Development;2001;"EDIDématérialisation
+6";Partnership;adec-sas.com;
 Kiliogene;Nantes, Loire-Atlantique, Pays de la Loire, France, Nantes, Europe;22;Software Development;2022;Salesforce and Automatisation;Privately Held;kiliogene.com;
 La graine;Bruges, Gironde, Nouvelle-Aquitaine, France, Bordeaux, Europe;23;Software Development;1988;;Privately Held;graine.fr;
 Les Courtiers Bordelais;Bordeaux, Gironde, Nouvelle-Aquitaine, France, Bordeaux, Europe;29;Financial Services;2016;"Prêt immobilier
+8";Privately Held;lescourtiersbordelais.com;
 Initiative Ouest Provence;Istres, Bouches-du-Rhône, Provence-Alpes-Côte D'Azur, France, Istres, Europe;82;Financial Services;1999;;Nonprofit;initiative-ouestprovence.com;
 Aikini Brand Strategy;Marseille, Bouches-du-Rhône, Provence-Alpes-Côte D'Azur, France, 1er Arr., Europe;23;Technology, Information and Internet;2017;"Marketing
+28";Privately Held;aikini.fr;
 Zenith Capital;Paris, Paris, Île-De-France, France, Europe;23;Financial Services;2017;;Privately Held;zenith-is.com;
 Numérian;Le Pouzin, Ardèche, Auvergne-Rhône-Alpes, France, Privas, Europe;25;IT Services and IT Consulting;1995;"Dématérialisation
+17";Nonprofit;numerian.fr;
 EXCELCIO;Paris, Paris, Île-De-France, France, Europe;41;Software Development;2008;"Business Intelligence
+17";Partnership;excelcio.com;
 Hirondo;Paris, Paris, Île-De-France, France, Europe;25;Technology, Information and Internet;2023;"marketing
+11";Partnership;hirondo.co;
 Gogency;St.-Herblain, Loire-Atlantique, Pays de la Loire, France, Nantes, Europe;23;Technology, Information and Internet;2019;;Privately Held;gogency.fr;
 Agence Tild;Puteaux, Hauts-de-Seine, Île-De-France, France, Nanterre, Europe;26;Technology, Information and Internet;2014;"Création Web et Mobile
+9";Partnership;tild.fr;
 W3Plus;Creuzier-le-Neuf, Allier, Auvergne-Rhône-Alpes, France, Vichy, Europe;23;IT Services and IT Consulting;2008;"Développement mobile
+9";Self-Owned;w3plus.fr;
 MADIC digital;Saint-André-de-Cubzac, Gironde, Nouvelle-Aquitaine, France, Blaye, Europe;39;Software Development;1998;"Conseil & Service Marketing In-Store
+8";Privately Held;madic-digital.fr;
 PFU;Ploëzal, Côtes-d'Armor, Bretagne, France, Guingamp, Europe;230;IT Services and IT Consulting;1960;IT;Privately Held;collectivite.fr;
 SAFIR;Douai, Nord, Hauts-de-France, France, Douai, Europe;61;Financial Services;1993;;Privately Held;safir.eu;
 Archybald (Ex Est Repro & IMS Partners) - Groupe Hexapage;Hœrdt, Bas-Rhin, Grand Est, France, Strasbourg, Europe;24;IT Services and IT Consulting;;"Dématérialisation des factures
+16";Partnership;archybald.fr;
 NODATA;Paris, Paris, Île-De-France, France, Europe;24;Software Development;2015;;Privately Held;nodata.fr;
 CMV Médiforce - BNP Paribas Leasing Solutions;Levallois-Perret, Hauts-de-Seine, Île-De-France, France, Nanterre, Europe;38;Financial Services;1976;;Privately Held;cmvmediforce.fr;
 LOGIDIS COMPTOIRS MODERNES;Mondeville, Calvados, Normandie, France, Caen, Europe;101;IT Services and IT Consulting;;;;europages.fr;
 AXN Informatique;Montoire-sur-le-Loir, Loir-et-Cher, Centre-Val de Loire, France, Vendôme, Europe;31;IT Services and IT Consulting;1989;"Sites Internet
+6";Privately Held;axn.fr;
 SafeBrands;France, Europe;22;Technology, Information and Internet;;"Noms de domaine
+7";Public Company;brandshelter.com;
 IMATAG;Rennes, Ille-et-Vilaine, Bretagne, France, Rennes, Europe;20;Software Development;2015;"image recognition technologies
+4";Privately Held;imatag.com;
 Pinpo;France, Europe;21;Technology, Information and Internet;2018;"StartupAI
+5";Privately Held;pinpo.ai;
 LEXAGRI International;Saint-Julien-en-Genevois, Haute-Savoie, Auvergne-Rhône-Alpes, France, Saint-Julien-en-Genevois, Europe;34;IT Services and IT Consulting;1988;"Database
+18";Privately Held;lexagri.com;
 iPaymu | Plug&Play, Payment Solution;Coubisou, Aveyron, Occitanie, France, Rodez, Europe;28;IT Services and IT Consulting;2011;"Online Payment System Debit Card/e-Wallet
+3";Privately Held;ipaymu.com;
 Quasar Solutions - Groupe Kardol;Annecy, Haute-Savoie, Auvergne-Rhône-Alpes, France, Annecy, Europe;23;Software Development;1987;"Contrôle Qualité
+9";Self-Owned;quasarsolutions.com;
 Percall Group Siemens Partner;Lyon, Rhône, Auvergne-Rhône-Alpes, France, Lyon, Europe;74;IT Services and IT Consulting;;"PLMPDM
+17";Partnership;percallgroup.com;
 dtc;Boulogne-Billancourt, Hauts-de-Seine, Île-De-France, France, Boulogne-Billancourt, Europe;99;IT Services and IT Consulting;;"BILLETTERIE
+3";Privately Held;infobel.com;
 PERINFO;Levallois-Perret, Hauts-de-Seine, Île-De-France, France, Nanterre, Europe;37;Software Development;1982;"Edition de Logiciel
+2";Privately Held;perinfo.eu;
 2TS;Dunkerque, Nord, Hauts-de-France, France, Dunkerque, Europe;29;IT Services and IT Consulting;2009;"cybersecurity solutions
+15";Privately Held;dunkerque-port.fr;
 InventorSoft.co;Nevers, Nièvre, Bourgogne-Franche-Comté, France, Nevers, Europe;97;IT Services and IT Consulting;2015;"Software Development
+11";Privately Held;inventorsoft.co;
 RFN;Boeschepe, Nord, Hauts-de-France, France, Dunkerque, Europe;126;Financial Services;1984;"legalFinancieel Advies
+9";Privately Held;rfn.fr;
 ALLEA;Chartres, Eure-et-Loir, Centre-Val de Loire, France, Chartres, Europe;35;IT Services and IT Consulting;2016;"Étude & conseils
+25";Privately Held;allea.com;
 BFG Capital;Paris, Paris, Île-De-France, France, Europe;36;Financial Services;2006;"Conseil en analyse de risque
+5";Privately Held;bfgcapital.com;
 OXO Team;Aubière, Puy-de-Dôme, Auvergne-Rhône-Alpes, France, Clermont-Ferrand, Europe;41;IT Services and IT Consulting;2017;"Services numériques
+3";Partnership;oxo-team.com;
 Neeva;Bordeaux, Gironde, Nouvelle-Aquitaine, France, Bordeaux, Europe;23;Software Development;2005;"Gestion du Recrutement
+6";Privately Held;neevagroup.com;
 SociaNOVA;Paris, Paris, Île-De-France, France, Europe;68;Software Development;;"ERPSaaS
+3";Privately Held;socianova.com;
 Vu du Web;Montpellier, Hérault, Occitanie, France, Montpellier, Europe;22;Technology, Information and Internet;2012;"Internet
+8";Partnership;vu-du-web.com;
 Brandquad;Ourlet, Nord, Hauts-de-France, France, Lille, Europe;65;Software Development;2015;"PIMDAM
+6";Privately Held;brandquad.com;
 ELEUSIS Conseil;Paris, Paris, Île-De-France, France, Europe;30;IT Services and IT Consulting;2019;"Conseil
+3";Partnership;eleusis-conseil.fr;
 SYMDRIK;Paris, Paris, Île-De-France, France, Europe;28;Technology, Information and Internet;2015;"Développement web
+4";Privately Held;symdrik.com;
 MAESTRIA;Biot, Alpes-Maritimes, Provence-Alpes-Côte D'Azur, France, Grasse, Europe;24;IT Services and IT Consulting;2022;Recrutement and Conseil & accompagnement;Privately Held;maestria.com;
 SOLWARE GROUP;Limonest, Rhône, Auvergne-Rhône-Alpes, France, Lyon, Europe;47;IT Services and IT Consulting;1987;"Secteur automobile
+3";Privately Held;solware.fr;
 Serenis Consulting;Rennes, Ille-et-Vilaine, Bretagne, France, Rennes, Europe;22;Financial Services;2003;"Valorisation des économies d’énergie
+4";Privately Held;serenisconsulting.fr;
 Eastelson;Levallois-Perret, Hauts-de-Seine, Île-De-France, France, Nanterre, Europe;42;IT Services and IT Consulting;2018;;Privately Held;eastelson.com;
 Provigis;Paris, Paris, Île-De-France, France, Europe;25;Technology, Information and Internet;2007;;Partnership;provigis.com;
 BLC;Paris, Paris, Île-De-France, France, Europe;107;Software Development;2014;"Logiciels de gestion
+9";Privately Held;blc-conseil.com;
 Confirm IT Group;Paris, Paris, Île-De-France, France, Europe;27;IT Services and IT Consulting;2017;"Banque
+12";Privately Held;forsta.com;
 WiiS -Workflow Innovations Imaging Solutions;Lyon, Rhône, Auvergne-Rhône-Alpes, France, Lyon, Europe;29;IT Services and IT Consulting;2016;"SSIIImagerie Médicale
+17";Privately Held;wiis.fr;
 ANIKOP;Limonest, Rhône, Auvergne-Rhône-Alpes, France, Lyon, Europe;21;Software Development;2006;"Gestion interne
+13";Privately Held;anikop.com;
 OKAYO;Paris, Paris, Île-De-France, France, Europe;30;Software Development;2015;;Privately Held;okayo.fr;
 Steros;Caurel, Marne, Grand Est, France, Reims, Europe;26;IT Services and IT Consulting;2012;"Healthcare IT
+14";Privately Held;steros.fr;
 Liberlo;Lyon, Rhône, Auvergne-Rhône-Alpes, France, Lyon, Europe;33;Technology, Information and Internet;2020;"Médecine complémentaire
+8";Partnership;liberlo.com;
 Trusty;France, Europe;23;Software Development;2018;"Recruiting
+7";Privately Held;trusty.fr;
 La Mobilery;Wasquehal, Nord, Hauts-de-France, France, Lille, Europe;31;IT Services and IT Consulting;2010;;Privately Held;hugedomains.com;
 Decathlon Outdoor;Grenoble, Isère, Auvergne-Rhône-Alpes, France, Grenoble, Europe;48;Software Development;2014;;Privately Held;decathlon-outdoor.com;
 MAX Digital Services;Rennes, Ille-et-Vilaine, Bretagne, France, Rennes, Europe;34;IT Services and IT Consulting;;"Services numériquesDigital
+8";Partnership;maxdigitalservices.com;
 Technofy;Toulouse, Haute-Garonne, Occitanie, France, Toulouse, Europe;22;IT Services and IT Consulting;2015;"IT Operations
+6";Privately Held;technofy.com;
 IT-Development;La Tour-de-Salvagny, Rhône, Auvergne-Rhône-Alpes, France, Lyon, Europe;67;Software Development;2010;"Network rollout (BPMN)
+9";Partnership;it-development.com;
 CEGAPE;Levallois-Perret, Hauts-de-Seine, Île-De-France, France, Nanterre, Europe;90;Software Development;1996;"Chômage
+26";Privately Held;cegape.fr;
 SCorp-io;Paris, Île-De-France, France;22;Software Development;2021;"SCADACloud
+17";Partnership;scorp-io.com;
 Ludotic;Valbonne, Alpes-Maritimes, Provence-Alpes-Côte D'Azur, France, Grasse, Europe;21;IT Services and IT Consulting;2004;"UX/UI designIA
+14";Privately Held;ludotic.com;
 RM Boulanger;Neuville-en-Ferrain, Nord, Hauts-de-France, France, Lille, Europe;29;Financial Services;1981;"Tax Representation
+21";Privately Held;rmboulanger.com;
 Smart Consulting;La Ciotat, Bouches-du-Rhône, Provence-Alpes-Côte D'Azur, France, 1er Arr., Europe;27;IT Services and IT Consulting;2002;"EMVSmart Card
+3";Privately Held;smart-consulting.com;
 ACA;Paris, Paris, Île-De-France, France, Europe;798;Software Development;1989;"Gestion des flux comptables et financiers
+8";Privately Held;acarestaurants.fr;
 L-Commerce - Entité du mouvement E.LECLERC;Ivry-sur-Seine, Val-de-Marne, Île-De-France, France, Créteil, Europe;109;Technology, Information and Internet;2013;;Partnership;hugedomains.com;
 smartpush;Marseille, Bouches-du-Rhône, Provence-Alpes-Côte D'Azur, France, 1er Arr., Europe;28;Technology, Information and Internet;2018;"dataservices financiers
+10";Privately Held;smartpush.io;
 Belive.ai (Now part of Vusion);Amiens, Somme, Hauts-de-France, France, Amiens, Europe;46;Software Development;;"RetailAI
+3";Privately Held;vusion.com;
 Moodify;Grasse, Alpes-Maritimes, Provence-Alpes-Côte D'Azur, France, Grasse, Europe;39;Technology, Information and Internet;2017;"Personal Care
+2";Privately Held;moodify.fr;
 Tanker;France, Europe;20;IT Services and IT Consulting;;"cloudcybersecurity
+5";Privately Held;tanker.com;
 Targa Viasat France;Montauban, Tarn-et-Garonne, Occitanie, France, Montauban, Europe;29;IT Services and IT Consulting;;"Internet of Things solutions
+4";Privately Held;targatelematics.com;
 Imagine Human;Lyon, Rhône, Auvergne-Rhône-Alpes, France, Lyon, Europe;28;Software Development;2020;"Qualité au Travail
+14";Privately Held;imagine-human.com;
 Journaliste web;Paris, Paris, Île-De-France, France, Europe;64;Technology, Information and Internet;;;Self-Employed;hellowork.com;
 Scal-e;Paris, Paris, Île-De-France, France, Europe;167;Software Development;;"Customer Data Platform
+21";Privately Held;scale.com;
 Monkey Factory;Le Puy-en-Velay, Haute-Loire, Auvergne-Rhône-Alpes, France, Le Puy-en-Velay, Europe;34;Software Development;2016;"Mobilité
+5";Privately Held;monkeyfactory.fr;
 LTU;Paris, Paris, Île-De-France, France, Europe;48;Software Development;2018;"SaaS Solution
+15";Privately Held;ltutech.com;
 GoodBarber;Ajaccio, Corse-du-Sud, Corse, France, Ajaccio, Europe;44;Software Development;2009;"mobile developmentios
+7";Privately Held;goodbarber.com;
 Mūcho;Paris, Paris, Île-De-France, France, Europe;31;Financial Services;2023;"Avantages salariésRH
+6";Privately Held;mucho.com;
 SEM NUMERICA;Montbéliard, Doubs, Bourgogne-Franche-Comté, France, Montbéliard, Europe;41;IT Services and IT Consulting;2008;"Fournisseur téléphonie et très haut débit
+8";Self-Owned;numericabfc.com;
 Pomelo-Paradigm;Versailles, Yvelines, Île-De-France, France, Versailles, Europe;47;Software Development;2013;"Gestion de documents
+2";Partnership;pomelo-paradigm.com;
 GLOBAL ITEC;Bastia, Haute-Corse, Corse, France, Bastia, Europe;22;IT Services and IT Consulting;2011;;Partnership;hugedomains.com;
 yxir;Puteaux, Hauts-de-Seine, Île-De-France, France, Nanterre, Europe;26;Software Development;2022;;Privately Held;yxir.com;
 2S COMPUTING;France, Europe;29;IT Services and IT Consulting;2010;"javaC++C#
+6";Partnership;2s-computing.fr;
 Horyzon;Boulogne-Billancourt, Hauts-de-Seine, Île-De-France, France, Boulogne-Billancourt, Europe;75;Technology, Information and Internet;;;Privately Held;horyzon.com;
 SPIE Operations;Cergy, Val-d'Oise, Île-De-France, France, Pontoise, Europe;67;IT Services and IT Consulting;;"Génie Electrique
+5";Public Company;spie.com;
 Zen'to;Levallois-Perret, Hauts-de-Seine, Île-De-France, France, Nanterre, Europe;23;Software Development;2009;"Green ITRetail
+7";Privately Held;zenbus.net;
 ECOFIP;Paris, Paris, Île-De-France, France, Europe;55;Financial Services;2003;"Défiscalisation
+7";Partnership;ecofip.com;
 TurnK;Bordeaux, Gironde, Nouvelle-Aquitaine, France, Bordeaux, Europe;20;IT Services and IT Consulting;2021;"CRMERP
+18";Privately Held;turnk.co;
 ERP Open-Prod;Échirolles, Isère, Auvergne-Rhône-Alpes, France, Grenoble, Europe;44;Software Development;2009;"Production
+10";Privately Held;hugedomains.com;
 Finengy Advisory;Paris, Paris, Île-De-France, France, Europe;24;Financial Services;2018;"Conseil
+20";Privately Held;finengyadvisory.fr;
 SQUIREL;Saint-Denis, Seine-Saint-Denis, Île-De-France, France, Saint-Denis, Europe;85;IT Services and IT Consulting;;"RailTech
+8";Privately Held;squirel.fr;
 coQliQo;Lille, Nord, Hauts-de-France, France, Lille, Europe;35;Software Development;2003;"Logiciels SAAS
+9";Privately Held;coqliqo.com;
 Arrabet HOLDING;Occitanie, France, Europe;60;Technology, Information and Internet;2023;;Privately Held;hugedomains.com;
 Diduenjoy;Paris, Paris, Île-De-France, France, Europe;33;Software Development;2014;"Customer Satisfaction
+12";Privately Held;diduenjoy.fr;
 Dynas+;Toulouse, Haute-Garonne, Occitanie, France, Toulouse, Europe;28;Software Development;;"Design Optimization
+6";Privately Held;dynas.ai;
 IKOMOBI;France, Europe;20;Technology, Information and Internet;2009;"m-commerce
+19";Self-Owned;ikomobi.com;
 Infoclip;France, Europe;43;IT Services and IT Consulting;1989;"Intégration de Solutions de Gestion
+7";Public Company;groupe-infoclip.com;
 BLIINK;Neuilly-sur-Seine, Hauts-de-Seine, Île-De-France, France, Nanterre, Europe;22;Technology, Information and Internet;2018;;Privately Held;reparea.fr;
 UNIBET;Boulogne-Billancourt, Hauts-de-Seine, Île-De-France, France, Boulogne-Billancourt, Europe;28;Technology, Information and Internet;;;Public Company;unibet.fr;
 Qwerio;Schiltigheim, Bas-Rhin, Grand Est, France, Strasbourg, Europe;38;IT Services and IT Consulting;2019;"Microsoft 365
+20";Privately Held;qwerio.net;
 Acep Trylive;Paris, Paris, Île-De-France, France, Europe;24;Software Development;2016;"virtual try on solutions
+12";Privately Held;aceptrylive.com;
 Wise Computers;Le Perreux-sur-Marne, Val-de-Marne, Île-De-France, France, Nogent-sur-Marne, Europe;62;Software Development;1997;"Distribution multicanale de produits informatiques
+9";Privately Held;mappy.com;
 Hiram Finance;Paris, Paris, Île-De-France, France, Europe;27;Financial Services;1998;"Gestion d’actifs
+9";Privately Held;hiram-finance.fr;
 Armonie;Montpellier, Occitanie, France;101;IT Services and IT Consulting;2022;"IBM iAS 400
+6";Partnership;armonie.com;
 Nestor;Lille, Nord, Hauts-de-France, France, Lille, Europe;21;Software Development;2019;"LegaltechLegal
+16";Partnership;nestor.fr;
 APICIL Asset Management;Paris, Paris, Île-De-France, France, Europe;43;Financial Services;1998;;Privately Held;apicil-asset-management.com;
 Vivlio;Lyon, Rhône, Auvergne-Rhône-Alpes, France, Lyon, Europe;62;Technology, Information and Internet;2011;"ebook distributionebook
+4";Privately Held;vivlio.com;
 CORTEX;Neuilly-sur-Marne, Seine-Saint-Denis, Île-De-France, France, Le Raincy, Europe;35;IT Services and IT Consulting;1998;"EDIRecommandés
+11";Partnership;cortex.fr;
 CTY - CloseToYou;Paris, Paris, Île-De-France, France, Europe;188;IT Services and IT Consulting;2015;"BIG DATA
+3";Partnership;closetoyou.fr;
 Sunny Tech;Montpellier, Hérault, Occitanie, France, Montpellier, Europe;26;Software Development;2017;;Nonprofit;sunnytech.fr;
 MyCFO;Paris, Paris, Île-De-France, France, Europe;37;Financial Services;2017;"DAF Temps Partagé
+5";Partnership;mycfo.fr;
 BIXOKO agence de communication & imprimerie;Amendeuix-Oneix, Pyrénées-Atlantiques, Nouvelle-Aquitaine, France, Bayonne, Europe;26;Technology, Information and Internet;2010;;Privately Held;bixoko.com;
 Overkiz;Annecy, Haute-Savoie, Auvergne-Rhône-Alpes, France, Annecy, Europe;62;Software Development;2007;"OEM IoT solutions
+15";Privately Held;overkiz.com;
 ADONIS Groupe;France, Europe;34;IT Services and IT Consulting;2006;"Développement Logiciels sur mesure
+26";Privately Held;adonis.fr;
 Yoozly - Agence digitale - Lille - Paris;Villeneuve-d'Ascq, Nord, Hauts-de-France, France, Lille, Europe;21;IT Services and IT Consulting;2005;"Webdesign
+15";Privately Held;yoozly.com;
 Les Fabricants - Agence digitale spécialiste des outils métiers;Villeneuve-d'Ascq, Nord, Hauts-de-France, France, Lille, Europe;27;IT Services and IT Consulting;2012;"Applications web
+7";Self-Owned;lesfabricants.io;
 MADAGENCE | a Jakala company;Levallois-Perret, Hauts-de-Seine, Île-De-France, France, Nanterre, Europe;63;IT Services and IT Consulting;;"e-commerce
+6";Self-Owned;madagence.fr;
 Pearltrees;Paris, Paris, Île-De-France, France, Europe;60;Technology, Information and Internet;2009;;Privately Held;pearltrees.com;
 2L COURTAGE;Saint-Leu-la-Forêt, Val-d'Oise, Île-De-France, France, Pontoise, Europe;51;Financial Services;2016;;Partnership;2l-courtage.fr;
 La Forge;Paris, Paris, Île-De-France, France, Europe;31;Software Development;2020;"Product Management
+2";Self-Employed;forge.io;
 Pluralle Groupe;Paris, Paris, Île-De-France, France, Europe;28;Financial Services;2020;"gestion des patrimoine
+10";Partnership;pluralle.fr;
 RMAN Sync;Bretteville-sur-Odon, Calvados, Normandie, France, Caen, Europe;22;Software Development;2019;"Intelligence Artificielle
+12";Partnership;rman-sync.com;
 Libon;Paris, Paris, Île-De-France, France, Europe;79;Financial Services;2018;"telecom
+5";Privately Held;libon.com;
 Aitenders;Saint-Étienne, Loire, Auvergne-Rhône-Alpes, France, Saint-Étienne, Europe;27;Software Development;2018;"Artificial Intelligence
+4";Privately Held;aitenders.com;
 Digitalinkers |Equancy - Groupe EDG;Paris, Paris, Île-De-France, France, Europe;45;IT Services and IT Consulting;2015;"DigitalConseil
+5";Privately Held;equancy.fr;
 Systerel;Aix-en-Provence, Bouches-du-Rhône, Provence-Alpes-Côte D'Azur, France, Aix-en-Provence, Europe;107;Software Development;2001;"embedded
+13";Privately Held;systerel.fr;
 PilOTT;Vénissieux, Rhône, Auvergne-Rhône-Alpes, France, Lyon, Europe;46;Software Development;2004;"SIRHLogiciels
+13";Privately Held;pilott.fr;
 Canguru;Paris, Paris, Île-De-France, France, Europe;68;IT Services and IT Consulting;2011;"Customer Interaction
+7";Public Company;canguru.io;
 DELTA RM;Paris, Paris, Île-De-France, France, Europe;20;IT Services and IT Consulting;2013;"Risk Intelligence
+11";Partnership;deltarm.com;
 ALTEVA;Paris, Paris, Île-De-France, France, Europe;23;Software Development;2000;"GMAO
+12";Privately Held;alteva.fr;
 Groupe Senef;Neuilly-sur-Seine, Hauts-de-Seine, Île-De-France, France, Nanterre, Europe;62;Software Development;2011;"logicielSAP
+18";Privately Held;groupesenef.com;
 CIRCET DISTRIBUTION;Paris, Paris, Île-De-France, France, Europe;136;IT Services and IT Consulting;;;Privately Held;circetdistribution.fr;
 HABS - Human Augmented Brain System;Paris, Paris, Île-De-France, France, Europe;35;Software Development;2023;"NeurosciencesAPI
+1";Partnership;habs.ai;
 Paymed, l'alternative libérale;Champagne-au-Mont-d'Or, Rhône, Auvergne-Rhône-Alpes, France, Lyon, Europe;64;Financial Services;2019;"Encaissement honoraires
+5";Privately Held;lcl.fr;
 GHS;Paris, Paris, Île-De-France, France, Europe;145;Software Development;1983;"PaieContrats courts
+3";Self-Owned;ghs.fr;
 Webhelp KYC Services;Issy-les-Moulineaux, Hauts-de-Seine, Île-De-France, France, Boulogne-Billancourt, Europe;259;Technology, Information and Internet;;"ID CONTROL
+2";Privately Held;chooseyourboss.com;
 proLogistik France (DSIA);Nantes, Loire-Atlantique, Pays de la Loire, France, Nantes, Europe;117;Software Development;1985;"Order Management - Logistar™ OMS
+7";Privately Held;prologistik.com;
 S3pweb- Agrégateur des data Transport;Brest, Bretagne, France;21;IT Services and IT Consulting;2017;"développement logiciel
+4";Partnership;s3pweb.com;
 Netopie;Issy-les-Moulineaux, Hauts-de-Seine, Île-De-France, France, Boulogne-Billancourt, Europe;25;IT Services and IT Consulting;2008;"macOSjamf
+22";Privately Held;netopie.com;
 E-testing;Nantes, Loire-Atlantique, Pays de la Loire, France, Nantes, Europe;25;Software Development;1998;"recrutement
+4";Partnership;e-testing.fr;
 Eliadis;Rueil-Malmaison, Île-De-France, France;43;IT Services and IT Consulting;2001;"Collaboratif
+18";Privately Held;eliadis.fr;
 Souccar for Electronic Industries LLC;Sy, Ardennes, Grand Est, France, Vouziers, Europe;70;IT Services and IT Consulting;1991;"Data Center
+8";Privately Held;souccar.com;
 JIB;Paris, Paris, Île-De-France, France, Europe;139;IT Services and IT Consulting;2018;;Partnership;lesjib.org;
 GINGERMINDS;Nantes, Loire-Atlantique, Pays de la Loire, France, Nantes, Europe;33;Technology, Information and Internet;2005;"développement multidevices
+24";Privately Held;gingerminds.fr;
 Twipi Group;Suresnes, Île-De-France, France;72;Software Development;2009;"GMAOgestion d'intervention
+7";Privately Held;twipi-group.com;
 HIGHFI;Paris, Paris, Île-De-France, France, Europe;52;IT Services and IT Consulting;2002;"Expertise (ALMCRM
+24";Privately Held;highfi.com;
 Loré;Bordeaux, Gironde, Nouvelle-Aquitaine, France, Bordeaux, Europe;64;Software Development;2009;"Logement social
+18";Privately Held;lore.fr;
 Enghouse Interactive France / Eptica;Paris, Paris, Île-De-France, France, Europe;27;Software Development;2001;"Digital Customer Engagement
+18";Privately Held;enghouseinteractive.com;
 Advanced Track & Trace;Rueil-Malmaison, Hauts-de-Seine, Île-De-France, France, Nanterre, Europe;35;IT Services and IT Consulting;2003;"Brand Protection
+15";Privately Held;advancedtrackandtrace.com;
 Karos Mobility;Paris, Paris, Île-De-France, France, Europe;36;Technology, Information and Internet;2014;"mobility
+6";Self-Owned;karosmobility.com;
 Eloficash;Entzheim, Bas-Rhin, Grand Est, France, Strasbourg, Europe;22;Software Development;2012;Réduisez de 20% vos délais de paiement et optimisez votre poste client & BFR.;Privately Held;eloficash.com;
 PYX4;Ardèche, Auvergne-Rhône-Alpes, France, Tournon-sur-Rhône, Europe;26;Software Development;2008;"Management de la qualité
+7";Privately Held;pyx4.com;
 ESTER;Paris, Paris, Île-De-France, France, Europe;48;Financial Services;2009;"Conseil en investissement
+8";Self-Owned;ester.fr;
 AOSIS;Toulouse, Haute-Garonne, Occitanie, France, Toulouse, Europe;77;IT Services and IT Consulting;2010;"SAP BWBig Data
+7";Privately Held;aosis.fr;
 SHOPINVEST;Paris, Paris, Île-De-France, France, Europe;26;Technology, Information and Internet;;;Public Company;shopinvest.fr;
 Cre10fi;Floirac, Gironde, Nouvelle-Aquitaine, France, Bordeaux, Europe;25;Financial Services;2012;"Regroupement de créditsCrédit
+1";Privately Held;cre10fi.fr;
 ChamberSign France;Lyon, Rhône, Auvergne-Rhône-Alpes, France, Lyon, Europe;37;IT Services and IT Consulting;2000;"certificat électronique
+10";Privately Held;chambersign.fr;
 Human Coders;Paris, Paris, Île-De-France, France, Europe;29;Technology, Information and Internet;2012;"FormationExpert
+4";Partnership;humancoders.com;
 Axialease;Levallois-Perret, Hauts-de-Seine, Île-De-France, France, Nanterre, Europe;46;Financial Services;2008;"Leasing
+9";Privately Held;axialease.com;
 DAMAaaS;Juvisy-sur-Orge, Essonne, Île-De-France, France, Palaiseau, Europe;22;Software Development;2012;"Cloud Computing
+9";Privately Held;damaaas.com;
 Synidia;Mulhouse, Haut-Rhin, Grand Est, France, Mulhouse, Europe;34;Software Development;1986;;Privately Held;synidia.com;
 Océane Consulting Data Management;Cesson-Sévigné, Ille-et-Vilaine, Bretagne, France, Rennes, Europe;27;IT Services and IT Consulting;;;Partnership;oceaneconsulting.fr;
 Easytransac;Strasbourg, Bas-Rhin, Grand Est, France, Strasbourg, Europe;21;Financial Services;2015;"Mobile Banking
+14";Partnership;easytransac.com;
 Leascorp;Nantes, Loire-Atlantique, Pays de la Loire, France, Nantes, Europe;29;Financial Services;2014;"Spécialiste en Financement locatif
+2";Partnership;leascorp.fr;
 Oalia;Suresnes, Hauts-de-Seine, Île-De-France, France, Nanterre, Europe;33;Software Development;2000;"Risk Management
+10";Partnership;oalia.com;
 SIVAN;Neuilly-sur-Seine, Hauts-de-Seine, Île-De-France, France, Nanterre, Europe;28;Software Development;;;Partnership;sivan.io;
 Symag by ChapsVision;France, Europe;78;Software Development;;;Privately Held;chapsvision.com;
 Docorga;Bayonne, Nouvelle-Aquitaine, France;39;Technology, Information and Internet;2014;"Professionnels de santé
+10";Privately Held;docorga.com;
 Abalon;Paris, Paris, Île-De-France, France, Europe;53;IT Services and IT Consulting;2011;"Architecture
+13";Privately Held;abalon-consulting.com;
 Sineti Consulting;Mayenne, Mayenne, Pays de la Loire, France, Mayenne, Europe;99;IT Services and IT Consulting;2008;"SAP B1 / BAiO / ECC / DMS
+3";Privately Held;ec-consulting-mayenne.com;
 Datalyo;Lyon, Rhône, Auvergne-Rhône-Alpes, France, Lyon, Europe;52;IT Services and IT Consulting;2014;"Big DataData
+17";Partnership;datalyo.com;
 Lyleoo;Vallauris, Alpes-Maritimes, Provence-Alpes-Côte D'Azur, France, Grasse, Europe;27;Software Development;2022;"Optique
+6";Privately Held;lyleoo.com;
 Brioude Internet;Cohade, Haute-Loire, Auvergne-Rhône-Alpes, France, Brioude, Europe;28;Technology, Information and Internet;1998;"référencement naturel
+18";Self-Owned;brioude-internet.fr;
 apik;Baden, Morbihan, Bretagne, France, Vannes, Europe;68;IT Services and IT Consulting;2011;"ERPOdoo
+20";Privately Held;apik.io;
 CINODIS;Roissy-en-France, Val-d'Oise, Île-De-France, France, Sarcelles, Europe;33;IT Services and IT Consulting;2005;"Réseaux
+16";Privately Held;cinodis.fr;
 Code Insider;Paris, Paris, Île-De-France, France, Europe;32;IT Services and IT Consulting;2015;"Informatique
+21";Privately Held;codeinsider.com;
 Numalis;Montpellier, Hérault, Occitanie, France, Montpellier, Europe;25;Software Development;2015;"ISO 24029
+10";Privately Held;numalis.com;
 Waysia (ex Alorsfaim);Paris, Paris, Île-De-France, France, Europe;67;Technology, Information and Internet;2018;"livraison
+3";Privately Held;waysia.com;
 Groupe Visiodent;Clichy, Hauts-de-Seine, Île-De-France, France, Nanterre, Europe;59;Software Development;1983;"Logiciels de gestion de cabinets dentaires.
+4";Public Company;visiodent.com;
 LCI - Linguistique Communication Informatique;Jouy, Eure-et-Loir, Centre-Val de Loire, France, Chartres, Europe;341;IT Services and IT Consulting;1990;"Digital learning
+20";Privately Held;digital-learning-academy.com;
 Konectiv;Marseille, Bouches-du-Rhône, Provence-Alpes-Côte D'Azur, France, 1er Arr., Europe;27;IT Services and IT Consulting;2022;portage salarial and IT;Privately Held;konectiv.fr;
 NETIM - ICANN accredited registrar;France, Europe;25;Technology, Information and Internet;2004;"nom de domaine
+9";Partnership;netim.com;
 Cyclife Digital Solutions;Bagnols-sur-Cèze, Gard, Occitanie, France, Nîmes, Europe;64;Software Development;2012;"software developmentBIM
+6";Privately Held;cyclife-edf.com;
 Datacapt;Lyon, Rhône, Auvergne-Rhône-Alpes, France, Lyon, Europe;20;Software Development;2019;"eCRFePRO
+16";Self-Owned;datacapt.com;
 Onefield;France, Europe;64;IT Services and IT Consulting;2003;"IT | Informatique
+7";Privately Held;mcapital.fr;
 Ecofinance;Blagnac, Haute-Garonne, Occitanie, France, Toulouse, Europe;39;Financial Services;1997;;Privately Held;ecofinance.fr;
 Alphonse;Paris, Paris, Île-De-France, France, Europe;129;Software Development;2016;;Privately Held;alphonse.fr;
 IYA SOFT;Paris, Paris, Île-De-France, France, Europe;213;IT Services and IT Consulting;;"DOTNETMS BI
+4";Privately Held;iyasoft.fr;
 PNO Consultants France;Paris, Paris, Île-De-France, France, Europe;27;Financial Services;1984;"Conseil en Innovation
+18";Partnership;pnoconsultants.com;
 PAY-BACK Group;Villeneuve-d'Ascq, Nord, Hauts-de-France, France, Lille, Europe;33;Financial Services;1996;"Audit Recovery
+4";Privately Held;payback.fr;
 XCOM;Carnoux-en-Provence, Bouches-du-Rhône, Provence-Alpes-Côte D'Azur, France, 1er Arr., Europe;30;IT Services and IT Consulting;2002;"Evénementiel
+2";Privately Held;xcom.fr;
 Mealz;Lille, Nord, Hauts-de-France, France, Lille, Europe;28;Software Development;2019;"ecommerce
+5";Privately Held;mealz.ai;
 Aqsone;Toulouse, Occitanie, France;36;IT Services and IT Consulting;2014;"machine learning
+8";Privately Held;aqsone.com;
 Creative IT, llc;Lyon, Rhône, Auvergne-Rhône-Alpes, France, Lyon, Europe;45;Software Development;1998;"Edition de logiciels applicatifs
+10";Privately Held;creativeit.fr;
 6Medias;Paris, Île-De-France, France;81;Technology, Information and Internet;1999;"Edition déléguéeVidéo
+2";Partnership;6medias.com;
 Belledonne Communications | Linphone;Grenoble, Isère, Auvergne-Rhône-Alpes, France, Grenoble, Europe;26;Software Development;2009;"Voice and video over IP
+3";Privately Held;linphone.org;
 Magnacarta Group;Lyon, Rhône, Auvergne-Rhône-Alpes, France, Lyon, Europe;29;Financial Services;;"Service au CGPI
+7";Privately Held;magnacarta.fr;
 ODC;Saint-Martin-Boulogne, Pas-de-Calais, Hauts-de-France, France, Boulogne-sur-Mer, Europe;146;IT Services and IT Consulting;1990;"INFORMATIQUE
+26";Privately Held;odc.fr;
 GEOSOFT;Aix-en-Provence, Bouches-du-Rhône, Provence-Alpes-Côte D'Azur, France, Aix-en-Provence, Europe;38;Software Development;1996;"La mise en oeuvre de SIG autour de QGIS et de nos logiciels métier
+5";Privately Held;geosoft.fr;
 Alpha-3i;Rhône, Auvergne-Rhône-Alpes, France, Europe;69;Software Development;1996;"Suivi de production
+7";Privately Held;alpha3i.com;
 Mink;Bordeaux, Gironde, Nouvelle-Aquitaine, France, Bordeaux, Europe;20;Software Development;2015;"Développement d'applications mobiles
+3";Partnership;mink-agency.com;
 MyBestPro;Paris, Paris, Île-De-France, France, Europe;55;Technology, Information and Internet;2004;;Privately Held;mybestpro.com;
 AIRPORTING;Paris, Paris, Île-De-France, France, Europe;20;Software Development;2020;;Privately Held;airporting.com;
 groupe Cyrus;Paris, Paris, Île-De-France, France, Europe;506;Financial Services;;;Partnership;groupe-cyrus.fr;
 Logiciel DrSanté;Bordeaux, Gironde, Nouvelle-Aquitaine, France, Bordeaux, Europe;46;Software Development;;médecine and santé connectée;Self-Owned;logicieldrsante.com;
 StreamMind;France, Europe;28;IT Services and IT Consulting;2008;"Payment Processing
+11";Privately Held;streammind.com;
 ROXYS;Arras, Pas-de-Calais, Hauts-de-France, France, Arras, Europe;74;IT Services and IT Consulting;2012;"Active Directory
+16";Privately Held;linkedin.com;
 Groupe HAMEL;Acigné, Ille-et-Vilaine, Bretagne, France, Rennes, Europe;42;IT Services and IT Consulting;1960;"Immobilier
+8";Partnership;hamel.fr;
 DataValue Strategy;Paris, Paris, Île-De-France, France, Europe;39;IT Services and IT Consulting;;;Partnership;datavaluestrategy.fr;
 Dynagile;Paris, Paris, Île-De-France, France, Europe;60;IT Services and IT Consulting;2014;"Dynamics AX
+4";Privately Held;dynagile.com;
 BeWe;Lille, Hauts-De-France, France;36;IT Services and IT Consulting;2013;"Digital WorkPlace
+16";Privately Held;bewe.eu;
 Agence pour la Protection des Programmes;Paris, Paris, Île-De-France, France, Europe;25;IT Services and IT Consulting;1982;"Signature électronique
+23";Nonprofit;asso.fr;
 WG CONSULTING;Asnières-sur-Seine, Hauts-de-Seine, Île-De-France, France, Nanterre, Europe;24;IT Services and IT Consulting;2016;"Infogérance
+14";Privately Held;wgconsulting.com;
 HelloPrêt;Paris, Paris, Île-De-France, France, Europe;29;Financial Services;2017;"Mortgage
+8";Privately Held;hellopret.fr;
 Arrago;Paris, Paris, Île-De-France, France, Europe;25;Financial Services;2017;"Agetech
+4";Privately Held;arrago.fr;
 STAR INVEST;Asnières-sur-Seine, Hauts-de-Seine, Île-De-France, France, Nanterre, Europe;66;Financial Services;1994;"GIRARDIN
+5";Privately Held;starinvest.fr;
 KEYFOOD HACCP;Courcouronnes, Essonne, Île-De-France, France, Évry, Europe;25;Software Development;2014;"progiciel
+15";Privately Held;keyfood-haccp.com;
 Wikeys;Aubervilliers, Seine-Saint-Denis, Île-De-France, France, Saint-Denis, Europe;23;IT Services and IT Consulting;;;Privately Held;wi-keys.com;
 Xait en France;Paris, Paris, Île-De-France, France, Europe;81;Software Development;1999;"Propositions Commerciales
+10";Privately Held;xait.com;
 Intuiface;Labège, Haute-Garonne, Occitanie, France, Toulouse, Europe;31;Software Development;2002;cross-channel marketing for retail;Privately Held;intuiface.com;
 GAIA- Grenoble Alpes Initiative Active;Grenoble, Isère, Auvergne-Rhône-Alpes, France, Grenoble, Europe;37;Financial Services;1998;"Financement
+6";Nonprofit;gaia-isere.org;
 WeVii;Bordeaux, Gironde, Nouvelle-Aquitaine, France, Bordeaux, Europe;61;IT Services and IT Consulting;2019;"Conseil en stratégie numérique
+12";Privately Held;wevii.net;
 Kalitics;Marseille, Bouches-du-Rhône, Provence-Alpes-Côte D'Azur, France, 1er Arr., Europe;22;Software Development;2018;"PGIERP
+6";Privately Held;kalitics-btp.com;
 Bertek Corp.;Paris, Paris, Île-De-France, France, Europe;30;IT Services and IT Consulting;2012;"Architecture des systèmes d'informationDORA
+7";Privately Held;bertek.eu;
 Click2Buy;Lille, Hauts-De-France, France;37;Technology, Information and Internet;2013;"Where to Buy
+8";Privately Held;click2buy.com;
 Mobility Tech Green Europe;Thorigné-Fouillard, Ille-et-Vilaine, Bretagne, France, Rennes, Europe;28;IT Services and IT Consulting;2009;"Autopartage/Carsharing Technologie
+6";Privately Held;mobilitytech.co;
 NewCap;Paris, Paris, Île-De-France, France, Europe;29;Financial Services;1999;"Relations Investisseurs
+3";Partnership;newcap.fr;
 Serensia by Quadient;Paris, Paris, Île-De-France, France, Europe;35;Software Development;;;Privately Held;serensia.com;
 REGISTRESECURITE.COM;La Roche-sur-Yon, Vendée, Pays de la Loire, France, La Roche-sur-Yon, Europe;24;Software Development;2014;"DEMATERIALISATION
+11";Privately Held;vendeefrenchtech.com;
 Meet in Class;Paris, Paris, Île-De-France, France, Europe;29;Technology, Information and Internet;2017;"Cours collectifs
+10";Partnership;meetinclass.com;
 BluTech;Vincennes, Val-de-Marne, Île-De-France, France, Nogent-sur-Marne, Europe;20;IT Services and IT Consulting;2018;;Privately Held;blutech.fr;
 S-CUBE;Malakoff, Hauts-de-Seine, Île-De-France, France, Antony, Europe;45;IT Services and IT Consulting;2006;;Privately Held;s-cube.com;
 Vertech';Marne, Grand Est, France, Reims, Europe;36;IT Services and IT Consulting;1995;"Glass packaging for Food and Beverage
+8";Privately Held;vertech.eu;
 SOREFI;La Réunion, France, Europe;74;Financial Services;1972;;Privately Held;sorefi.fr;
 VingtCinq, Digital Factory;Paris, Paris, Île-De-France, France, Europe;22;Technology, Information and Internet;2010;"ConseilAudit
+19";Privately Held;vingtcinq.io;
 CSI;Poissy, Yvelines, Île-De-France, France, Saint-Germain-en-Laye, Europe;53;IT Services and IT Consulting;2010;"IT consulting & services
+18";Privately Held;csi-entreprise.fr;
 Grasp;Paris, Paris, Île-De-France, France, Europe;23;Technology, Information and Internet;2020;"Automation
+31";Privately Held;domainseller.site;
 Hamilton Apps;Paris, Paris, Île-De-France, France, Europe;21;Software Development;1995;"Workspace Technology
+13";Privately Held;hamiltonapps.com;
 Vxplore Technologies;Paris, Paris, Île-De-France, France, Europe;58;IT Services and IT Consulting;;"Ecommerce Development
+7";Privately Held;mobility-for-business.com;
 Telemedicine Technologies;Boulogne-Billancourt, Hauts-de-Seine, Île-De-France, France, Boulogne-Billancourt, Europe;35;Software Development;2000;"Etude en vie réelle avec objets médicaux connectés
+16";Partnership;tentelemed.com;
 SÊMEIA;Paris, Paris, Île-De-France, France, Europe;62;Software Development;2017;;Privately Held;cloudflareaccess.com;
 TIKEASY (Filiale du Groupe La Poste);Nantes, Loire-Atlantique, Pays de la Loire, France, Nantes, Europe;21;IT Services and IT Consulting;2008;"Editeur logiciel
+3";Privately Held;ardoiz.com;
 YRCAM;Toulouse, Haute-Garonne, Occitanie, France, Toulouse, Europe;56;Financial Services;1993;"Cash acceleration
+5";Privately Held;yrcam.com;
 Kleep AI;Paris, Paris, Île-De-France, France, Europe;20;Technology, Information and Internet;2022;;Privately Held;kleep.ai;
 PGMall;Tollevast, Manche, Normandie, France, Cherbourg-Octeville, Europe;57;Technology, Information and Internet;2017;;Privately Held;pgmall.com;
 COD4IS;Paris, Paris, Île-De-France, France, Europe;44;IT Services and IT Consulting;2017;"Assistance à maîtrise d'ouvrage (AMOA)
+16";Privately Held;cod4is.com;
 Tagadamedia;Paris, Paris, Île-De-France, France, Europe;63;Technology, Information and Internet;2015;"Génération de trafic qualifié
+4";Partnership;tagadamedia.com;
 IDEALYS;Montpellier, Hérault, Occitanie, France, Montpellier, Europe;22;Software Development;2015;"SmartCity
+4";Privately Held;idealys.fr;
 BY THE WAY;Vendeville, Nord, Hauts-de-France, France, Lille, Europe;61;IT Services and IT Consulting;2001;"informatique
+5";Privately Held;bytheway.fr;
 Stairling;Paris, Paris, Île-De-France, France, Europe;64;Software Development;2024;"VTCLogiciel
+2";Self-Owned;stairling.com;
 iHorse Technologies;Paris, Paris, Île-De-France, France, Europe;101;IT Services and IT Consulting;2007;"Mobile App Development
+12";Privately Held;ihorsetechnologies.com;
 iQspot;Bordeaux, Gironde, Nouvelle-Aquitaine, France, Bordeaux, Europe;23;Software Development;2015;"Développement logiciel
+4";Partnership;citron.io;
 Secuserve FR;Villeurbanne, Rhône, Auvergne-Rhône-Alpes, France, Lyon, Europe;30;IT Services and IT Consulting;2003;"Messagerie
+12";Privately Held;secuserve.fr;
 MidGard;Ajaccio, Corse-du-Sud, Corse, France, Ajaccio, Europe;28;Software Development;2019;"FireMachineLearning
+6";Partnership;midgard.com;
 Gedivote;Saint-Mandé, Val-de-Marne, Île-De-France, France, Nogent-sur-Marne, Europe;36;IT Services and IT Consulting;1997;"ElectionsVote
+15";Privately Held;gedivote.fr;
 GO2cam International;Lyon, Rhône, Auvergne-Rhône-Alpes, France, Lyon, Europe;22;Software Development;2009;"CAM Software SolutionsDental
+2";Privately Held;go2cam.net;
 TIERS PAYANT ASSISTANCE;Limas, Rhône, Auvergne-Rhône-Alpes, France, Villefranche-sur-Saône, Europe;42;Financial Services;1997;Gestion du Tiers Payant and Différents professionnels de santé;Privately Held;tierspayantassistance.com;
 VAZIVA;Paris, Paris, Île-De-France, France, Europe;39;Financial Services;2015;;Privately Held;vaziva.com;
 Klee Commerce;Le Plessis-Robinson, Hauts-de-Seine, Île-De-France, France, Antony, Europe;47;Software Development;1987;"CRMSFA
+7";Privately Held;kleecommerce.com;
 Mercuria;La Chapelle-sur-Erdre, Loire-Atlantique, Pays de la Loire, France, Nantes, Europe;81;Software Development;1999;"Expert en solutions informatiques
+8";Privately Held;mercuria.fr;
 CITEGESTION;Hauts-de-Seine, Île-De-France, France, Nanterre, Europe;49;IT Services and IT Consulting;1998;"Suivi des stocks en temps réel
+4";Privately Held;citegestion.fr;
 Orisha Construction;Noisy-le-Sec, Seine-Saint-Denis, Île-De-France, France, Bobigny, Europe;80;Software Development;;;Privately Held;orisha.com;
 marmelab;France, Europe;20;IT Services and IT Consulting;2012;"Digital Innovation
+9";Privately Held;marmelab.com;
 SPIDEO;France, Europe;29;Software Development;2010;"Recommendations
+5";Privately Held;spideo.com;
 Evollis;Bordeaux, Gironde, Nouvelle-Aquitaine, France, Bordeaux, Europe;35;Financial Services;2011;"Leasing
+12";Self-Owned;evollis.com;
 WeTechPro;Paris, Paris, Île-De-France, France, Europe;24;IT Services and IT Consulting;2022;;Privately Held;wetechpro.com;
 ATFA GROUP Holding;Dunkerque, Nord, Hauts-de-France, France, Dunkerque, Europe;27;Financial Services;2002;;Privately Held;hosmoz.fr;
 Hubicus;Paris, Paris, Île-De-France, France, Europe;26;Software Development;2007;"Quality Monitoring
+14";Privately Held;hubicus.com;
 SNAPP';Bordeaux, Gironde, Nouvelle-Aquitaine, France, Bordeaux, Europe;40;IT Services and IT Consulting;2005;"fidmemobile application
+15";Privately Held;snapp.fr;
 AUTOPROG;La Chapelle-Saint-Luc, Aube, Grand Est, France, Troyes, Europe;32;Software Development;2000;"Supervision
+5";Partnership;autoprog.fr;
 Mairistem;St.-Martin-sur-le-Pré, Marne, Grand Est, France, Châlons-en-Champagne, Europe;211;Software Development;1983;"Secteur public
+15";Privately Held;jvs-mairistem.fr;
 Manawa;Paris, Paris, Île-De-France, France, Europe;89;Technology, Information and Internet;2016;"internetsport
+4";Partnership;manawa.com;
 CLIKEN WEB;Limonest, Rhône, Auvergne-Rhône-Alpes, France, Lyon, Europe;74;Technology, Information and Internet;2010;"RéférencementSEM
+5";Privately Held;cliken-web.fr;
 Ignimission;Angers, Maine-et-Loire, Pays de la Loire, France, Angers, Europe;44;Software Development;2011;;Privately Held;ignimission.com;
 CAPLASER;Castres, Tarn, Occitanie, France, Castres, Europe;57;IT Services and IT Consulting;1986;"Logiciels de Gestion
+10";Partnership;caplaser.fr;
 programisto;Bordeaux, Gironde, Nouvelle-Aquitaine, France, Bordeaux, Europe;27;Software Development;2020;Réseau and DevOps;Privately Held;programisto.fr;
 dr.veto;Bordeaux, Gironde, Nouvelle-Aquitaine, France, Bordeaux, Europe;24;Software Development;2012;"logiciel vétérinairedrveto
+2";Privately Held;drveto.com;
 Index Éducation, filiale de Docaposte;Marseille, Bouches-du-Rhône, Provence-Alpes-Côte D'Azur, France, 1er Arr., Europe;130;Software Development;1992;EdTech;Partnership;indexeducation.fr;
 Adimeo;Paris, Paris, Île-De-France, France, Europe;61;IT Services and IT Consulting;2005;"StrategyDesign
+14";Privately Held;adimeo.com;
 Retout & Associés || Retout Group;Paris, Paris, Île-De-France, France, Europe;95;Financial Services;2000;"M&Atransaction services
+20";Privately Held;retout.fr;
 Enix;Paris, Paris, Île-De-France, France, Europe;36;Technology, Information and Internet;2004;"Infrastructure
+19";Privately Held;enix.io;
 Arty;Paris, Paris, Île-De-France, France, Europe;77;IT Services and IT Consulting;2016;"Augmented Reality
+6";Privately Held;arty.io;
 MB2I;Rhône, Auvergne-Rhône-Alpes, France, Europe;33;IT Services and IT Consulting;1992;"Virtualisation
+12";Partnership;mb2i.fr;
 Renexus Resource Group;Césarville-Dossainville, Loiret, Centre-Val de Loire, France, Pithiviers, Europe;43;Software Development;2016;;Privately Held;renexusresource.com;
 RESA;Boufféré, Vendée, Pays de la Loire, France, La Roche-sur-Yon, Europe;59;Software Development;1991;"CUPPS / CUTE System
+14";Privately Held;resa.aero;
 Altior;Nantes, Loire-Atlantique, Pays de la Loire, France, Nantes, Europe;41;Software Development;2019;Logiciel de gestion pour TPE / PME;Partnership;altior.fr;
 Menlog;Pont-l'Abbé, Finistère, Bretagne, France, Quimper, Europe;48;Software Development;1994;"CaisseLogiciel
+25";Privately Held;menlog.fr;
 Feefty;Paris, Paris, Île-De-France, France, Europe;25;Financial Services;2019;"Produits structurés
+2";Privately Held;feefty.com;
 Coopteo Innovation;Biot, Alpes-Maritimes, Provence-Alpes-Côte D'Azur, France, Grasse, Europe;33;Financial Services;2016;"fiscalité de l'innovation
+8";Partnership;telecom-valley.fr;
 Immoprêt;Saint-Denis, Seine-Saint-Denis, Île-De-France, France, Saint-Denis, Europe;99;Financial Services;;"Courtier en crédit immobilier
+5";Partnership;immopret.fr;
 Uplix;Paris, Paris, Île-De-France, France, Europe;37;Technology, Information and Internet;2020;;Privately Held;uplix.fr;
 EGM;Valbonne, Alpes-Maritimes, Provence-Alpes-Côte D'Azur, France, Grasse, Europe;60;IT Services and IT Consulting;2010;"Interoperability
+7";Privately Held;egm.io;
 PROTYS;Levallois-Perret, Hauts-de-Seine, Île-De-France, France, Nanterre, Europe;57;Technology, Information and Internet;2008;"InternetSaaS
+5";Partnership;protys.fr;
 Unitalk AI;Paris, Paris, Île-De-France, France, Europe;26;Technology, Information and Internet;2024;"AIAI chatbots
+2";Privately Held;unitalk.ai;
 Toshiba Ile de France TIDF;Rungis, Val-de-Marne, Île-De-France, France, L'Haÿ-les-Roses, Europe;107;Technology, Information and Internet;1977;"solutionsBtoB
+8";Privately Held;toshibatec.fr;
 Vision Technology Consulting (a VETECE company);Tourcoing, Nord, Hauts-de-France, France, Lille, Europe;108;IT Services and IT Consulting;2003;"CRM/CX
+17";Privately Held;domainseller.site;
 PREVENTEO : SOLUTIONS LOGICIELLES QHSE - RH - CYBER - RSE;Biot, Alpes-Maritimes, Provence-Alpes-Côte D'Azur, France, Grasse, Europe;44;Software Development;;"Veille et conformité réglementaire
+24";Privately Held;preventeo.com;
 Synaps System;Champs-sur-Marne, Seine-et-Marne, Île-De-France, France, Torcy, Europe;26;IT Services and IT Consulting;2005;"AUDIT - CONSEIL
+12";Privately Held;synsys.fr;
 Colmar;Colmar, Haut-Rhin, Grand Est, France, Colmar, Europe;40;Technology, Information and Internet;2016;"numerique
+22";Self-Owned;colmar.fr;
 BEEMO TECHNOLOGIE;Pérols, Occitanie, France;32;IT Services and IT Consulting;2002;"Back up
+9";Privately Held;beemotechnologie.com;
 MORTIER & Associés;Marseille, Bouches-du-Rhône, Provence-Alpes-Côte D'Azur, France, 1er Arr., Europe;28;Financial Services;2016;"Transaction Advisory Services
+4";Partnership;mortierandco.com;
 Xtramile;Paris, Paris, Île-De-France, France, Europe;41;Software Development;2019;"Display
+11";Public Company;xtramile.no;
 BIAL-X;Limonest, Rhône, Auvergne-Rhône-Alpes, France, Lyon, Europe;48;IT Services and IT Consulting;2007;"Big Data
+8";Partnership;bial-x.com;
 Prelys Prêt Professionnel;Tours, Indre-et-Loire, Centre-Val de Loire, France, Tours, Europe;98;Financial Services;2022;"Prêt professionnel
+3";Privately Held;prelys-courtage.com;
 Shizen;Paris, Paris, Île-De-France, France, Europe;29;Software Development;2018;"Lean Management Software
+12";Privately Held;shizen.io;
 Sunlog;Nanterre, Hauts-de-Seine, Île-De-France, France, Nanterre, Europe;51;IT Services and IT Consulting;2006;"GRCAccess Control
+7";Public Company;sunlog.io;
 APPOLO;Artix, Pyrénées-Atlantiques, Nouvelle-Aquitaine, France, Pau, Europe;807;Technology, Information and Internet;2008;"Création de site Internet
+10";Privately Held;appolo.fr;
 La Centrale de Financement Angers - Beaupréau - Cholet - Saumur - Le Mans;Les Ponts-de-Cé, Maine-et-Loire, Pays de la Loire, France, Angers, Europe;21;Financial Services;;;Partnership;lacentraledefinancementangers.fr;
 NirWana;Villebon-sur-Yvette, Essonne, Île-De-France, France, Palaiseau, Europe;43;IT Services and IT Consulting;2009;"Infogérance
+7";Privately Held;nirwana.fr;
 TECH VALLEY;Perpignan, Pyrénées-Orientales, Occitanie, France, Perpignan, Europe;58;IT Services and IT Consulting;2014;"Consulting IS IT
+14";Partnership;techvalley.fr;
 SYSTELECOMS;Villeneuve-d'Ascq, Nord, Hauts-de-France, France, Lille, Europe;29;IT Services and IT Consulting;2012;"Audit et déploiement
+15";Privately Held;systelecoms.fr;
 Inversive XR;Paris, Paris, Île-De-France, France, Europe;21;Software Development;2022;;Privately Held;inversive.fr;
 SmartView;Paris, Paris, Île-De-France, France, Europe;56;IT Services and IT Consulting;2010;"Gouvernance
+28";Privately Held;smartview.fr;
 Studio Meta;Strasbourg, Bas-Rhin, Grand Est, France, Strasbourg, Europe;23;Technology, Information and Internet;2009;"Stratégie digitale
+11";Privately Held;studiometa.fr;
 Groupe Avanista;Cachan, Val-de-Marne, Île-De-France, France, L'Haÿ-les-Roses, Europe;40;IT Services and IT Consulting;2012;"ITIngénierie
+3";Privately Held;avanista.fr;
 Vanerum France / i3-Technologies France;Marly, Nord, Hauts-de-France, France, Valenciennes, Europe;22;IT Services and IT Consulting;1858;"i3 Technologies
+5";Privately Held;vanerum.fr;
 Citio;Paris, Paris, Île-De-France, France, Europe;31;Software Development;2018;"Big Data
+4";Privately Held;citio.fr;
 BSC & A Partners;Neuilly-sur-Seine, Hauts-de-Seine, Île-De-France, France, Nanterre, Europe;21;IT Services and IT Consulting;2016;Conseil en ingénierie informatique;Partnership;bscapartners.com;
 Kapela;Saint-Cloud, Hauts-de-Seine, Île-De-France, France, Boulogne-Billancourt, Europe;77;IT Services and IT Consulting;;;Privately Held;kapela.fr;
 Adyax;France, Europe;32;Technology, Information and Internet;1991;"DrupalUX/UI
+11";Privately Held;lemondeinformatique.fr;
 IPGARDE;Drôme, Auvergne-Rhône-Alpes, France, Valence, Europe;37;IT Services and IT Consulting;2004;;Privately Held;ipgarde.com;
 vectorive;Puteaux, Hauts-de-Seine, Île-De-France, France, Nanterre, Europe;30;Software Development;;"data intelligence
+8";Privately Held;vectorive.com;
 Groupe GENIOUS;Colombes, Hauts-de-Seine, Île-De-France, France, Nanterre, Europe;46;IT Services and IT Consulting;1983;"Ingénierie logicielle & Conseil
+3";Partnership;groupe-genious.com;
 NowBrains;Élancourt, Yvelines, Île-De-France, France, Rambouillet, Europe;108;IT Services and IT Consulting;2003;"Infogérance
+6";Privately Held;nowbrains.com;
 STIMDATA;Bussy-Saint-Georges, Seine-et-Marne, Île-De-France, France, Torcy, Europe;26;IT Services and IT Consulting;2008;;Self-Owned;stimdata.com;
 Venise Group;Sèvres, Hauts-de-Seine, Île-De-France, France, Boulogne-Billancourt, Europe;41;IT Services and IT Consulting;;"PublicitéDigital
+25";Partnership;venise.fr;
 Metapolis;Bordeaux, Gironde, Nouvelle-Aquitaine, France, Bordeaux, Europe;38;IT Services and IT Consulting;2015;"Conseil
+13";Privately Held;metapolis.fr;
 Nebulaa IT Solutions LLP;Quillan, Aude, Occitanie, France, Limoux, Europe;21;IT Services and IT Consulting;2016;"Office 365
+15";Partnership;nebulaaitsolutions.com;
 Peopulse;Colombes, Hauts-de-Seine, Île-De-France, France, Nanterre, Europe;50;IT Services and IT Consulting;2006;"Vendor Management System
+11";Privately Held;peopulse.com;
 Son-Video.com;Champigny-sur-Marne, Val-de-Marne, Île-De-France, France, Nogent-sur-Marne, Europe;95;Technology, Information and Internet;2000;"vente sur internethifi
+6";Privately Held;son-video.com;
 Trialog;Paris, Paris, Île-De-France, France, Europe;50;IT Services and IT Consulting;1987;"IoTSecurity and privacy
+5";Privately Held;trialog.com;
 GT Expertise;Saint-Mandé, Val-de-Marne, Île-De-France, France, Nogent-sur-Marne, Europe;30;Financial Services;2015;"expert comptable
+11";Privately Held;gt-expertise.fr;
 Leadformance BRIDGE;Montbonnot-Saint-Martin, Isère, Auvergne-Rhône-Alpes, France, Grenoble, Europe;32;Software Development;;"Local SEO
+10";Partnership;solocal.com;
 CodeWorks;Paris, Paris, Île-De-France, France, Europe;26;IT Services and IT Consulting;2018;"craftTDD
+10";Privately Held;codeworks.fr;
 SSII;Rennes, Ille-et-Vilaine, Bretagne, France, Rennes, Europe;83;Software Development;2007;"Bureau d'étude en informatique et consulting
+3";Privately Held;ssii.fr;
 GENWAVES;La Ciotat, Bouches-du-Rhône, Provence-Alpes-Côte D'Azur, France, 1er Arr., Europe;42;IT Services and IT Consulting;2012;"recrutement
+7";Self-Owned;genwaves.fr;
 Blackbird Agency;Strasbourg, Bas-Rhin, Grand Est, France, Strasbourg, Europe;35;Technology, Information and Internet;;;Privately Held;blackbirdagency.fr;
 Efalia;Lyon, Rhône, Auvergne-Rhône-Alpes, France, Lyon, Europe;88;Software Development;1982;"Electronic Document Management softwares
+15";Privately Held;efalia.com;
 GetQuanty;Paris, Paris, Île-De-France, France, Europe;28;Technology, Information and Internet;2011;"Tracking web
+9";Privately Held;getquanty.com;
 IdealSoft;Saint-Clément-de-Rivière, Hérault, Occitanie, France, Montpellier, Europe;26;Software Development;1982;Logiciels immobiliers and Cloud immobilier;Partnership;idealsoft.fr;
 NEWAY;Boulogne-Billancourt, Hauts-de-Seine, Île-De-France, France, Boulogne-Billancourt, Europe;76;IT Services and IT Consulting;2004;"MySQL
+21";Self-Owned;neway.fr;
 Actemium Lille Digital Solutions;Ourlet, Nord, Hauts-de-France, France, Lille, Europe;37;IT Services and IT Consulting;2016;;Privately Held;actemium.fr;
 ADOC Solutions;Bouguenais, Loire-Atlantique, Pays de la Loire, France, Nantes, Europe;24;Software Development;1996;"Informatique
+6";Privately Held;adocsolutions.com;
 NCSIMUL;Montreuil, Seine-Saint-Denis, Île-De-France, France, Bobigny, Europe;31;Software Development;1983;"CNC machining simulation
+13";Privately Held;hexagon.com;
 FINALLI;Bordeaux, Gironde, Nouvelle-Aquitaine, France, Bordeaux, Europe;38;Software Development;;"Conseil 2.0
+10";Partnership;finalli.com;
 WaryMe;Cesson-Sévigné, Ille-et-Vilaine, Bretagne, France, Rennes, Europe;21;Software Development;2016;"Sécurité
+9";Partnership;waryme.com;
 KoralPlay;Nantes, Loire-Atlantique, Pays de la Loire, France, Nantes, Europe;71;Software Development;2017;;Partnership;koralplay.com;
 TUANIS GROUPE;Limonest, Rhône, Auvergne-Rhône-Alpes, France, Lyon, Europe;54;IT Services and IT Consulting;2018;"Expertise ITCloud
+2";Privately Held;tuanis-groupe.fr;
 EXCLUSIVE PARTNERS;Paris, Paris, Île-De-France, France, Europe;31;Financial Services;2009;;Privately Held;exp.fr;
 Dametis;Paris, Paris, Île-De-France, France, Europe;60;Software Development;2019;"Energy Management System
+11";Privately Held;dametis.com;
 UPSIDEO;Paris, Paris, Île-De-France, France, Europe;30;Software Development;2011;"Finance d'entreprise
+13";Self-Owned;upsideo.fr;
 DT Master;Paris, Paris, Île-De-France, France, Europe;22;Technology, Information and Internet;2023;"Sustainability
+8";Privately Held;dtmastercarbon.net;
 Nextwave IT;Paris, Paris, Île-De-France, France, Europe;21;IT Services and IT Consulting;2019;;Privately Held;nextwaveit.com;
 Skores;Paris, Paris, Île-De-France, France, Europe;69;Technology, Information and Internet;2015;"MobileInternet
+5";Privately Held;skores.com;
 Inovacom;Chevilly-Larue, Île-De-France, France;28;IT Services and IT Consulting;2015;"ITInformatique
+11";Privately Held;inovacom.fr;
 INFODOM;Martinique, France, Europe;83;IT Services and IT Consulting;1983;"MicrosoftCitrix
+8";Privately Held;infodom.com;
 Altior;Nantes, Loire-Atlantique, Pays de la Loire, France, Nantes, Europe;40;Software Development;2019;Logiciel de gestion pour TPE / PME;Partnership;altior.fr;
 Groupe Yoni;Seyssinet-Pariset, Isère, Auvergne-Rhône-Alpes, France, Grenoble, Europe;30;Software Development;1992;"WebSoftware
+13";Privately Held;yoni.fr;
 La Chouette Co;Grenoble, Isère, Auvergne-Rhône-Alpes, France, Grenoble, Europe;28;IT Services and IT Consulting;;"Design d'interfaces utilisateur
+19";Partnership;chouetteco.com;
 Cerca (ex Franchise On Cloud);Paris, Paris, Île-De-France, France, Europe;24;Technology, Information and Internet;2010;"Internet
+3";Privately Held;cerca.fr;
 LEBEL TECHNOLOGIES;Fontenay-sous-Bois, Val-de-Marne, Île-De-France, France, Nogent-sur-Marne, Europe;35;IT Services and IT Consulting;2013;"RDJISIE
+14";Self-Owned;lebel.tech;
 NG Audit;Paris, Paris, Île-De-France, France, Europe;22;Financial Services;2023;"certificationsaudit
+7";Self-Owned;ngaudit.com;
 NOERDEN;Paris, Paris, Île-De-France, France, Europe;20;Technology, Information and Internet;2017;"techdesignui
+4";Privately Held;noerden.io;
 Tutelle Au Quotidien;Courbevoie, Hauts-de-Seine, Île-De-France, France, Nanterre, Europe;29;Technology, Information and Internet;2008;;Self-Owned;tutelleauquotidien.fr;
 4SH;Le Haillan, Gironde, Nouvelle-Aquitaine, France, Bordeaux, Europe;90;Software Development;2007;"Développement Web
+13";Privately Held;4sh.fr;
 IRIZ Consulting;Paris, Paris, Île-De-France, France, Europe;36;IT Services and IT Consulting;2013;"PegaBPM
+4";Privately Held;iriz-consulting.com;
 We-it.co;Lyon, Rhône, Auvergne-Rhône-Alpes, France, Lyon, Europe;21;IT Services and IT Consulting;2022;;Privately Held;we-it.co;
 2Emotion;Paris, Paris, Île-De-France, France, Europe;21;Software Development;2009;"Plateforme saas de création vidéo
+11";Privately Held;2emotion.com;
 Enovea, votre partenaire logiciel;Mont-Saint-Aignan, Seine-Maritime, Normandie, France, Rouen, Europe;44;Software Development;2008;"Développement d'applications logiciellesJava
+9";Privately Held;enovea.net;
 ArpeJe;Paris, Paris, Île-De-France, France, Europe;35;Software Development;2019;;Privately Held;arpeje.fr;
 WIZDEO;Paris, Paris, Île-De-France, France, Europe;20;IT Services and IT Consulting;2007;"videoonline video distribution
+8";Privately Held;wizdeo.fr;
 EDT - Electronic Data Transfer;Montbonnot-Saint-Martin, Isère, Auvergne-Rhône-Alpes, France, Grenoble, Europe;53;IT Services and IT Consulting;1989;"EDIB2BEAI
+18";Partnership;group-edt.fr;
 apik by OCI;Baden, Morbihan, Bretagne, France, Vannes, Europe;69;IT Services and IT Consulting;;"ERPOdoo
+20";Privately Held;lejournaldesentreprises.com;
 ENSO;Wettolsheim, Haut-Rhin, Grand Est, France, Colmar, Europe;109;Software Development;;;Privately Held;enso.fr;
 EXTERN IT;Wambrechies, Nord, Hauts-de-France, France, Lille, Europe;20;IT Services and IT Consulting;2017;"ExternalisationSaaS
+19";Privately Held;extern-it.fr;
 meja - conseil en transformation numérique;Paris, Paris, Île-De-France, France, Europe;30;IT Services and IT Consulting;2018;"Transformation numérique
+8";Privately Held;meja-conseil.com;
 ACHAT SOLUTIONS;Grabels, Hérault, Occitanie, France, Montpellier, Europe;23;Software Development;2014;"Achat public
+11";Privately Held;achatsolutions.com;
 COSMICDATA;Valbonne, Alpes-Maritimes, Provence-Alpes-Côte D'Azur, France, Grasse, Europe;20;Software Development;2020;"Logiciel
+14";Privately Held;cosmicdata.io;
 VISIONSOFT;Bidart, Pyrénées-Atlantiques, Nouvelle-Aquitaine, France, Bayonne, Europe;56;Software Development;2020;"LogicielsSaaS
+7";Privately Held;visionsoft.fr;
 EDICIA;Nantes, Loire-Atlantique, Pays de la Loire, France, Nantes, Europe;36;Software Development;;"Computer softwareSaaS
+4";Self-Owned;edicia.fr;
 Sairen;Paris, Paris, Île-De-France, France, Europe;23;Software Development;2023;;Privately Held;sairen.io;
 OAIO, Agence Conseil Digital & Innovation du groupe Infotel;Neuilly-sur-Seine, Hauts-de-Seine, Île-De-France, France, Nanterre, Europe;40;IT Services and IT Consulting;2018;"ConseilAgilité
+10";Partnership;oaio.com;
 BIPP Consulting;Tassin-la-Demi-Lune, Rhône, Auvergne-Rhône-Alpes, France, Lyon, Europe;27;IT Services and IT Consulting;2009;"Business Intelligence
+18";Self-Owned;bipp-consulting.fr;
 STRATEGIA;Toulouse, Haute-Garonne, Occitanie, France, Toulouse, Europe;21;IT Services and IT Consulting;2007;"Stratégie digitale
+16";Privately Held;strategia.com;
 AURAneXt;Clichy, Hauts-de-Seine, Île-De-France, France, Nanterre, Europe;44;IT Services and IT Consulting;1996;"maintenance informatique
+11";Partnership;auranext.com;
 ToolLive;Toulouse, Haute-Garonne, Occitanie, France, Toulouse, Europe;22;IT Services and IT Consulting;2017;;Partnership;toollive-corp.com;
 Omnitech;Le Kremlin-Bicêtre, Val-de-Marne, Île-De-France, France, L'Haÿ-les-Roses, Europe;97;IT Services and IT Consulting;1993;"La réalisation des applications métiers en assistance technique
+13";Partnership;domaineasy.com;
 Piana;Marseille, Bouches-du-Rhône, Provence-Alpes-Côte D'Azur, France, 1er Arr., Europe;44;Financial Services;2022;"Gestion de flotte
+4";Privately Held;piana.fr;
 Voxaly;St.-Herblain, Loire-Atlantique, Pays de la Loire, France, Nantes, Europe;72;IT Services and IT Consulting;2006;"Vote par Internet
+13";Privately Held;voxaly.com;
 Twyce;Paris, Paris, Île-De-France, France, Europe;79;IT Services and IT Consulting;2021;;Privately Held;twyce.fr;
 BBSP Research;Paris, Paris, Île-De-France, France, Europe;39;Financial Services;1990;"Technical Research
+20";Privately Held;bbspresearch.com;
 CloudSpirit, a Talan company;Paris, Paris, Île-De-France, France, Europe;27;IT Services and IT Consulting;2018;"ServiceNow
+10";Partnership;talan.com;
 Reeverse Systems;Nantes, Loire-Atlantique, Pays de la Loire, France, Nantes, Europe;22;IT Services and IT Consulting;2021;"Menuiserie industrielle
+38";Privately Held;reeverse-systems.com;
 KERCIA Solutions;Meylan, Isère, Auvergne-Rhône-Alpes, France, Grenoble, Europe;60;Software Development;;"Electronic voting
+60";Privately Held;kercia.com;
 IPANOVA;Blagnac, Haute-Garonne, Occitanie, France, Toulouse, Europe;72;IT Services and IT Consulting;;;Privately Held;ipanova.com;
 IS Decisions;Bidart, Nouvelle-Aquitaine, France;42;Software Development;2000;"IT Security
+13";Privately Held;isdecisions.com;
 RSM Consulting;La Garenne-Colombes, Hauts-de-Seine, Île-De-France, France, Nanterre, Europe;42;IT Services and IT Consulting;2007;"CloudCybersécurité
+9";Privately Held;rsmus.com;
 Youlead;Parçay-Meslay, Indre-et-Loire, Centre-Val de Loire, France, Tours, Europe;68;Technology, Information and Internet;2001;"Création de site internet
+3";Privately Held;youlead.fr;
 Avanteam;Vélizy-Villacoublay, Yvelines, Île-De-France, France, Versailles, Europe;101;Software Development;2003;"Business Process Management
+16";Privately Held;avanteam.fr;
 Dedi Agency;Lyon, Rhône, Auvergne-Rhône-Alpes, France, Lyon, Europe;30;Technology, Information and Internet;2004;"e-commerce
+10";Privately Held;dedi-agency.com;
 ARDITEC SISTEMAS SL;Marseille, Bouches-du-Rhône, Provence-Alpes-Côte D'Azur, France, 1er Arr., Europe;26;IT Services and IT Consulting;2008;"CLOUD EMPRESARIAL
+11";Privately Held;arditec.es;
 Semjuice;Aubais, Gard, Occitanie, France, Nîmes, Europe;36;Technology, Information and Internet;2017;"NetlinkingSEO
+8";Self-Employed;semjuice.com;
 Kaizzen;Uzès, Gard, Occitanie, France, Nîmes, Europe;27;IT Services and IT Consulting;2019;"CloudMicrosoft
+12";Privately Held;kaizzen.fr;
 WYZ Group;Lacroix-Saint-Ouen, Oise, Hauts-de-France, France, Compiègne, Europe;104;IT Services and IT Consulting;2009;"dépannage et d'approvisionnement pneumatique de complément
+9";Privately Held;wyzgroup.com;
 CFGP - CF Gestion Privée;Bordeaux, Nouvelle-Aquitaine, France;40;Financial Services;;"Conseil en Stratégie et Organisation Patrimoniale
+3";Partnership;cfgp.fr;
 OuiTrust;Paris, Paris, Île-De-France, France, Europe;45;Financial Services;;;Privately Held;ouitrust.com;
 Eventdrive;Paris, Paris, Île-De-France, France, Europe;27;Software Development;2011;"event mobile app
+10";Privately Held;eventdrive.com;
 SEPEFREI Junior-Entreprise;Villejuif, Val-de-Marne, Île-De-France, France, L'Haÿ-les-Roses, Europe;34;IT Services and IT Consulting;1985;"Technologies de l'information et de la communication
+9";Nonprofit;sepefrei.fr;
 BIZ INFOTECNO PVT LTD;Saint-Avold, Moselle, Grand Est, France, Forbach, Europe;65;IT Services and IT Consulting;2014;"Data Analytics
+17";Privately Held;mappy.com;
 Groupe Koncept Komet;Toulouse, Haute-Garonne, Occitanie, France, Toulouse, Europe;40;IT Services and IT Consulting;2014;".NetMobilité
+13";Partnership;koncept-is.fr;
 Devoteam nexDigital;Levallois-Perret, Hauts-de-Seine, Île-De-France, France, Nanterre, Europe;28;IT Services and IT Consulting;2018;"ESBAPI
+9";Privately Held;devoteam.com;
 Soeman;Clermont-Ferrand, Puy-de-Dôme, Auvergne-Rhône-Alpes, France, Clermont-Ferrand, Europe;23;Software Development;2013;"Conseils en management et pilotage organisationnel
+5";Privately Held;soeman.fr;
 Heero;Paris, Paris, Île-De-France, France, Europe;22;Financial Services;2021;"prime CEE
+2";Partnership;heero.com;
 Stereograph;Lille, Nord, Hauts-de-France, France, Lille, Europe;56;Software Development;2007;"3D for architecture and infrastructure management
+11";Privately Held;stereograph.fr;
 Otami;Pau, Pyrénées-Atlantiques, Nouvelle-Aquitaine, France, Pau, Europe;23;Software Development;2020;"cout de revient
+19";Privately Held;otami.fr;
 AREAL;Savigny-le-Temple, Seine-et-Marne, Île-De-France, France, Melun, Europe;95;Software Development;1989;"Editeur de logiciels d'informatique industrielle
+4";Self-Owned;areal-topkapi.com;
 YEATI;Saint-Didier-au-Mont-d'Or, Rhône, Auvergne-Rhône-Alpes, France, Lyon, Europe;37;Software Development;2018;;Partnership;yeati.co;
 Phacet;Paris, Paris, Île-De-France, France, Europe;33;Software Development;2024;"AIProductivity
+5";Privately Held;phacet.com;
 Preludd Payment Services;Blagnac, Haute-Garonne, Occitanie, France, Toulouse, Europe;33;IT Services and IT Consulting;2016;"Fintech
+13";Privately Held;preludd.com;
 Le Phare;Nantes, Loire-Atlantique, Pays de la Loire, France, Nantes, Europe;88;Technology, Information and Internet;2000;"développement web
+12";Privately Held;fruits.co;
 Blockpulse;Paris, Paris, Île-De-France, France, Europe;20;Technology, Information and Internet;2018;"plans d'attributionBSA
+5";Privately Held;blockpulse.eu;
 First Growth Real Estate & Finance - FGREF;Paris, Paris, Île-De-France, France, Europe;20;Financial Services;2010;"Capital Sourcing
+3";Privately Held;firstgrowth.fr;
 Flowie;Paris, Paris, Île-De-France, France, Europe;26;Financial Services;2022;;Privately Held;get-flowie.com;
 Mipise;Paris, Paris, Île-De-France, France, Europe;32;Financial Services;2013;"crowdfunding
+12";Partnership;mipise.com;
 Haiku;Bègles, Gironde, Nouvelle-Aquitaine, France, Bordeaux, Europe;60;Software Development;2023;IA and Droit;Privately Held;haiku.fr;
 Virage Group;Nantes, Loire-Atlantique, Pays de la Loire, France, Nantes, Europe;50;Software Development;2001;"Edition de logicielsPMO
+14";Partnership;virage.fr;
 Oplit;Paris, Paris, Île-De-France, France, Europe;34;Software Development;;;Privately Held;oplit.com;
 SAHM;Toulouse, Haute-Garonne, Occitanie, France, Toulouse, Europe;419;IT Services and IT Consulting;2012;;Privately Held;sahm-splice.com;
 Mosofty;Rueil-Malmaison, Hauts-de-Seine, Île-De-France, France, Nanterre, Europe;21;Software Development;;;Privately Held;mosofty.com;
 Monart;Paris, Paris, Île-De-France, France, Europe;25;Financial Services;2018;"BLOCKCHAINART
+8";Privately Held;domainseller.site;
 IC Financial Services / CNH INDUSTRIAL FINANCIAL SERVICES S.A.;Morigny-Champigny, Essonne, Île-De-France, France, Étampes, Europe;104;Financial Services;2005;"FINANCIAL SERVICES
+19";Privately Held;cnhcapital.com;
 Just Eat France;France, Europe;31;Technology, Information and Internet;;;Public Company;just-eat.fr;
 Targa Telematics France;Montauban, Tarn-et-Garonne, Occitanie, France, Montauban, Europe;31;IT Services and IT Consulting;;;Privately Held;targatelematics.com;
 Systnaps;Le Perreux-sur-Marne, Val-de-Marne, Île-De-France, France, Nogent-sur-Marne, Europe;20;IT Services and IT Consulting;2007;"Déploiement
+4";Partnership;systnaps.com;
 SnapCall;France, Europe;20;Software Development;2015;"Digital
+23";Partnership;snapcall.io;
 Unnest | Data Success Partners;Paris, Île-De-France, France;33;IT Services and IT Consulting;;"Analytics
+13";Privately Held;unnest.co;
 CATIE (Centre Aquitain des Technologies de l'Information et Électroniques);Talence, Gironde, Nouvelle-Aquitaine, France, Bordeaux, Europe;49;IT Services and IT Consulting;2014;"Human-Computer Interactions
+11";Nonprofit;catie.fr;
 Adoria;Paris, Paris, Île-De-France, France, Europe;51;Software Development;2003;"100% web
+9";Privately Held;adoria.com;
 CONCORDE - GROUPE VENDOME;Paris, Paris, Île-De-France, France, Europe;20;Financial Services;1969;"comptabilité
+9";Privately Held;concorde-gv.fr;
 ImmoBanques;Bordeaux, Gironde, Nouvelle-Aquitaine, France, Bordeaux, Europe;77;Financial Services;2006;"Courtier en financement
+3";Privately Held;immo-banques.fr;
 MP FINANCE;Metz, Moselle, Grand Est, France, Europe;47;Financial Services;2016;"Courtage en Prêts Immobiliers
+4";Privately Held;mp-finance.com;
 NAOMIS;Villeneuve-le-Roi, Val-de-Marne, Île-De-France, France, Créteil, Europe;42;IT Services and IT Consulting;2010;;Privately Held;naomis.fr;
 Marjory;Paris, Paris, Île-De-France, France, Europe;35;Technology, Information and Internet;2018;"Integration
+12";Privately Held;marjory.com;
 VEHIPOSTE;Paris, Paris, Île-De-France, France, Europe;40;Financial Services;2006;"Location Longue Durée Automobile
+3";Privately Held;vehiposte.fr;
 Onefirst;Puteaux, Hauts-de-Seine, Île-De-France, France, Nanterre, Europe;43;IT Services and IT Consulting;;"Transformation digitale
+18";Partnership;hugedomains.com;
 SELF & INNOV;Bordeaux, Gironde, Nouvelle-Aquitaine, France, Bordeaux, Europe;31;Software Development;2016;"Conseil 2.0
+10";Partnership;finalli.com;
 Circle;Meylan, Isère, Auvergne-Rhône-Alpes, France, Grenoble, Europe;33;Software Development;2016;;Privately Held;circle.fr;
 One System;Miribel, Ain, Auvergne-Rhône-Alpes, France, Bourg-en-Bresse, Europe;44;IT Services and IT Consulting;2008;"infrastructure réseau
+15";Partnership;onesystem.com;
 Woosmap | Location Intelligence Platform;Montpellier, Hérault, Occitanie, France, Montpellier, Europe;32;Software Development;2018;"Geolocation
+12";Privately Held;woosmap.com;
 SOREDI;Guyancourt, Yvelines, Île-De-France, France, Versailles, Europe;21;IT Services and IT Consulting;1989;"cybersécuritéréseau
+5";Privately Held;soredi.com;
 TRINOV;Paris, Paris, Île-De-France, France, Europe;33;Software Development;2008;"Gestion des déchets
+8";Privately Held;trinov.com;
 OFFICERS;Paris, Paris, Île-De-France, France, Europe;44;IT Services and IT Consulting;2018;"Customer ServiceSaaS
+8";Privately Held;officers.fr;
 NEGOMETAL;Anglet, Nouvelle-Aquitaine, France;39;Financial Services;1984;"Récupération de la TVA
+14";Privately Held;negometal.fr;
 PlanetMedia;Paris, Paris, Île-De-France, France, Europe;255;Technology, Information and Internet;2000;"newsinternet
+6";Privately Held;domainseller.site;
 Exertis France;Saint-Denis, Seine-Saint-Denis, Île-De-France, France, Saint-Denis, Europe;98;IT Services and IT Consulting;;"Distribution
+7";Public Company;exertis.ai;
 APSYS Business Partner | Rydge Conseil;Poissy, Yvelines, Île-De-France, France, Saint-Germain-en-Laye, Europe;22;Software Development;1993;"Intégrateurs en Solutions de gestion
+10";Privately Held;rydge.fr;
 VECTOR France;Montrouge, Hauts-de-Seine, Île-De-France, France, Antony, Europe;72;Software Development;2002;"Controller Area Network
+11";Privately Held;vector.com;
 TEVEA RF Consulting;Paris, Paris, Île-De-France, France, Europe;43;Financial Services;1996;"Tax representation in Europe
+5";Privately Held;tevea-international.com;
 Unlikely Technology;Paris, Paris, Île-De-France, France, Europe;34;IT Services and IT Consulting;2017;"Development
+23";Partnership;unlikely.technology;
 W3COM;Larmor-Plage, Morbihan, Bretagne, France, Lorient, Europe;36;IT Services and IT Consulting;1997;;Partnership;w3com.fr;
 ESENS;Paris, Paris, Île-De-France, France, Europe;20;IT Services and IT Consulting;2009;"JavaNode
+23";Partnership;esens.com;
 Løvell;Paris, Paris, Île-De-France, France, Europe;41;IT Services and IT Consulting;2019;Cybersécurité and IT consulting;Privately Held;lovell-consulting.com;
 CELERIS Informatique;Nanterre, Hauts-de-Seine, Île-De-France, France, Nanterre, Europe;27;IT Services and IT Consulting;2010;"infrastructure
+5";Privately Held;celeris.fr;
 Assas Junior Conseil;France, Europe;40;Financial Services;2012;"Etudes de marchés
+11";Nonprofit;assasjuniorconseil.fr;
 Groupe Digitim;Nanterre, Île-De-France, France;20;IT Services and IT Consulting;2015;"Déploiement des terminaux
+5";Partnership;digitim.fr;
 Stafiz;Paris, Paris, Île-De-France, France, Europe;31;Software Development;;"software
+7";Privately Held;stafiz.com;
 Stockoss;Paris, Paris, Île-De-France, France, Europe;27;IT Services and IT Consulting;2018;"StockageDigital
+23";Privately Held;stockoss.com;
 Datapy;Paris, Paris, Île-De-France, France, Europe;20;IT Services and IT Consulting;2019;"intelligence artificielle
+18";Self-Owned;datapy.fr;
 Beapp;Nantes, Loire-Atlantique, Pays de la Loire, France, Nantes, Europe;24;Technology, Information and Internet;2011;"Application mobile
+18";Privately Held;beapp.fr;
 MINITAUX;Limoges, Haute-Vienne, Nouvelle-Aquitaine, France, Limoges, Europe;26;Financial Services;2012;"Courtier en assurance
+9";Partnership;minitaux.fr;
 TRADE.com;Marseille, Bouches-du-Rhône, Provence-Alpes-Côte D'Azur, France, 1er Arr., Europe;80;Financial Services;2014;"online trading
+12";Privately Held;tradecom.co;
 SELFING;Levallois-Perret, Hauts-de-Seine, Île-De-France, France, Nanterre, Europe;20;IT Services and IT Consulting;2010;"Ingénierie industrielle
+14";Partnership;selfing.fr;
 Officy;Paris, Paris, Île-De-France, France, Europe;37;IT Services and IT Consulting;2017;"Office Management Digitalization
+10";Privately Held;officy.io;
 EDL;Berre-l'Étang, Bouches-du-Rhône, Provence-Alpes-Côte D'Azur, France, Istres, Europe;144;Software Development;1994;"RISPACS
+7";Privately Held;edl.fr;
 FANVOICE;Paris, Paris, Île-De-France, France, Europe;22;Technology, Information and Internet;2014;"Open Innovation
+13";Privately Held;fanvoice.com;
 COSIUM;Versailles, Yvelines, Île-De-France, France, Versailles, Europe;65;Software Development;2003;"Logiciels de gestion
+7";Privately Held;cosium.com;
 NRJBI;Paris, Paris, Île-De-France, France, Europe;54;IT Services and IT Consulting;2007;"BIETL
+8";Privately Held;nrjbi.com;
 FOUR DATA;Dijon, Côte-d'Or, Bourgogne-Franche-Comté, France, Dijon, Europe;25;IT Services and IT Consulting;2016;;Partnership;hugedomains.com;
 ECA Expertise;Cambrai, Nord, Hauts-de-France, France, Cambrai, Europe;59;Financial Services;;"Expertise comptableSocial
+3";Privately Held;ecaexpertise.com;
 AQUASSAY;Le Palais-sur-Vienne, Haute-Vienne, Nouvelle-Aquitaine, France, Limoges, Europe;22;Software Development;2015;"Usine connectée
+7";Privately Held;aquassay.com;
 Auto-Entrepreneur;Toulouse, Haute-Garonne, Occitanie, France, Toulouse, Europe;978;Technology, Information and Internet;2017;;Self-Owned;auto-entrepreneur.fr;
 Attitude Patrimoine;Vannes, Morbihan, Bretagne, France, Vannes, Europe;29;Financial Services;2015;"gestion de patrimoine
+8";Self-Employed;attitude-patrimoine.fr;
 PcVue France;Boulogne-Billancourt, Hauts-de-Seine, Île-De-France, France, Boulogne-Billancourt, Europe;47;Software Development;1981;"ScadaHMI
+2";Privately Held;pcvue.com;
 TriCore Sales;Paris, Paris, Île-De-France, France, Europe;86;Financial Services;2021;"Gestion de patrimoine
+16";Privately Held;tricoretechs.com;
 KIWIK;Orléans, Loiret, Centre-Val de Loire, France, Orléans, Europe;29;IT Services and IT Consulting;2011;"Prestashop
+10";Self-Owned;kiwik.com;
 QWEEBY;Saint-Étienne, Loire, Auvergne-Rhône-Alpes, France, Saint-Étienne, Europe;38;IT Services and IT Consulting;2009;;Privately Held;qweeby.fr;
 Poulpeo;Paris, Paris, Île-De-France, France, Europe;22;Technology, Information and Internet;2009;"shopping
+3";Privately Held;poulpeo.com;
 VIKTA;Paris, Paris, Île-De-France, France, Europe;23;Software Development;2020;;Privately Held;vikta.com;
 SQlink Digital;Arras, Pas-de-Calais, Hauts-de-France, France, Arras, Europe;28;IT Services and IT Consulting;2010;"Cross platforms Web and Mobile development
+3";Privately Held;sqlink.com;
 HDF sas;Orly, Val-de-Marne, Île-De-France, France, Créteil, Europe;58;IT Services and IT Consulting;2001;Value Added Distributor;Privately Held;doctrine.fr;
 Hyundai Capital France (HCF);La Garenne-Colombes, Hauts-de-Seine, Île-De-France, France, Nanterre, Europe;34;Financial Services;2022;;Privately Held;hyundaicapital.com;
 Nicoka;Angers, Maine-et-Loire, Pays de la Loire, France, Angers, Europe;20;Software Development;2009;"SIRHCRM
+18";Privately Held;nicoka.com;
 DK;Rennes, Ille-et-Vilaine, Bretagne, France, Rennes, Europe;57;Software Development;2021;;Privately Held;d-k.io;
 Zone01 Rouen Normandie;Rouen, Seine-Maritime, Normandie, France, Rouen, Europe;49;IT Services and IT Consulting;2021;;Educational;zone01rouennormandie.org;
 BeNomad;Villeneuve, Alpes-Maritimes, Provence-Alpes-Côte D'Azur, France, Grasse, Europe;20;IT Services and IT Consulting;2002;"Telematics
+5";Privately Held;benomad.com;
 Infortive transition;Paris, Paris, Île-De-France, France, Europe;23;IT Services and IT Consulting;2004;"DSI de transition
+2";Partnership;infortive.com;
 IEVA Group;Paris, Paris, Île-De-France, France, Europe;41;Technology, Information and Internet;;"Beautiful Longevity
+18";Privately Held;ievagroup.com;
 I-Kapital;Paris, Paris, Île-De-France, France, Europe;23;Financial Services;2015;Produits Structurés;Privately Held;i-kapital.fr;
 Cashlab;Paris, Paris, Île-De-France, France, Europe;23;Financial Services;2015;"Pilotage du cash
+12";Partnership;cashlab.fr;
 Groupe Izarralde (izarLink / izarHost);Bidart, Pyrénées-Atlantiques, Nouvelle-Aquitaine, France, Bayonne, Europe;29;IT Services and IT Consulting;2014;"Opérateur de télécommunications
+31";Partnership;izarralde.com;
 HOMA CAPITAL;Paris, Paris, Île-De-France, France, Europe;20;Financial Services;2010;;Privately Held;homacapital.fr;
 Enyx | now part of Exegy;France, Europe;32;IT Services and IT Consulting;2011;"FPGAHigh Frequency Trading
+10";Privately Held;enyx.com;
 GxpManager;Lyon, Rhône, Auvergne-Rhône-Alpes, France, Lyon, Europe;33;Software Development;2003;"Applications Compliance sur mesure
+11";Privately Held;gxpmanager.com;
 Bright;Paris, Paris, Île-De-France, France, Europe;23;Technology, Information and Internet;;"art video
+15";Privately Held;bright.com;
 Hubvisor;Paris, Paris, Île-De-France, France, Europe;29;Technology, Information and Internet;2017;"DSPSPO
+15";Privately Held;hubvisor.com;
 F31;Paris, Paris, Île-De-France, France, Europe;25;Financial Services;2009;"Financial ModelingExcel
+6";Privately Held;f31.com;
 Ondorse;Paris, Paris, Île-De-France, France, Europe;23;Software Development;2021;;Privately Held;atom.com;
 CashMag;Cuers, Var, Provence-Alpes-Côte D'Azur, France, Toulon, Europe;102;Software Development;1942;"logiciel d'encaissement
+13";Partnership;cashmag.fr;
 AuCOFFRE.com;Bordeaux, Gironde, Nouvelle-Aquitaine, France, Bordeaux, Europe;23;Financial Services;2009;"Or et argent d'investissement
+3";Privately Held;aucoffre.com;
 Porsche Finance Group Romania;Brignoles, Var, Provence-Alpes-Côte D'Azur, France, Brignoles, Europe;175;Financial Services;1999;"CreditFleet Management
+2";Privately Held;porsche.com;
 Union Générale des Placements;Paris, Paris, Île-De-France, France, Europe;20;Financial Services;2017;;Privately Held;uniongenerale.com;
 Korint Insurtech;Nanterre, Hauts-de-Seine, Île-De-France, France, Nanterre, Europe;27;Software Development;2022;;Privately Held;korint.io;
 Flynt;Paris, Paris, Île-De-France, France, Europe;28;Software Development;2021;;Privately Held;flynt.com;
 Smily, formerly BookingSync;Névache, Hautes-Alpes, Provence-Alpes-Côte D'Azur, France, Briançon, Europe;35;Software Development;2010;"Vacation Rental
+5";Privately Held;smily.com;
 myPOS France;Paris, Paris, Île-De-France, France, Europe;20;Financial Services;2014;"point-of-sale solutions
+4";Privately Held;mypos.com;
 BoucheCousue;Paris, Paris, Île-De-France, France, Europe;20;IT Services and IT Consulting;;;Privately Held;bouchecousue.fr;
 CORUM BUTLER;Paris, Paris, Île-De-France, France, Europe;31;Financial Services;2008;;Privately Held;corumbutler.com;
 Folder Groupe plenITude;Saint-Jean-de-Moirans, Isère, Auvergne-Rhône-Alpes, France, Grenoble, Europe;27;IT Services and IT Consulting;2005;"Conseil & Audit
+8";Privately Held;plenitude-group.com;
 WiziShop;Nice, Alpes-Maritimes, Provence-Alpes-Côte D'Azur, France, Nice, Europe;24;Technology, Information and Internet;2008;"E-commerce
+3";Partnership;wizishop.fr;
 Cameroon Technology (CAMTECH);Dunkerque, Nord, Hauts-de-France, France, Dunkerque, Europe;31;IT Services and IT Consulting;2002;"Télécoms
+5";Privately Held;euroquity.com;
 Goelett;Saint-Cloud, Hauts-de-Seine, Île-De-France, France, Boulogne-Billancourt, Europe;114;Software Development;2011;"business travelSaas
+1";Privately Held;goelett.com;
 digi.job;Gruissan, Aude, Occitanie, France, Narbonne, Europe;46;Technology, Information and Internet;2021;"Externalisation des processus métiers
+3";Privately Held;umso.co;
 Activo;Paris, Île-De-France, France;54;IT Services and IT Consulting;2019;"Design Thinking
+10";Privately Held;activo.be;
 UBIC;Mauguio, Hérault, Occitanie, France, Montpellier, Europe;33;IT Services and IT Consulting;2009;"Visioconférence
+7";Partnership;ubic.fr;
 afb France;Annecy, Haute-Savoie, Auvergne-Rhône-Alpes, France, Annecy, Europe;67;IT Services and IT Consulting;2012;"Effacement de données
+9";Nonprofit;afbshop.fr;
 Reverso;Neuilly-sur-Seine, Hauts-de-Seine, Île-De-France, France, Nanterre, Europe;93;Technology, Information and Internet;;"Electronic Dictionaries
+6";Privately Held;domainseller.site;
 IDÉSIA CRÉDITS;Vandœuvre-lès-Nancy, Meurthe-et-Moselle, Grand Est, France, Nancy, Europe;28;Financial Services;2003;"Regroupement de crédits
+10";Privately Held;idesia.fr;
 FWD;Issy-les-Moulineaux, Hauts-de-Seine, Île-De-France, France, Boulogne-Billancourt, Europe;21;IT Services and IT Consulting;;"Transformation Digitale
+12";Privately Held;societeinfo.com;
 RAMSAI;Tours, Indre-et-Loire, Centre-Val de Loire, France, Tours, Europe;22;IT Services and IT Consulting;2020;"RAMSsafety
+2";Privately Held;ramsai.fr;
 Empirik;Lyon, Rhône, Auvergne-Rhône-Alpes, France, Lyon, Europe;23;Technology, Information and Internet;2012;"Référencement Naturel (SEO)
+4";Partnership;empirik.fr;
 LIBERTIFY;Paris, Paris, Île-De-France, France, Europe;29;Financial Services;2021;;Self-Owned;libertify.com;
 JOIN;France, Europe;52;Software Development;2018;"StoriesSocial Media
+1";Privately Held;join.com;
 Wanteeed;Bordeaux, Gironde, Nouvelle-Aquitaine, France, Bordeaux, Europe;30;Technology, Information and Internet;2016;;Privately Held;wanteeed.com;
 AGELEC;Bagneux, Hauts-de-Seine, Île-De-France, France, Antony, Europe;28;IT Services and IT Consulting;1959;;Partnership;agelec.fr;
 Fransabank El Djazaïr SPA;Villefranche-sur-Mer, Alpes-Maritimes, Provence-Alpes-Côte D'Azur, France, Nice, Europe;60;Financial Services;2006;;Public Company;xe.com;
 Citilog;Bagneux, Hauts-de-Seine, Île-De-France, France, Antony, Europe;34;Software Development;1997;"VideoDetection
+6";Privately Held;citilog.com;
 TitanSolutions by 3V Finance;Paris, Paris, Île-De-France, France, Europe;44;Software Development;1987;"Treasury & Risk Management
+42";Privately Held;3vfinance.com;
 Exatech;Verrières-le-Buisson, Essonne, Île-De-France, France, Palaiseau, Europe;110;Software Development;1994;"Organisation d'évènements
+8";Partnership;exatech.lu;
 LIKSI;Rennes, Ille-et-Vilaine, Bretagne, France, Rennes, Europe;60;IT Services and IT Consulting;2017;"Big DataCloud
+7";Privately Held;liksi.fr;
 CG2 Conseil;France, Europe;62;IT Services and IT Consulting;1997;;Privately Held;cg2conseil.com;
 Creativas;Paris, Paris, Île-De-France, France, Europe;28;Software Development;2018;;Privately Held;atom.com;
 Season;Aix-en-Provence, Bouches-du-Rhône, Provence-Alpes-Côte D'Azur, France, Aix-en-Provence, Europe;66;IT Services and IT Consulting;2018;"Salesforce
+9";Partnership;season.fr;
 ASHLER & MANSON;Bordeaux, Gironde, Nouvelle-Aquitaine, France, Bordeaux, Europe;86;Financial Services;2003;"Courtage en prêts immobilier
+4";Public Company;ashler-manson.com;
 Cyrias;Massy, Essonne, Île-De-France, France, Palaiseau, Europe;40;Software Development;2018;"SourcingAchats
+19";Privately Held;cyrias.com;
 Vaduo;Villeneuve-d'Ascq, Nord, Hauts-de-France, France, Lille, Europe;28;IT Services and IT Consulting;2016;"Conseil
+12";Self-Owned;vaduoconsulting.com;
 CCSD - Centre for direct scientific communication;Villeurbanne, Auvergne-Rhône-Alpes, France;29;IT Services and IT Consulting;2000;"science ouverte
+6";Government Agency;cnrs.fr;
 AZAP | Logiciels de Supply Chain Planning;Paris, Paris, Île-De-France, France, Europe;27;Software Development;2000;"Prévision des Ventes
+20";Privately Held;azap.com;
 CAP INFO Retail Software Partner;Lissieu, Rhône, Auvergne-Rhône-Alpes, France, Lyon, Europe;21;Software Development;2000;"RetailPOS
+18";Privately Held;e-capinfo.com;
 WYLog;Paris, Paris, Île-De-France, France, Europe;71;Software Development;2003;"Augmented reality
+7";Privately Held;wylog.com;
 Emersya;Montpellier, Hérault, Occitanie, France, Montpellier, Europe;24;Software Development;2012;"Real-time 3D
+13";Privately Held;emersya.com;
 NEOEDGE;Marseille, Bouches-du-Rhône, Provence-Alpes-Côte D'Azur, France, 1er Arr., Europe;42;IT Services and IT Consulting;2007;"VMwareVeeam
+34";Partnership;neoedge.fr;
 SpikeeLabs;Rennes, Ille-et-Vilaine, Bretagne, France, Rennes, Europe;38;IT Services and IT Consulting;2016;"developpement logiciel
+4";Privately Held;spikeelabs.fr;
 SOMM'IT;Bordeaux, Gironde, Nouvelle-Aquitaine, France, Bordeaux, Europe;23;Software Development;2015;"Gestion de stocks
+3";Privately Held;sommit.com;
 Ingenium animalis;Montreuil, Seine-Saint-Denis, Île-De-France, France, Bobigny, Europe;50;IT Services and IT Consulting;2012;"datadonnées
+6";Privately Held;ingenium.fr;
 Trust IT Générateur de Confiance;Paris, Paris, Île-De-France, France, Europe;48;IT Services and IT Consulting;2016;"Conseils
+6";Privately Held;trust-it.fr;
 TELESIO;Rueil-Malmaison, Hauts-de-Seine, Île-De-France, France, Nanterre, Europe;65;IT Services and IT Consulting;2007;"Conseil en Systèmes d'informationAMOA
+13";Partnership;telesio.fr;
 Mairistem;St.-Martin-sur-le-Pré, Marne, Grand Est, France, Châlons-en-Champagne, Europe;210;Software Development;1983;"Logiciels de GestionGRC
+5";Partnership;jvs-mairistem.fr;
 AB Courtage;Noisy-le-Sec, Seine-Saint-Denis, Île-De-France, France, Bobigny, Europe;65;Financial Services;;"Courtage en prêt immobilier
+5";Partnership;abcourtage.com;
 H3P;Villemomble, Seine-Saint-Denis, Île-De-France, France, Bobigny, Europe;40;Financial Services;2008;"AuditExpertise comptable
+8";Privately Held;h3p.biz;
 ITS Future;Schiltigheim, Bas-Rhin, Grand Est, France, Strasbourg, Europe;43;IT Services and IT Consulting;2015;"Applications WEB
+5";Privately Held;its-future.com;
 Groupe SBSR;Estillac, Lot-et-Garonne, Nouvelle-Aquitaine, France, Agen, Europe;29;IT Services and IT Consulting;;"matériel d'impression
+5";Privately Held;sbsr.fr;
 Danka;Lyon, Rhône, Auvergne-Rhône-Alpes, France, Lyon, Europe;31;Technology, Information and Internet;2006;"Communication interactive
+13";Privately Held;danka.fr;
 HerculePro;Couëron, Loire-Atlantique, Pays de la Loire, France, Nantes, Europe;42;Software Development;2004;"MenuiserieStores
+1";Privately Held;herculepro.com;
 Lettria;Paris, Paris, Île-De-France, France, Europe;20;IT Services and IT Consulting;2019;"Traitement Automatique du Langage Naturel (TALN)
+8";Privately Held;lettria.com;
 PC21 France;Collégien, Seine-et-Marne, Île-De-France, France, Torcy, Europe;26;IT Services and IT Consulting;2000;"revente de matériel informatique et logiciel
+18";Partnership;pc21.fr;
 OPTI FINANCE;Le Mans, Sarthe, Pays de la Loire, France, Le Mans, Europe;32;Financial Services;1990;"Gestion de patrimoine
+3";Self-Employed;opti-finance.fr;
 IOcean;France, Europe;37;IT Services and IT Consulting;2001;"Intranet / Extranet
+20";Privately Held;iocean.fr;
 Numendo;Paris, Paris, Île-De-France, France, Europe;70;Technology, Information and Internet;2014;"Gestion de projet
+24";Privately Held;numendo.com;
 Pharmasys;Neuilly-sur-Seine, Hauts-de-Seine, Île-De-France, France, Nanterre, Europe;89;IT Services and IT Consulting;;"Industries pharmaceutiques
+25";Privately Held;pharmasys.fr;
 Underscor;Noisy-le-Grand, Seine-Saint-Denis, Île-De-France, France, Le Raincy, Europe;20;IT Services and IT Consulting;;"3CXDigitalisation
+3";Privately Held;underscor.fr;
 Taelys;Paris, Paris, Île-De-France, France, Europe;20;Financial Services;2013;;Self-Owned;taelys.com;
 InterFast;Paris, Île-De-France, France;29;Software Development;2021;"SaaSB2B
+2";Privately Held;inter-fast.fr;
 Neobuy;Neuilly-sur-Seine, Hauts-de-Seine, Île-De-France, France, Nanterre, Europe;34;IT Services and IT Consulting;;"Achats
+16";Self-Owned;neobuy.fr;
 Tempo France;Paris, Paris, Île-De-France, France, Europe;29;Financial Services;2008;"Transfert d'argent
+6";Privately Held;tempo.com;
 Opstim;Paris, Paris, Île-De-France, France, Europe;26;IT Services and IT Consulting;2021;"DevOpsAgile
+7";Privately Held;opstim.fr;
 SOMONE;Île-De-France, France, Europe;49;IT Services and IT Consulting;2006;"Supervision informatique
+3";Partnership;somone.fr;
 E-NOV;Villeneuve-d'Ascq, Nord, Hauts-de-France, France, Lille, Europe;29;IT Services and IT Consulting;2012;"management de projetstests
+6";Partnership;e-nov.info;
 HCube Conseil;Aix-en-Provence, Bouches-du-Rhône, Provence-Alpes-Côte D'Azur, France, Aix-en-Provence, Europe;21;IT Services and IT Consulting;2018;"cybersécurité
+5";Partnership;reelit.fr;
 ASF Consulting;Orléans, Loiret, Centre-Val de Loire, France, Orléans, Europe;36;Financial Services;2009;"Financement d'actifs technologiques
+2";Privately Held;asfconsulting.fr;
 Neosurf;Paris, Paris, Île-De-France, France, Europe;37;Financial Services;2004;"Financial Services
+18";Privately Held;neosurf.com;
 S4E - Energysoft;Lorient, Morbihan, Bretagne, France, Lorient, Europe;25;Software Development;2010;"LogicielEnergie
+13";Privately Held;s4e-software.com;
 Filae - a MyHeritage company;Paris, Paris, Île-De-France, France, Europe;20;Technology, Information and Internet;1992;"Genealogy
+3";Public Company;filae.com;
 EXPANSI Avocats & Experts-Comptables;Aix-en-Provence, Bouches-du-Rhône, Provence-Alpes-Côte D'Azur, France, Aix-en-Provence, Europe;46;Financial Services;2017;"JuridiqueFiscal
+10";Privately Held;expansi.fr;
 InSimo;Strasbourg, Bas-Rhin, Grand Est, France, Strasbourg, Europe;33;Software Development;2013;"Simulation
+4";Privately Held;insimo.com;
 FAKTUS;Paris, Paris, Île-De-France, France, Europe;26;Technology, Information and Internet;;;Partnership;faktus.eu;
 Audace Digital Learning;Douvrin, Pas-de-Calais, Hauts-de-France, France, Béthune, Europe;22;IT Services and IT Consulting;1998;"Serious game
+11";Partnership;audace-digital-learning.fr;
 Teora by Natixis Wealth Management;Charenton-le-Pont, Val-de-Marne, Île-De-France, France, Créteil, Europe;62;Financial Services;2021;"assurance vie
+2";Privately Held;natixis.com;
 Clarté;Changé, Mayenne, Pays de la Loire, France, Laval, Europe;28;IT Services and IT Consulting;1996;"Réalité virtuelle
+20";Nonprofit;clarte.io;
 C-Risk;France, Europe;22;IT Services and IT Consulting;;"Cybersecurity
+10";Privately Held;c-risk.com;
 YUSCO;Paris, Paris, Île-De-France, France, Europe;32;Technology, Information and Internet;2023;"Mobilité Électrique
+7";Privately Held;yusco.io;
 GEOMATYS;Arles, Bouches-du-Rhône, Provence-Alpes-Côte D'Azur, France, Arles, Europe;27;Software Development;2005;Software development and Spatial Data Infrastructure and GIS development;Privately Held;geomatys.com;
 Therenva;Rennes, Ille-et-Vilaine, Bretagne, France, Rennes, Europe;26;Software Development;2007;;Privately Held;therenva.fr;
 Deveho Consulting Group;Lyon, Rhône, Auvergne-Rhône-Alpes, France, Lyon, Europe;65;Software Development;2009;"ERP software
+18";Partnership;deveho.com;
 Neeva Solutions RH;Bordeaux, Gironde, Nouvelle-Aquitaine, France, Bordeaux, Europe;25;Software Development;2005;"Gestion du Recrutement
+6";Privately Held;neevasolutions.com;
 AKAIRO;Villeurbanne, Rhône, Auvergne-Rhône-Alpes, France, Lyon, Europe;47;IT Services and IT Consulting;2016;"Communication sonore
+9";Partnership;akairo.fr;
 HARO - Gage sur stock;Boulogne-Billancourt, Hauts-de-Seine, Île-De-France, France, Boulogne-Billancourt, Europe;81;Financial Services;2009;"gage avec dépossession
+7";Privately Held;harogage.com;
 ABSIS Conseil;Levallois-Perret, Hauts-de-Seine, Île-De-France, France, Nanterre, Europe;21;IT Services and IT Consulting;2011;"Conseil SI
+7";Privately Held;absisconseil.fr;
 W hub;Paris, Paris, Île-De-France, France, Europe;43;IT Services and IT Consulting;2024;"ITPrestation de service
+8";Privately Held;whub.fr;
 LYCS;Paris, Paris, Île-De-France, France, Europe;28;IT Services and IT Consulting;2023;"CRMExpérience client
+19";Privately Held;lycs.fr;
 D-Link France;Montigny-le-Bretonneux, Yvelines, Île-De-France, France, Versailles, Europe;24;IT Services and IT Consulting;1986;"réseau informatique
+17";Public Company;dlink.com;
 NCI Informatique;Saint-André-sur-Orne, Calvados, Normandie, France, Caen, Europe;29;IT Services and IT Consulting;1983;"informatique
+10";Partnership;nci-informatique.com;
 AfterData | Market abuse & AML;Paris, Paris, Île-De-France, France, Europe;25;IT Services and IT Consulting;;"machine learning
+4";Partnership;afterdata.com;
 l'Atout;Paris, Paris, Île-De-France, France, Europe;28;Software Development;2023;"Avantages Collaborateurs
+8";Privately Held;atout-france.fr;
 SOLUTYS Group;Lisses, Essonne, Île-De-France, France, Évry, Europe;64;IT Services and IT Consulting;2002;"Traçabilité
+23";Privately Held;solutys.fr;
 Gryzzly;Lyon, Rhône, Auvergne-Rhône-Alpes, France, Lyon, Europe;20;Technology, Information and Internet;2018;"chatbotSaaS
+12";Privately Held;gryzzly.com;
 DTA Ingénierie;St.-Herblain, Loire-Atlantique, Pays de la Loire, France, Nantes, Europe;33;IT Services and IT Consulting;2014;"Informatique
+3";Privately Held;aquilapp.fr;
 IDSA;Lyon, Rhône, Auvergne-Rhône-Alpes, France, Lyon, Europe;81;Technology, Information and Internet;2007;"marketing digital
+4";Privately Held;idsa.fr;
 ViaXoft;Marseille, Bouches-du-Rhône, Provence-Alpes-Côte D'Azur, France, 1er Arr., Europe;43;Software Development;2008;;Privately Held;viaxoft.com;
 Netisse;Paris, Paris, Île-De-France, France, Europe;32;Technology, Information and Internet;2003;"E-Commerce
+12";Privately Held;netisse.fr;
 Web Geo Services;Paris, Paris, Île-De-France, France, Europe;33;Software Development;;"Location servicesRetail
+24";Privately Held;webgeoservices.com;
 FEALINX;Francheville, Rhône, Auvergne-Rhône-Alpes, France, Lyon, Europe;55;Software Development;1997;"Simulation et MECHATRONIC
+26";Partnership;dv.digital;
 SIMAX;Castelnau-le-Lez, Hérault, Occitanie, France, Montpellier, Europe;87;Software Development;2006;"Solution de gestionCRM
+11";Self-Owned;simax.fr;
 Qosmos;Clichy, Hauts-de-Seine, Île-De-France, France, Nanterre, Europe;42;Software Development;;"Deep Packet Inspection
+6";Public Company;enea.com;
 My Kiwi;Vitrolles, Bouches-du-Rhône, Provence-Alpes-Côte D'Azur, France, Istres, Europe;27;IT Services and IT Consulting;2016;"Microsoft .netJava
+4";Partnership;my-kiwi.fr;
 Wetix;Levallois-Perret, Hauts-de-Seine, Île-De-France, France, Nanterre, Europe;42;IT Services and IT Consulting;2008;"marketing
+6";Privately Held;wetix.fr;
 ICS;Mouans-Sartoux, Alpes-Maritimes, Provence-Alpes-Côte D'Azur, France, Grasse, Europe;183;Software Development;1978;"informatique
+7";Privately Held;ics.fr;
 Lisy;Paris, Paris, Île-De-France, France, Europe;25;Software Development;2020;"Immobilier d'entreprise
+16";Privately Held;lisy.fr;
 Anamnèse logiciel e-santé FR;Paris, Paris, Île-De-France, France, Europe;20;IT Services and IT Consulting;2017;"Intelligence Artificielle
+13";Privately Held;anamnese.care;
 MC2IT;Fabrègues, Hérault, Occitanie, France, Montpellier, Europe;21;IT Services and IT Consulting;1994;;Privately Held;mc2it.com;
 Falinwa Group;Toulouse, Haute-Garonne, Occitanie, France, Toulouse, Europe;29;IT Services and IT Consulting;2009;"strategy
+2";Privately Held;falinwa.com;
 OSLO;Villeneuve-d'Ascq, Nord, Hauts-de-France, France, Lille, Europe;187;Software Development;1979;"édition de logiciels
+15";Partnership;oslo.fr;
 Agenium Group;Toulouse, Haute-Garonne, Occitanie, France, Toulouse, Europe;35;Software Development;2003;"simulation
+11";Privately Held;agenium.com;
 Okantis;Limoges, Haute-Vienne, Nouvelle-Aquitaine, France, Limoges, Europe;147;IT Services and IT Consulting;;"Systèmes d'Information en Santé
+3";Government Agency;okantis.fr;
 Digitalis;Cesson-Sévigné, Ille-et-Vilaine, Bretagne, France, Rennes, Europe;51;IT Services and IT Consulting;2016;"Domotique
+7";Privately Held;digitalis.fr;
 Feels app;Paris, Paris, Île-De-France, France, Europe;30;Technology, Information and Internet;2019;"datingsocial networking
+2";Privately Held;feels-app.com;
 Mistral Informatique;Clermont-Ferrand, Puy-de-Dôme, Auvergne-Rhône-Alpes, France, Clermont-Ferrand, Europe;79;Software Development;1984;"LogicielERP
+4";Privately Held;mistral.fr;
 Groupe Créquy;Lyon, Rhône, Auvergne-Rhône-Alpes, France, Lyon, Europe;23;Financial Services;2004;"Restructuration
+4";Self-Owned;crequy.fr;
 Loyoly;Paris, Paris, Île-De-France, France, Europe;33;Software Development;2020;"Marketing Digital
+15";Privately Held;loyoly.com;
 Coup de pousse;Écully, Rhône, Auvergne-Rhône-Alpes, France, Lyon, Europe;24;Financial Services;;"Titres restaurants solidairesRSE
+3";Privately Held;coupdepousse.com;
 FrenchSys;Paris, Paris, Île-De-France, France, Europe;27;IT Services and IT Consulting;2019;;Privately Held;frenchsys.com;
 ARTIS;Saint-Sébastien-sur-Loire, Loire-Atlantique, Pays de la Loire, France, Nantes, Europe;74;Software Development;1990;;Privately Held;artis.fr;
 Adera;Pessac, Gironde, Nouvelle-Aquitaine, France, Bordeaux, Europe;116;Financial Services;1996;"Ingénierie de projets
+5";Privately Held;adera.fr;
 AXE INFORMATIQUE;Grenoble, Isère, Auvergne-Rhône-Alpes, France, Grenoble, Europe;92;Software Development;1989;"SageCloud
+10";Partnership;axeinformatique.fr;
 BearStudio;Saint-André-sur-Cailly, Seine-Maritime, Normandie, France, Rouen, Europe;32;IT Services and IT Consulting;2016;"Développement d'applications et de logicielsR&D
+7";Partnership;bearstudio.fr;
 YGL CONSULTING;Paris, Paris, Île-De-France, France, Europe;21;IT Services and IT Consulting;2001;"IOSANDROID
+11";Privately Held;yglconsulting.com;
 Descartes & Mauss;Paris, Paris, Île-De-France, France, Europe;28;Software Development;2021;Strategic Foresight and AI;Partnership;descartesmauss.ai;
 Cap-visio;Nantes, Loire-Atlantique, Pays de la Loire, France, Nantes, Europe;61;IT Services and IT Consulting;2008;"Visioconférence
+19";Partnership;capvisio.com;
 Placement Direct;Neuilly-sur-Seine, Hauts-de-Seine, Île-De-France, France, Nanterre, Europe;23;Financial Services;1999;;Public Company;placement-direct.fr;
 French National Rare Disease Registry;Paris, Paris, Île-De-France, France, Europe;20;Software Development;2012;"maladies rares
+8";Government Agency;nih.gov;
 EASYNEO;Mulhouse, Haut-Rhin, Grand Est, France, Mulhouse, Europe;39;Software Development;2010;"QlikView
+15";Privately Held;easyneo.fr;
 SYAGE;Aix-en-Provence, Bouches-du-Rhône, Provence-Alpes-Côte D'Azur, France, Aix-en-Provence, Europe;42;IT Services and IT Consulting;2007;"Sécurité Informatique
+38";Privately Held;syage.fr;
 Kiiro;Paris, Paris, Île-De-France, France, Europe;39;IT Services and IT Consulting;2024;"AWSCloud
+5";Privately Held;kiiro.fr;
 N01zet;Paris, Paris, Île-De-France, France, Europe;22;Financial Services;2021;"BlockchainESOP
+21";Privately Held;n01zet.com;
 FlexiFleet;Nanterre, Île-De-France, France;47;Financial Services;2017;"VTCVoiture de tourisme avec chauffeur
+2";Self-Owned;flexifleet.fr;
 VeoNum;Rennes, Ille-et-Vilaine, Bretagne, France, Rennes, Europe;24;Software Development;2018;"Softwarevideo
+20";Privately Held;veonum.com;
 MONI;Paris, Paris, Île-De-France, France, Europe;120;Financial Services;2017;"Finance Tech
+20";Privately Held;startx.io;
 Perfect Memory;Aubière, Puy-de-Dôme, Auvergne-Rhône-Alpes, France, Clermont-Ferrand, Europe;27;Software Development;2019;"Artificial Intelligence
+10";Privately Held;perfect-memory.com;
 FINENSE;Paris, Paris, Île-De-France, France, Europe;42;Financial Services;2019;"payment
+4";Privately Held;finense.fr;
 Linksider;Bordeaux, Gironde, Nouvelle-Aquitaine, France, Bordeaux, Europe;44;Technology, Information and Internet;2020;"B2B leads
+6";Privately Held;frenchtechbordeaux.com;
 FINVENS;Toulouse, Haute-Garonne, Occitanie, France, Toulouse, Europe;174;Financial Services;1988;"CréditWeb marketing
+5";Partnership;finvens.fr;
 TOSHIBA Région Nord Est;Villeneuve-d'Ascq, Nord, Hauts-de-France, France, Lille, Europe;87;Technology, Information and Internet;;;Privately Held;toshibatec.fr;
 Agaetis;Clermont-Ferrand, Puy-de-Dôme, Auvergne-Rhône-Alpes, France, Clermont-Ferrand, Europe;31;Software Development;2006;"Big data
+2";Privately Held;agaetis.fr;
 Calldesk;Paris, Paris, Île-De-France, France, Europe;22;IT Services and IT Consulting;2017;"artificial intelligence
+11";Privately Held;calldesk.fr;
 CIBEST GROUP;Paris, Paris, Île-De-France, France, Europe;47;IT Services and IT Consulting;;;Privately Held;cibest.com;
 Dexxon Data media;Gennevilliers, Hauts-de-Seine, Île-De-France, France, Nanterre, Europe;146;IT Services and IT Consulting;1975;"Distribution
+8";Privately Held;dexxon.eu;
 Lonestone;Nantes, Loire-Atlantique, Pays de la Loire, France, Nantes, Europe;31;Technology, Information and Internet;2014;"Jeu vidéo
+6";Privately Held;lonestone.io;
 SONEKA;Paris, Paris, Île-De-France, France, Europe;33;Software Development;2017;"Real Estate
+7";Privately Held;soneka.com;
 PME Partner;Paris, Paris, Île-De-France, France, Europe;21;Financial Services;;;Privately Held;pme-partner.fr;
 acpqualife;Aix-en-Provence, Bouches-du-Rhône, Provence-Alpes-Côte D'Azur, France, Aix-en-Provence, Europe;44;IT Services and IT Consulting;2002;"Ingénierie NTIC
+14";Privately Held;acpqualife.com;
 Web et Solutions;Saint-Étienne-du-Rouvray, Seine-Maritime, Normandie, France, Rouen, Europe;44;Technology, Information and Internet;2003;"e-commerceBtoB
+13";Privately Held;web-solutions.eu;
 iDig;Le Mesnil-le-Roi, Yvelines, Île-De-France, France, Saint-Germain-en-Laye, Europe;23;Technology, Information and Internet;;"Construction Technology
+3";Privately Held;domainseller.site;
 Inlead;Nantes, Loire-Atlantique, Pays de la Loire, France, Nantes, Europe;54;Software Development;2016;"google adwords
+19";Privately Held;inlead.fr;
 Tiepolo;Paris, Paris, Île-De-France, France, Europe;45;Financial Services;;;Privately Held;tiepolo.fr;
 SpinalCom;Palaiseau, Essonne, Île-De-France, France, Palaiseau, Europe;21;Software Development;2009;"building
+33";Privately Held;spinalcom.com;
 Matcha;Paris, Paris, Île-De-France, France, Europe;37;Software Development;2018;"WineTechIA
+14";Privately Held;matcha.com;
 Pyl.Tech;Paris, Paris, Île-De-France, France, Europe;41;IT Services and IT Consulting;2023;"CloudData
+2";Privately Held;pyl.tech;
 KPS CONSULTING ANALYTICS;Paris, Paris, Île-De-France, France, Europe;22;Software Development;2017;"PigmentStambia
+5";Privately Held;free-work.com;
 DOUBLETRADE - Intescia Group;Issy-les-Moulineaux, Hauts-de-Seine, Île-De-France, France, Boulogne-Billancourt, Europe;113;IT Services and IT Consulting;;"Tailored tender opportunities delivered to your inbox
+3";Privately Held;doubletrade.com;
 Iguane Solutions;France, Europe;61;IT Services and IT Consulting;2000;"Scalabitité
+27";Privately Held;ig1.com;
 CENTAURE INVESTISSEMENTS;Cognac, Charente, Nouvelle-Aquitaine, France, Cognac, Europe;20;Financial Services;2010;"Conseil en Gestion de Patrimoine
+14";Self-Employed;centaure-investissements.com;
 OOTARY;Soultz-Haut-Rhin, Haut-Rhin, Grand Est, France, Guebwiller, Europe;43;Software Development;2017;"base de donnéesc#
+3";Privately Held;ootary.com;
 OWI Technologies;Cachan, Val-de-Marne, Île-De-France, France, L'Haÿ-les-Roses, Europe;37;Technology, Information and Internet;2008;"Traitement Automatique du Langage (TAL)
+17";Privately Held;owi-tech.com;
 Upian;Paris, Paris, Île-De-France, France, Europe;42;Technology, Information and Internet;1998;"Internetmédia
+11";Privately Held;upian.com;
 Five Nines;Paris, Paris, Île-De-France, France, Europe;21;IT Services and IT Consulting;2019;"CloudSecurity
+21";Privately Held;fivenines.com;
 Tick&Live;Ivry-sur-Seine, Val-de-Marne, Île-De-France, France, Créteil, Europe;27;Software Development;;"Solutions Billetterie
+4";Public Company;tickandlive.com;
 COMETIK;Lille, Nord, Hauts-de-France, France, Lille, Europe;38;Technology, Information and Internet;2005;création de sites Internet and Référencement de sites Internet;Privately Held;nova-seo.com;
 Stellar Invest;Paris, Paris, Île-De-France, France, Europe;27;Financial Services;2024;"gestion privée
+9";Privately Held;hugedomains.com;
 3Dsoft - MecaPlanning;Paris, Paris, Île-De-France, France, Europe;36;Software Development;1994;"organisation
+10";Privately Held;3dsoft.fr;
 enioka;Paris, Paris, Île-De-France, France, Europe;71;IT Services and IT Consulting;2008;"IT Strategy
+3";Privately Held;enioka.com;
 HORANET;Fontenay-le-Comte, Vendée, Pays de la Loire, France, Fontenay-le-Comte, Europe;70;IT Services and IT Consulting;1999;;Privately Held;horanet.com;
 YATEO;Paris, Paris, Île-De-France, France, Europe;34;Technology, Information and Internet;2006;"Conception création de sites web
+5";Privately Held;yateo.com;
 ICube-SERTIT;Illkirch-Graffenstaden, Bas-Rhin, Grand Est, France, Strasbourg, Europe;25;IT Services and IT Consulting;1986;"TélédétectionSIG
+6";Government Agency;unistra.fr;
 Optiago (ex Nomad);Lyon, Rhône, Auvergne-Rhône-Alpes, France, Lyon, Europe;29;IT Services and IT Consulting;2020;"Personnes en situation de handicapTPMR
+9";Privately Held;optiago.fr;
 Oliverlist;Paris, Paris, Île-De-France, France, Europe;43;Software Development;2018;"cold e-mail
+5";Privately Held;oliverlist.com;
 WAPSI ESN BITD;Paris, Paris, Île-De-France, France, Europe;37;IT Services and IT Consulting;2014;"Performance
+16";Privately Held;wapsi.fr;
 ELSYLOG;Chambéry, Savoie, Auvergne-Rhône-Alpes, France, Chambéry, Europe;30;Software Development;2012;"Conception et fabrication de matériel.
+9";Self-Owned;elsylog.com;
 Marlink Cyber;Paris, Paris, Île-De-France, France, Europe;103;IT Services and IT Consulting;;"Information Security Assessments
+8";Privately Held;marlink.com;
 iZZi;Brive-la-Gaillarde, Corrèze, Nouvelle-Aquitaine, France, Brive-la-Gaillarde, Europe;37;Technology, Information and Internet;2010;"Création de sites Internet
+13";Partnership;izziweb.fr;
 Amalia;Ourlet, Nord, Hauts-de-France, France, Lille, Europe;26;Software Development;2020;"Sales Compensation Management
+7";Privately Held;amalia.com;
 Foxglove-Partner;Paris, Paris, Île-De-France, France, Europe;23;Technology, Information and Internet;2018;"SEORéférencement
+10";Privately Held;foxglove-partner.com;
 HORIZON, Agence de Communication Digitale;Toulouse, Haute-Garonne, Occitanie, France, Toulouse, Europe;47;Technology, Information and Internet;2012;"communication digitale
+13";Privately Held;hrz.fr;
 ZOL;Lyon, Rhône, Auvergne-Rhône-Alpes, France, Lyon, Europe;54;Technology, Information and Internet;2005;"PHPJS
+32";Privately Held;zol.fr;
 FIDUCIAL Conseil;Lyon, Rhône, Auvergne-Rhône-Alpes, France, Lyon, Europe;47;Financial Services;;;Partnership;fiducial.fr;
 Green-SI by PROXIAD;Paris, Paris, Île-De-France, France, Europe;26;IT Services and IT Consulting;;;Privately Held;proxiad.com;
 Smart & Connective;Valbonne, Alpes-Maritimes, Provence-Alpes-Côte D'Azur, France, Grasse, Europe;21;IT Services and IT Consulting;;"Smart Hotel
+8";Privately Held;smartandconnective.com;
 EDAF;Lampertheim, Bas-Rhin, Grand Est, France, Strasbourg, Europe;60;Financial Services;2020;"Comptabilité
+19";Privately Held;e-daf.io;
 Veremes;Perpignan, Pyrénées-Orientales, Occitanie, France, Perpignan, Europe;34;IT Services and IT Consulting;2003;"Prestation
+11";Privately Held;veremes.com;
 OXUS Group;Paris, Paris, Île-De-France, France, Europe;125;Financial Services;2005;"Microfinance
+3";Privately Held;oxus.fr;
 Smart Traffik;Montreuil, Seine-Saint-Denis, Île-De-France, France, Bobigny, Europe;37;Technology, Information and Internet;2012;"Mesure efficacité média
+3";Privately Held;smart-traffik.com;
 JLL Solutions IT;Bois-Colombes, Hauts-de-Seine, Île-De-France, France, Nanterre, Europe;35;IT Services and IT Consulting;;"Matériels Informatique
+7";Privately Held;jll.net;
 Celios;Limoges, Haute-Vienne, Nouvelle-Aquitaine, France, Limoges, Europe;107;IT Services and IT Consulting;2011;"Informatique
+3";Self-Owned;celios.fr;
 AZIMUT;Édon, Charente, Nouvelle-Aquitaine, France, Angoulême, Europe;25;Financial Services;2015;"Evaluation et amélioration des modélisations financières
+10";Privately Held;azimut.fr;
 1PACTE LITTORAL - GROUPE HEXAPAGE;Roquefort-la-Bédoule, Bouches-du-Rhône, Provence-Alpes-Côte D'Azur, France, 1er Arr., Europe;27;IT Services and IT Consulting;1987;"SOLUTIONS D IMPRESSION
+23";Self-Owned;1pactelittoral.fr;
 TimSoft;Paris, Paris, Île-De-France, France, Europe;24;IT Services and IT Consulting;1996;"Applications métier à interface
+7";Partnership;timsoft.fr;
 TSplus Group;Lyon, Rhône, Auvergne-Rhône-Alpes, France, Lyon, Europe;78;Software Development;2005;"Remote DesktopRDS
+19";Privately Held;tsplus.net;
 Ekkio Capital;Paris, Paris, Île-De-France, France, Europe;22;Financial Services;2001;Private Equity and Capital Growth;Privately Held;ekkio.com;
 Pristine;Paris, Paris, Île-De-France, France, Europe;44;Financial Services;;"Fiducie
+31";Privately Held;pristine.co;
 Somudimec;Lyon, Rhône, Auvergne-Rhône-Alpes, France, Lyon, Europe;26;Financial Services;1977;"Transmission
+19";Self-Owned;somudimec.fr;
 BATIROC BPL;Orvault, Loire-Atlantique, Pays de la Loire, France, Nantes, Europe;22;Financial Services;1994;"Crédit-bail immobilierCBI
+2";Privately Held;batirocbpl.fr;
 NetCeler;Veynes, Hautes-Alpes, Provence-Alpes-Côte D'Azur, France, Gap, Europe;85;Software Development;1997;"Monitoring environnemental critique
+3";Partnership;netceler.com;
 Bedford Consulting France;Paris, Paris, Île-De-France, France, Europe;32;IT Services and IT Consulting;2021;"S&OPPlanification de la demande
+11";Privately Held;bedfordconsulting.fr;
 Groupe Bellon | ERP Agroalimentaire;Chevilly-Larue, Val-de-Marne, Île-De-France, France, L'Haÿ-les-Roses, Europe;33;Software Development;1985;"agro alimentaireerp
+4";Privately Held;groupe-bellon.fr;
 olome;Lille, Hauts-De-France, France;20;IT Services and IT Consulting;2020;"PMITransformation Numérique
+7";Partnership;hugedomains.com;
 MOCA by ASI;St.-Herblain, Loire-Atlantique, Pays de la Loire, France, Nantes, Europe;158;IT Services and IT Consulting;2022;"Modern Workplace
+19";Privately Held;asi.fr;
 Medialog;Paris, Paris, Île-De-France, France, Europe;51;Software Development;1988;"Logiciel de gestion hôtelière
+7";Privately Held;medialog.fr;
 Ubudu;Paris, Paris, Île-De-France, France, Europe;20;Software Development;2011;"Bluetooth Low EnergyRFID
+12";Privately Held;ubudu.com;
 GroupeVital-France;Neuilly-sur-Seine, Hauts-de-Seine, Île-De-France, France, Nanterre, Europe;243;IT Services and IT Consulting;1998;"Production
+9";Privately Held;groupe-vital.com;
 SEMANTIWEB | Groupe EDG;Levallois-Perret, Hauts-de-Seine, Île-De-France, France, Nanterre, Europe;66;Technology, Information and Internet;2011;"Text Mining
+17";Privately Held;semantiweb.fr;
 AKYOS Communication;Dijon, Côte-d'Or, Bourgogne-Franche-Comté, France, Dijon, Europe;25;Technology, Information and Internet;2006;"DéveloppementSEO
+22";Privately Held;akyos.com;
 Eximium;Romans-sur-Isère, Drôme, Auvergne-Rhône-Alpes, France, Valence, Europe;33;Financial Services;2004;;Privately Held;eximium.fr;
 GEST ON LINE;Salon-de-Provence, Bouches-du-Rhône, Provence-Alpes-Côte D'Azur, France, Aix-en-Provence, Europe;43;Software Development;2000;"Logiciels d'audit financier
+13";Privately Held;gestonline.com;
 Xeilos Trading Academy;Nice, Alpes-Maritimes, Provence-Alpes-Côte D'Azur, France, Nice, Europe;34;Financial Services;2022;"tradingmarchés financiers
+4";Educational;xeilos.fr;
 Openeat;Paris, Paris, Île-De-France, France, Europe;29;Financial Services;2020;"Fintech
+2";Privately Held;openeat.fr;
 SINORFI;Paris, Paris, Île-De-France, France, Europe;41;IT Services and IT Consulting;2003;"IBM Maximo
+19";Privately Held;sinorfi.com;
 VAZIVA;Paris, Paris, Île-De-France, France, Europe;40;Financial Services;2015;;Privately Held;vaziva.com;
 Neogeo Technologies;Toulouse, Haute-Garonne, Occitanie, France, Toulouse, Europe;38;Software Development;2008;"Open Data geographique
+3";Privately Held;neogeo.fr;
 Bimp;Limonest, Rhône, Auvergne-Rhône-Alpes, France, Lyon, Europe;108;IT Services and IT Consulting;1980;"Appleformation informatique
+8";Privately Held;bimp.fr;
 Carvivo;Paris, Paris, Île-De-France, France, Europe;29;Software Development;;;Privately Held;carvivo.com;
 MYLEGITECH;Bretteville-sur-Odon, Calvados, Normandie, France, Caen, Europe;24;Software Development;2018;"Signature électronique
+19";Privately Held;mylegitech.com;
 Carax;Paris, Paris, Île-De-France, France, Europe;43;Financial Services;1999;"Cash equity
+13";Privately Held;offi.fr;
 Impala;Paris, Paris, Île-De-France, France, Europe;56;IT Services and IT Consulting;2016;"EdTech
+9";Privately Held;brandforce.com;
 Clovis;Courbevoie, Hauts-de-Seine, Île-De-France, France, Nanterre, Europe;36;Financial Services;2020;;Self-Owned;clovis.fr;
 EALICO;Paris, Paris, Île-De-France, France, Europe;31;IT Services and IT Consulting;2016;"NumériqueDigital
+6";Self-Owned;ealico.com;
 DT Master Carbon;Paris, Paris, Île-De-France, France, Europe;22;Technology, Information and Internet;2023;"Sustainability
+8";Privately Held;dtmastercarbon.net;
 MONETIK;Chatou, Yvelines, Île-De-France, France, Saint-Germain-en-Laye, Europe;64;IT Services and IT Consulting;2005;"Gestion des espèces
+3";Privately Held;monetik.fr;
 Ecofinance Groupe;Blagnac, Haute-Garonne, Occitanie, France, Toulouse, Europe;40;Financial Services;1997;;Privately Held;ecofinance.fr;
 Eurelis;Courbevoie, Hauts-de-Seine, Île-De-France, France, Nanterre, Europe;25;IT Services and IT Consulting;2001;"Ingénierie digitale
+22";Partnership;eurelis.com;
 Archipelia;Villeneuve-d'Ascq, Nord, Hauts-de-France, France, Lille, Europe;22;Software Development;2004;"ERPSaaS
+12";Privately Held;archipelia.com;
 Tweag by Modus Create;Paris, Paris, Île-De-France, France, Europe;46;Software Development;2013;"distributed computing
+16";Privately Held;tweag.io;
 DIGITALIANCE;Cormontreuil, Marne, Grand Est, France, Reims, Europe;30;IT Services and IT Consulting;1977;"Informatique
+19";Partnership;digitaliance.fr;
 ModuloTech;Issy-les-Moulineaux, Hauts-de-Seine, Île-De-France, France, Boulogne-Billancourt, Europe;37;Software Development;2011;"Développement
+5";Partnership;modulotech.fr;
 Agendize;Troyes, Aube, Grand Est, France, Troyes, Europe;24;Technology, Information and Internet;2003;"Customer engagment software
+5";Privately Held;agendize.com;
 OTO Technology IT;Levallois-Perret, Hauts-de-Seine, Île-De-France, France, Nanterre, Europe;42;IT Services and IT Consulting;2011;"Sécurité informatique
+15";Privately Held;oto-technology.fr;
 Opencell;Clichy, Hauts-de-Seine, Île-De-France, France, Nanterre, Europe;47;Software Development;2015;"billingAgileMonetization
+11";Privately Held;com.au;
 Voyelle;Cesson-Sévigné, Ille-et-Vilaine, Bretagne, France, Rennes, Europe;26;Technology, Information and Internet;2006;"formation web
+11";Privately Held;voyelle.fr;
 Ask for the moon;Paris, Paris, Île-De-France, France, Europe;30;Software Development;2018;"Generative AILLM
+5";Privately Held;askforthemoon.com;
 Deepidoo;Lyon, Rhône, Auvergne-Rhône-Alpes, France, Lyon, Europe;27;Software Development;2013;"Marketing olfactif
+7";Self-Owned;deepidoo.com;
 ISILOG;St.-Herblain, Loire-Atlantique, Pays de la Loire, France, Nantes, Europe;100;Software Development;1992;"ITSMProjects Management
+7";Privately Held;isilog.fr;
 TEC3H;La Mézière, Ille-et-Vilaine, Bretagne, France, Rennes, Europe;22;Software Development;;;Privately Held;tec3h.fr;
 UERP;Suresnes, Hauts-de-Seine, Île-De-France, France, Nanterre, Europe;32;IT Services and IT Consulting;2009;"Digital Transformation
+20";Privately Held;uerp.com;
 Vibrantzz Management Services.;Indre, Centre-Val de Loire, France, Châteauroux, Europe;35;IT Services and IT Consulting;;"IT Services
+12";Self-Owned;vibrantz.com;
 Gifteo;Lyon, Rhône, Auvergne-Rhône-Alpes, France, Lyon, Europe;69;Technology, Information and Internet;;"CSETPEPME
+6";Privately Held;gifteo.fr;
 Honoré Gaming;Paris, Paris, Île-De-France, France, Europe;55;Software Development;;Big Data and Sport;Privately Held;honoregaming.fr;
 IRIS Interactive - Agence conseil en communication digitale;Le Puy-en-Velay, Haute-Loire, Auvergne-Rhône-Alpes, France, Le Puy-en-Velay, Europe;40;Technology, Information and Internet;2002;"Communication
+4";Privately Held;irisinteractive.com;
 Newco-AI SAS - Webdrone;Dijon, Côte-d'Or, Bourgogne-Franche-Comté, France, Dijon, Europe;31;IT Services and IT Consulting;2011;"Intelligence économique
+5";Privately Held;courdecassation.fr;
 BPCE Achats & Services;Paris, Paris, Île-De-France, France, Europe;158;Financial Services;1987;;Privately Held;groupebpce.com;
 WAZOLAB;Pérols, Hérault, Occitanie, France, Montpellier, Europe;42;IT Services and IT Consulting;2011;;Privately Held;wazolab.fr;
 OASIS Projet;Saint-Étienne-du-Rouvray, Seine-Maritime, Normandie, France, Rouen, Europe;39;Technology, Information and Internet;2003;"e-commerceBtoB
+13";Privately Held;oasis-projet.com;
 bobbee;Paris, Paris, Île-De-France, France, Europe;22;Software Development;2019;"Expertise-comptable
+9";Privately Held;bobbee.co;
 AVI;Vaulx-en-Velin, Rhône, Auvergne-Rhône-Alpes, France, Lyon, Europe;90;IT Services and IT Consulting;1999;;Privately Held;av-i.fr;
 Data Driven;Paris, Paris, Île-De-France, France, Europe;22;Technology, Information and Internet;2020;"analytics
+4";Privately Held;datadriven.fr;
 NEXUS/FRANCE;Grenoble, Isère, Auvergne-Rhône-Alpes, France, Grenoble, Europe;67;IT Services and IT Consulting;1988;;Partnership;nexus.fr;
 DK GROUP;Flers-en-Escrebieux, Nord, Hauts-de-France, France, Douai, Europe;183;Technology, Information and Internet;2004;;Privately Held;dkgroup.fr;
 CD2I Commercial, Data, IA & Impact;Paris, Paris, Île-De-France, France, Europe;87;Financial Services;2021;"Gestion de patrimoine
+16";Privately Held;hellowork.com;
 uh!ive;Paris, Paris, Île-De-France, France, Europe;31;Software Development;2011;"Call Intelligence
+10";Privately Held;uh.live;
 Assurland;Paris, Paris, Île-De-France, France, Europe;31;Technology, Information and Internet;2000;"e-marketing
+3";Privately Held;assurland.com;
 Big Apps;Rosny-sous-Bois, Seine-Saint-Denis, Île-De-France, France, Bobigny, Europe;26;IT Services and IT Consulting;2014;"BigData
+12";Privately Held;bigapps.fr;
 Doing;Saint-Étienne, Loire, Auvergne-Rhône-Alpes, France, Saint-Étienne, Europe;53;Software Development;1992;"application métier (web / mobile)
+11";Privately Held;doing.fr;
 Wanadev;Lyon, Rhône, Auvergne-Rhône-Alpes, France, Lyon, Europe;51;Technology, Information and Internet;2009;"Sites internet dédiés
+12";Privately Held;wanadevdigital.fr;
 MiTrust;Puteaux, Hauts-de-Seine, Île-De-France, France, Nanterre, Europe;25;Technology, Information and Internet;2018;;Privately Held;mitrust.fr;
 NOFIA S.A;Corte, Haute-Corse, Corse, France, Corte, Europe;61;Financial Services;;;Privately Held;nofia-sa.finance;
 SIRFULL;Schiltigheim, Bas-Rhin, Grand Est, France, Strasbourg, Europe;30;Software Development;2011;"Édition de logiciels
+8";Privately Held;sirfull.com;
 Groupe Osmozium;Versailles, Yvelines, Île-De-France, France, Versailles, Europe;60;IT Services and IT Consulting;2002;"IT Management
+12";Partnership;osmozium.com;
 KNP Labs;Nantes, Loire-Atlantique, Pays de la Loire, France, Nantes, Europe;36;Software Development;2009;"BehatMongoDB
+19";Privately Held;knplabs.com;
 TalentPlug;Villeneuve-D'ascq, Hauts-De-France, France;35;Software Development;2010;"Multidiffusion d'offres d'emploi
+4";Privately Held;talentplug.com;
 SEPEFREI Junior-Entreprise;Villejuif, Val-de-Marne, Île-De-France, France, L'Haÿ-les-Roses, Europe;38;IT Services and IT Consulting;1985;"Technologies de l'information et de la communication
+11";Nonprofit;sepefrei.fr;
 ADVANCE-IT Group;Bourcefranc-le-Chapus, Charente-Maritime, Nouvelle-Aquitaine, France, Rochefort, Europe;24;IT Services and IT Consulting;2015;"Infogérance
+5";Privately Held;advance-it.com;
 Emeria Technologies;Paris, Paris, Île-De-France, France, Europe;100;Software Development;2018;;Privately Held;teamtailor.com;
 Wokine;Lille, Nord, Hauts-de-France, France, Lille, Europe;21;Technology, Information and Internet;2004;"agence digitale
+5";Privately Held;wokine.com;
 PIMAN Digital Partners;Limonest, Rhône, Auvergne-Rhône-Alpes, France, Lyon, Europe;20;IT Services and IT Consulting;;"Data Management
+16";Partnership;piman-group.fr;
 Alliances Informatique de Gestion;Vandœuvre-lès-Nancy, Meurthe-et-Moselle, Grand Est, France, Nancy, Europe;35;Software Development;1992;;Privately Held;aig.fr;
 Veolia | Software Solutions;Marseille, Bouches-du-Rhône, Provence-Alpes-Côte D'Azur, France, 1er Arr., Europe;186;Software Development;1976;"Editeur solutions digitales
+9";Self-Owned;somei.fr;
 XPEHO;Lezennes, Nord, Hauts-de-France, France, Lille, Europe;24;IT Services and IT Consulting;2016;"Mobilité
+16";Privately Held;xpeho.com;
 Extrabat Logiciel;Angoulême, Charente, Nouvelle-Aquitaine, France, Angoulême, Europe;51;Software Development;;;Privately Held;extrabat.com;
 Totem Entertainment (Totem Media);Vélizy-Villacoublay, Yvelines, Île-De-France, France, Versailles, Europe;24;Technology, Information and Internet;1999;;Privately Held;hugedomains.com;
 nakama;Lyon, Rhône, Auvergne-Rhône-Alpes, France, Lyon, Europe;63;IT Services and IT Consulting;2019;;Privately Held;nakama.io;
 DM TECHNOLOGY;Paris, Paris, Île-De-France, France, Europe;39;IT Services and IT Consulting;2018;"Servicenow
+2";Privately Held;dmtechnology.fr;
 Anisen;Labège, Occitanie, France;23;IT Services and IT Consulting;2015;"Secteur EHPAD/SSP
+10";Self-Employed;anisen.fr;
 SYNERCOM;Paris, Paris, Île-De-France, France, Europe;35;Financial Services;1986;"Cession d'entreprises
+5";Partnership;synercom.fr;
 Avent Media | groupe Olyn;Paris, Paris, Île-De-France, France, Europe;61;Technology, Information and Internet;;SEO;Privately Held;avent-media.fr;
 Inaubi;Villeneuve-d'Ascq, Nord, Hauts-de-France, France, Lille, Europe;40;IT Services and IT Consulting;2015;"Chrome
+14";Partnership;inaubi.fr;
 Filib;France, Europe;22;Financial Services;2017;"finance
+19";Privately Held;filib.fr;
 Green acres;Paris, Paris, Île-De-France, France, Europe;122;Technology, Information and Internet;2004;"Internet
+5";Privately Held;green-acres.fr;
 Reelevant;Paris, Paris, Île-De-France, France, Europe;29;Technology, Information and Internet;2018;"Technology
+5";Privately Held;reelevant.com;
 Fives CortX;Vénissieux, Rhône, Auvergne-Rhône-Alpes, France, Lyon, Europe;45;Software Development;2017;"Data Science
+13";Privately Held;fivesgroup.com;
 Inarix;Paris, Paris, Île-De-France, France, Europe;29;IT Services and IT Consulting;2018;"AIArtificial Intelligence
+6";Privately Held;inarix.com;
 Marlink Cyber;Paris, Paris, Île-De-France, France, Europe;82;IT Services and IT Consulting;;"Information Security Assessments
+8";Privately Held;marlink.com;
 LIBERTIFY;Paris, Paris, Île-De-France, France, Europe;35;Technology, Information and Internet;2021;;Self-Owned;libertify.com;
 Komeet Technologies;Paris, Paris, Île-De-France, France, Europe;28;IT Services and IT Consulting;2021;"DataCloud
+11";Privately Held;komeet.tech;
 Olaqin;Suresnes, Hauts-de-Seine, Île-De-France, France, Nanterre, Europe;74;IT Services and IT Consulting;;"SESAM Vitale
+7";Privately Held;olaqin.fr;
 Optélios Groupe;Paris, Paris, Île-De-France, France, Europe;47;Financial Services;2012;;Privately Held;optelios-groupe.com;
 AGILIA TECHNOLOGY;Entzheim, Bas-Rhin, Grand Est, France, Strasbourg, Europe;49;Software Development;2017;;Partnership;agilia-technology.com;
 SAFARI TECHNOLOGIES;Saint-Denis, Seine-Saint-Denis, Île-De-France, France, Saint-Denis, Europe;23;IT Services and IT Consulting;2012;"Services Informatiques
+20";Privately Held;hugedomains.com;
 Sefas Innovation;Ivry-sur-Seine, Val-de-Marne, Île-De-France, France, Créteil, Europe;78;Software Development;1991;"Moteur de composition
+14";Privately Held;sefasinnovation.fr;
 DT Master Nature;Paris, Paris, Île-De-France, France, Europe;23;Technology, Information and Internet;2023;"Sustainability
+8";Privately Held;dtmastercarbon.net;
 Symalean;La Chapelle-Achard, Vendée, Pays de la Loire, France, Les Sables-d'Olonne, Europe;31;Software Development;;;Privately Held;symalean.com;
 IT BUBBLY;Levallois-Perret, Hauts-de-Seine, Île-De-France, France, Nanterre, Europe;24;IT Services and IT Consulting;2014;"ProjetHelpdesk – Assistance Utilisateur – Support De Proximité
+18";Privately Held;itbubbly.com;
 iTop by Combodo;Échirolles, Isère, Auvergne-Rhône-Alpes, France, Grenoble, Europe;43;Software Development;2010;"CMDB et gestion de services
+5";Privately Held;combodo.com;
 Simphonis;Beaucouzé, Maine-et-Loire, Pays de la Loire, France, Angers, Europe;84;IT Services and IT Consulting;2005;"Transformation digitale
+17";Privately Held;simphonis.com;
 DSD System;Nord, Hauts-de-France, France, Lille, Europe;83;IT Services and IT Consulting;2003;"GMAO ALTAIR
+11";Privately Held;dsdsystem.fr;
 OXYL;Arcueil, Val-de-Marne, Île-De-France, France, L'Haÿ-les-Roses, Europe;175;IT Services and IT Consulting;2017;"JavaSpring
+7";Privately Held;oxyl.fr;
 Sirac;Colombes, Hauts-de-Seine, Île-De-France, France, Nanterre, Europe;31;Technology, Information and Internet;1980;"Gestion de Flottes
+2";Privately Held;sirac.fr;
 ARTAL TECHNOLOGIES;Ramonville-Saint-Agne, Haute-Garonne, Occitanie, France, Toulouse, Europe;49;Software Development;1998;"Systèmes Embarqués
+5";Partnership;artal-group.com;
 Actionable;Paris, Paris, Île-De-France, France, Europe;27;Software Development;2024;;Privately Held;snagged.com;
 Twenga Solutions;Paris, Paris, Île-De-France, France, Europe;25;Technology, Information and Internet;2006;"shopping search engine
+8";Privately Held;twenga-solutions.com;
 ICC Finance;Colomiers, Haute-Garonne, Occitanie, France, Toulouse, Europe;99;Financial Services;2011;"Crédit immobilier
+3";Privately Held;hugedomains.com;
 Magma Ambassador;Paris, Paris, Île-De-France, France, Europe;20;Software Development;2020;"Ambassador Led Growth
+4";Privately Held;magma.app;
 BeProject;Mazamet, Tarn, Occitanie, France, Castres, Europe;27;Software Development;2004;"Informatique
+8";Privately Held;beproject.fr;
 Gigalis;Nantes, Loire-Atlantique, Pays de la Loire, France, Nantes, Europe;25;IT Services and IT Consulting;2000;"Télécommunications
+11";Government Agency;gigalis.org;
 Wiztrust;Paris, Paris, Île-De-France, France, Europe;41;Software Development;2014;"Logiciels professionnels
+8";Privately Held;wiztrust.com;
 SERLI;Chasseneuil-du-Poitou, Vienne, Nouvelle-Aquitaine, France, Poitiers, Europe;93;IT Services and IT Consulting;1981;"Innovation
+16";Privately Held;serli.com;
 ACE DIGITALe;Lyon, Rhône, Auvergne-Rhône-Alpes, France, Lyon, Europe;27;IT Services and IT Consulting;2018;"Infrastructure
+11";Partnership;acedigitale.com;
 Wemoov;Carquefou, Loire-Atlantique, Pays de la Loire, France, Nantes, Europe;42;IT Services and IT Consulting;2017;"Montage vidéo automatiséSaaS
+9";Partnership;wemoov.fr;
 INTEGRASOFT Expert Sage X3;Colombes, Hauts-de-Seine, Île-De-France, France, Nanterre, Europe;23;IT Services and IT Consulting;2021;"ERPCONSEIL
+29";Self-Owned;integrasoft.fr;
 NOVALYS;Boulogne-Billancourt, Hauts-de-Seine, Île-De-France, France, Boulogne-Billancourt, Europe;30;Software Development;1998;"Code Analyzer
+19";Privately Held;novalys.net;
 Access Group;Annecy, Haute-Savoie, Auvergne-Rhône-Alpes, France, Annecy, Europe;61;IT Services and IT Consulting;1987;"services informatiques
+30";Partnership;access.com;
 Orfeo.pro;Rennes, Ille-et-Vilaine, Bretagne, France, Rennes, Europe;67;Software Development;2012;"diffusion
+19";Partnership;orfeo.pro;
 monAlbumPhoto.fr;Paris, Paris, Île-De-France, France, Europe;35;Technology, Information and Internet;;"Faire-parts
+8";Partnership;photobox.fr;
 KEYPROD;Montereau-sur-le-Jard, Seine-et-Marne, Île-De-France, France, Melun, Europe;30;Software Development;2019;;Privately Held;keyprod.com;
 Alyor;Paris, Paris, Île-De-France, France, Europe;98;Financial Services;;;Privately Held;alyor.fr;
 Araïko;Lyon, Rhône, Auvergne-Rhône-Alpes, France, Lyon, Europe;26;Software Development;2019;"Intelligence artificielle
+5";Privately Held;araiko.ai;
 EMB France;Sèvres, Hauts-de-Seine, Île-De-France, France, Boulogne-Billancourt, Europe;39;IT Services and IT Consulting;2001;"e-database management
+3";Privately Held;mappy.com;
 SRCI;Chartres, Eure-et-Loir, Centre-Val de Loire, France, Chartres, Europe;24;Software Development;1986;;Privately Held;srci.fr;
 KNAVE;Paris, Paris, Île-De-France, France, Europe;28;Financial Services;2019;"Location Véhicules électriques
+12";Privately Held;telepathy.com;
 Open Source Software ENSI Club;Gradignan, Gironde, Nouvelle-Aquitaine, France, Bordeaux, Europe;27;Software Development;2012;"Linux OS
+2";Educational;opensource.fr;
 SIMCO;Paris, Paris, Île-De-France, France, Europe;50;Financial Services;;"Finances Locales
+9";Privately Held;inedi.fr;
 MyBeezBox;Boulogne-Billancourt, Hauts-de-Seine, Île-De-France, France, Boulogne-Billancourt, Europe;26;Technology, Information and Internet;2015;"e-tourisme
+12";Privately Held;mybeezbox.fr;
 D'un Seul Geste;Paris, Paris, Île-De-France, France, Europe;23;Software Development;2018;"formation
+12";Self-Owned;dunseulgeste.fr;
 TheValueChain France;Paris, Paris, Île-De-France, France, Europe;61;IT Services and IT Consulting;;"Customer Interaction
+7";Public Company;thevaluechain.eu;
 FIDLEASE GROUPE;Écully, Rhône, Auvergne-Rhône-Alpes, France, Lyon, Europe;38;Financial Services;1996;;Privately Held;fidlease.fr;
 Maxxing;Marcq-En-Barœul, Hauts-De-France, France;42;Software Development;2009;"Gestion de la fidélité client / CRM
+5";Partnership;maxxing.com;
 Meosis;Horbourg-Wihr, Haut-Rhin, Grand Est, France, Colmar, Europe;75;Technology, Information and Internet;2011;"Création de Sites Web sur Mesure
+4";Privately Held;meosis.fr;
 SOLUTIONS INFORMATIQUES;La Garenne-Colombes, Hauts-de-Seine, Île-De-France, France, Nanterre, Europe;24;IT Services and IT Consulting;2004;"Réseaux
+7";Privately Held;solutionsinformatiques.fr;
 kyron solutions informatiques;Toulouse, Haute-Garonne, Occitanie, France, Toulouse, Europe;23;IT Services and IT Consulting;2003;"Audits & Conseil
+18";Privately Held;kyronsolutions.io;
 POLLEN;Moirans, Isère, Auvergne-Rhône-Alpes, France, Grenoble, Europe;22;Software Development;2014;"Image Processing
+14";Privately Held;pollen.fr;
 Billet Réduc';Ivry-sur-Seine, Val-de-Marne, Île-De-France, France, Créteil, Europe;22;Technology, Information and Internet;;"LoisirsThéâtre
+18";Privately Held;billetreduc.com;
 DECASOFT;Paris, Paris, Île-De-France, France, Europe;42;IT Services and IT Consulting;2004;"SymfonyREST
+17";Privately Held;decasoft.fr;
 Business Angels 35;Rennes, Ille-et-Vilaine, Bretagne, France, Rennes, Europe;24;Financial Services;2005;;Nonprofit;business-angels-35.fr;
 AGAMA Conseil;Paris, Paris, Île-De-France, France, Europe;38;Financial Services;2013;"Agréments et extensions des sociétés auprès des Autorités de Tutelle en France
+15";Privately Held;leadersleague.com;
 EDGE Consulting;Paris, Paris, Île-De-France, France, Europe;25;IT Services and IT Consulting;2019;"Consultant IT
+23";Privately Held;edgeconsulting.fr;
 Calimed Santé;Marseille, Bouches-du-Rhône, Provence-Alpes-Côte D'Azur, France, 1er Arr., Europe;24;Software Development;2007;"Gestion du dossier patient
+22";Partnership;calimed-sante.fr;
 EDGYN;Paris, Paris, Île-De-France, France, Europe;52;IT Services and IT Consulting;2000;"brand protection
+10";Privately Held;edgyn.eu;
 Yello;Paris, Paris, Île-De-France, France, Europe;34;Technology, Information and Internet;2015;"Payments
+13";Privately Held;yello.fr;
 OpenFire;Saint-Grégoire, Ille-et-Vilaine, Bretagne, France, Rennes, Europe;28;Software Development;2012;"Formation
+12";Privately Held;openfire.fr;
 INO CX;Paris, Paris, Île-De-France, France, Europe;33;Software Development;;"Software publisher
+19";Privately Held;ino.global;
 Vinci Investments;Courbevoie, Hauts-de-Seine, Île-De-France, France, Nanterre, Europe;71;Financial Services;2017;"finance de marché
+3";Nonprofit;cerfapp.fr;
 RestoPro et MangezNotez;Marseille, Bouches-du-Rhône, Provence-Alpes-Côte D'Azur, France, 1er Arr., Europe;31;Technology, Information and Internet;2013;"communication
+4";Partnership;mangeznotez.com;
 GO&UP;Paris, Paris, Île-De-France, France, Europe;25;IT Services and IT Consulting;2011;"MobileWeb
+14";Privately Held;goandup.fr;
 Tinitz;Jausiers, Alpes-de-Haute-Provence, Provence-Alpes-Côte D'Azur, France, Barcelonnette, Europe;24;Software Development;2019;"CRMERP
+14";Privately Held;tinitz.com;
 ARTEVA;Limonest, Rhône, Auvergne-Rhône-Alpes, France, Lyon, Europe;20;Software Development;2006;"EDI SaaS
+12";Privately Held;arteva.fr;
 ENTER;Bègles, Gironde, Nouvelle-Aquitaine, France, Bordeaux, Europe;21;IT Services and IT Consulting;2024;"numérique responsable
+19";Nonprofit;enter.co;
 Buybox;Toulouse, Haute-Garonne, Occitanie, France, Toulouse, Europe;58;Technology, Information and Internet;2010;"Digital Gift Card
+6";Privately Held;fruits.co;
 BraindCode;Levallois-Perret, Hauts-de-Seine, Île-De-France, France, Nanterre, Europe;24;Software Development;;;Privately Held;braindcode.com;
 LAURALBA CONSEIL;France, Europe;52;IT Services and IT Consulting;1998;"ITSourcing
+3";Partnership;lauralba.net;
 Cora Informatique;Metz, Moselle, Grand Est, France, Europe;207;IT Services and IT Consulting;1971;;Privately Held;118712.fr;
 APTINEO;France, Europe;25;IT Services and IT Consulting;2008;;Privately Held;aptineo.fr;
 Advenis REIM;Paris, Paris, Île-De-France, France, Europe;25;Financial Services;2017;"SCPIImmobilier
+3";Privately Held;advenis-reim.com;
 Triassic Solutions;Marseille, Bouches-du-Rhône, Provence-Alpes-Côte D'Azur, France, 1er Arr., Europe;106;IT Services and IT Consulting;2004;"Software Services
+12";Privately Held;triassicsolutions.com;
 Novaxiom;Villeurbanne, Rhône, Auvergne-Rhône-Alpes, France, Lyon, Europe;76;IT Services and IT Consulting;;"Informatique industrielle
+20";Privately Held;novaxiom.fr;
 MIMBUS;St.-Jean, Haute-Garonne, Occitanie, France, Toulouse, Europe;25;Software Development;2011;;Privately Held;mimbus.com;
 aYaline;Chasseneuil-du-Poitou, Vienne, Nouvelle-Aquitaine, France, Poitiers, Europe;36;IT Services and IT Consulting;1995;"e-commerce
+8";Privately Held;ayaline.com;
 Tekkare;Montrouge, Île-De-France, France;23;Technology, Information and Internet;2015;"Business Intelligence
+15";Privately Held;tekkare.com;
 Vimeet Events;Suresnes, Hauts-de-Seine, Île-De-France, France, Nanterre, Europe;47;Software Development;;"Organisation des rendez-vous d'affaires
+13";Privately Held;vimeet.events;
 Machina Capital;Paris, Paris, Île-De-France, France, Europe;23;Financial Services;2016;;Partnership;machinacap.com;
 BankKeys;Reims, Marne, Grand Est, France, Reims, Europe;25;Financial Services;2019;"Regroupement de crédits,
+7";Privately Held;bankkeys.com;
 Baryton;Serris, Seine-et-Marne, Île-De-France, France, Torcy, Europe;60;Software Development;1986;"ERPCRMBI
+10";Partnership;baryton.fr;
 INTESCIA GROUP;Issy-les-Moulineaux, Hauts-de-Seine, Île-De-France, France, Boulogne-Billancourt, Europe;134;IT Services and IT Consulting;1997;"marketingdata
+19";Privately Held;intescia-group.com;
 Eleven VMS;Paris, Paris, Île-De-France, France, Europe;48;Software Development;2013;"Rationalisation des achats
+19";Privately Held;elevenvms.com;
 BILANS SERVICE;Courbevoie, Hauts-de-Seine, Île-De-France, France, Nanterre, Europe;27;IT Services and IT Consulting;1985;Traitement de données;Partnership;bilans-service.fr;
 Pims;Paris, Paris, Île-De-France, France, Europe;41;Software Development;2016;"événement
+27";Privately Held;pims.io;
 STi Bureautique;Levallois-Perret, Hauts-de-Seine, Île-De-France, France, Nanterre, Europe;31;IT Services and IT Consulting;1989;"Photocopieurs
+12";Self-Owned;stibureautique.fr;
 KS Consulting;France, Europe;72;IT Services and IT Consulting;2013;"DigitalData Lab
+10";Privately Held;ksconsulting.com;
 Neolink filiale du groupe Berger-Levrault;Blois, Loir-et-Cher, Centre-Val de Loire, France, Blois, Europe;29;IT Services and IT Consulting;;"outil de CMS
+8";Partnership;berger-levrault.com;
 Freelance;Paris, Paris, Île-De-France, France, Europe;145;Technology, Information and Internet;2009;"Analytics
+4";Self-Owned;freelance.com;
 Subclic;Marseille, Bouches-du-Rhône, Provence-Alpes-Côte D'Azur, France, 1er Arr., Europe;35;Technology, Information and Internet;2017;"Batiment
+7";Privately Held;subclic.com;
 Doers Tech Enterprise Solutions Pvt Ltd;Crest, Drôme, Auvergne-Rhône-Alpes, France, Die, Europe;27;IT Services and IT Consulting;2017;"IT Services
+5";Privately Held;doerstech.com;
 B4Finance by RiskConcile;Paris, Paris, Île-De-France, France, Europe;24;Financial Services;;;Privately Held;main.nl;
 ALYCE;Sceaux, Hauts-de-Seine, Île-De-France, France, Antony, Europe;126;Software Development;2000;"Comptages
+19";Privately Held;alyce.fr;
 Priscus Finance;Paris, Paris, Île-De-France, France, Europe;37;Financial Services;2004;"Management Consulting
+10";Partnership;priscus.eu;
 Youdge;Levallois-Perret, Hauts-de-Seine, Île-De-France, France, Nanterre, Europe;21;Financial Services;2015;;Privately Held;youdge.com;
 Isagri Ingénierie;Tillé, Oise, Hauts-de-France, France, Beauvais, Europe;31;Software Development;1983;;Privately Held;isagri-ingenierie.fr;
 LA PHP Developers Group;Paris, Paris, Île-De-France, France, Europe;20;IT Services and IT Consulting;;PHP/Web Development;Nonprofit;simplyphp.com;
 Naomi;Lille, Nord, Hauts-de-France, France, Lille, Europe;89;Financial Services;2018;"Fidélisation
+4";Privately Held;naomi.fr;
 EOLIA Software - The ATS that simplifies your recruitment !;Dardilly, Rhône, Auvergne-Rhône-Alpes, France, Lyon, Europe;26;Software Development;2005;"ATS Recrutement
+6";Self-Owned;eolia-software.fr;
 ANANAS;Ballancourt-sur-Essonne, Essonne, Île-De-France, France, Évry, Europe;29;IT Services and IT Consulting;2020;;Partnership;ananas.fr;
 Fourseeds;La Madeleine, Nord, Hauts-de-France, France, Lille, Europe;20;Software Development;2019;;Public Company;fourseeds.io;
 TechAndTrust Consulting;Paris, Paris, Île-De-France, France, Europe;24;IT Services and IT Consulting;;;Privately Held;techandtrust.com;
 Reflect;Paris, Paris, Île-De-France, France, Europe;32;Software Development;2022;;Privately Held;puppet.com;
 Guimini;Paris, Paris, Île-De-France, France, Europe;47;IT Services and IT Consulting;2016;"Salesforce
+9";Privately Held;guimini.com;
 NATAN;Paris, Paris, Île-De-France, France, Europe;57;IT Services and IT Consulting;2004;"Conseil en ingénierie
+6";Privately Held;natan.fr;
 CIPAM;Clermont-Ferrand, Puy-de-Dôme, Auvergne-Rhône-Alpes, France, Clermont-Ferrand, Europe;29;IT Services and IT Consulting;1993;"RFIDCODE 2D
+13";Partnership;cipam.com;
 Netdev - Les Kings du web;Annecy, Haute-Savoie, Auvergne-Rhône-Alpes, France, Annecy, Europe;29;Technology, Information and Internet;2016;"Création de sites Internet
+19";Privately Held;netdev.fr;
 Movinmotion;Paris, Paris, Île-De-France, France, Europe;72;IT Services and IT Consulting;2012;"PaieGestion Sociale
+11";Privately Held;movinmotion.com;
 SPOTL;Paris, Paris, Île-De-France, France, Europe;22;Software Development;2020;Sous-titrage automatique post-édité;Privately Held;spotl.io;
 Wemap, Smart Maps;Montpellier, Occitanie, France;29;Software Development;2013;"mapscommunication
+14";Privately Held;getwemap.com;
 SRCI;Chartres, Eure-et-Loir, Centre-Val de Loire, France, Chartres, Europe;21;Software Development;1986;;Privately Held;srci.fr;
 ISI-COM;Perpignan, Pyrénées-Orientales, Occitanie, France, Perpignan, Europe;41;Software Development;1994;"Solution logicielle pour les services clients et les centres de contacts
+7";Privately Held;isi-com.com;
 AZIMUT;Larmor-Plage, Morbihan, Bretagne, France, Lorient, Europe;29;Technology, Information and Internet;1994;"Solutions numériques sur mesure
+15";Privately Held;azimut.fr;
 Novaliance;Malakoff, Hauts-de-Seine, Île-De-France, France, Antony, Europe;23;IT Services and IT Consulting;2008;"Conseil & Intégration
+6";Privately Held;novalliance.net;
 Mikadolabs;Courbevoie, Hauts-de-Seine, Île-De-France, France, Nanterre, Europe;20;IT Services and IT Consulting;2016;"Dockerdevops
+12";Partnership;mikadolabs.com;
 Drapo;Paris, Paris, Île-De-France, France, Europe;29;Financial Services;2015;"CEEEfficacité Énergétique
+3";Self-Owned;drapo.com;
 SCANTECH;Marignane, Bouches-du-Rhône, Provence-Alpes-Côte D'Azur, France, Istres, Europe;28;IT Services and IT Consulting;1993;"le marquage d'identifiants
+7";Privately Held;scantech.com;
 EsaLink;Bézannes, Marne, Grand Est, France, Reims, Europe;34;Software Development;2017;"EDIEAI
+30";Privately Held;esalink.com;
 GePI Conseil;Angers, Maine-et-Loire, Pays de la Loire, France, Angers, Europe;24;Software Development;2006;"logiciel DUI
+20";Privately Held;gepi-conseil.fr;
 IBAT;Les Pavillons-sous-Bois, Seine-Saint-Denis, Île-De-France, France, Bobigny, Europe;26;Software Development;2016;"consultation appels d'offres
+12";Partnership;ibat.com;
 1640 finance;Élancourt, Yvelines, Île-De-France, France, Rambouillet, Europe;43;Financial Services;2010;"Recouvrement
+2";Partnership;1640.fr;
 Mitek Systems, previously A2iA;Paris, Paris, Île-De-France, France, Europe;25;IT Services and IT Consulting;1991;"Data recognition with a focus on handwriting and unstructured content
+9";Privately Held;miteksystems.com;
 Atkan, intégrateur exclusif Anaplan;Paris, Paris, Île-De-France, France, Europe;45;IT Services and IT Consulting;2015;"Anaplan
+8";Partnership;atkan.fr;
 Clipper;Éguilles, Bouches-du-Rhône, Provence-Alpes-Côte D'Azur, France, Aix-en-Provence, Europe;139;Software Development;1987;"GPAOERP
+21";Privately Held;clipper.fr;
 ALTIMANCE;Anzin, Nord, Hauts-de-France, France, Valenciennes, Europe;160;IT Services and IT Consulting;2017;;Partnership;unea.fr;
 Normasys;Paris, Paris, Île-De-France, France, Europe;48;IT Services and IT Consulting;1998;;Privately Held;normasys.com;
 SquareMind;Paris, Paris, Île-De-France, France, Europe;20;Software Development;;"artificial intelligence
+2";Privately Held;squaremind.com;
 IP Twins;Paris, Paris, Île-De-France, France, Europe;23;Technology, Information and Internet;2002;"Domain names
+17";Privately Held;iptwins.com;
 Storyzy;Paris, Paris, Île-De-France, France, Europe;40;Technology, Information and Internet;2012;"Journalism
+17";Privately Held;storyzy.fr;
 THEIA;Paris, Paris, Île-De-France, France, Europe;21;Software Development;2006;Digital exams and Assessment on computers;Privately Held;theia.fr;
 AUTHENTIC Group;St.-Herblain, Loire-Atlantique, Pays de la Loire, France, Nantes, Europe;40;IT Services and IT Consulting;2004;"ERP Project
+7";Partnership;authentic.fr;
 akawan;Toulouse, Haute-Garonne, Occitanie, France, Toulouse, Europe;33;IT Services and IT Consulting;2015;"Virtualisation des systèmes d'information
+25";Partnership;akawan.com;
 Coyote Business Services;Bordeaux, Gironde, Nouvelle-Aquitaine, France, Bordeaux, Europe;39;IT Services and IT Consulting;2015;"Logistique
+9";Partnership;moncoyote.com;
 ELOSI;Villeneuve-d'Ascq, Nord, Hauts-de-France, France, Lille, Europe;86;IT Services and IT Consulting;2005;"Services informatiques
+12";Privately Held;elosi.com;
 TheAgent;Paris, Paris, Île-De-France, France, Europe;27;Technology, Information and Internet;2014;"FashionApparel
+8";Privately Held;theagent.com;
 eiG sas;Courbevoie, Île-De-France, France;97;Software Development;1980;"Logiciel de gestion
+22";Privately Held;eig.fr;
 AMJ-groupe;France, Europe;34;Technology, Information and Internet;1986;"Développement sur-mesure
+12";Privately Held;amj-groupe.com;
 Docoon.immo (ex Neovacom);Marseille, Bouches-du-Rhône, Provence-Alpes-Côte D'Azur, France, 1er Arr., Europe;27;IT Services and IT Consulting;2010;"Editeur de logiciel
+12";Partnership;docoon.immo;
 Exalog;Boulogne-Billancourt, Hauts-de-Seine, Île-De-France, France, Boulogne-Billancourt, Europe;43;Software Development;1984;"Gestion de trésorerie
+19";Partnership;exalog.io;
 Data Pulse;Paris, Paris, Île-De-France, France, Europe;24;IT Services and IT Consulting;2019;"DataPower BI
+6";Privately Held;data-pulse.fr;
 REFSA;Paris, Paris, Île-De-France, France, Europe;71;IT Services and IT Consulting;1996;"Conseil et Formation pour la mise en place de solutions BIM
+7";Privately Held;refsa.com;
 INGENIE;Le Cheylas, Isère, Auvergne-Rhône-Alpes, France, Grenoble, Europe;28;Technology, Information and Internet;2003;;Privately Held;ingenie.fr;
 Dalibo;Paris, Paris, Île-De-France, France, Europe;39;Software Development;2005;"PostgreSQL
+7";Privately Held;dalibo.com;
 GROUPE ROS DIGITAL;Chatou, Yvelines, Île-De-France, France, Saint-Germain-en-Laye, Europe;137;IT Services and IT Consulting;2001;"Bureautique
+20";Partnership;rosdigital.fr;
 Ricoh Industrie France S.A.S;Wettolsheim, Haut-Rhin, Grand Est, France, Colmar, Europe;203;IT Services and IT Consulting;1987;;Privately Held;ricoh-thermal.com;
 DIGITALISIM;Lyon, Rhône, Auvergne-Rhône-Alpes, France, Lyon, Europe;38;Technology, Information and Internet;2018;"Création Site Internet
+8";Privately Held;digitalisim.fr;
 SOMEI;Marseille, Bouches-du-Rhône, Provence-Alpes-Côte D'Azur, France, 1er Arr., Europe;182;Software Development;1976;"Editeur solutions digitales
+9";Self-Owned;somei.fr;
 Fluence;Paris, Paris, Île-De-France, France, Europe;22;Financial Services;2011;;Privately Held;fluence.eu;
 Intuitiv interactive;Lyon, Rhône, Auvergne-Rhône-Alpes, France, Lyon, Europe;35;IT Services and IT Consulting;2005;"Consulting des NTIC
+6";Privately Held;intuitiv.fr;
 TORUS AI;Ramonville-Saint-Agne, Haute-Garonne, Occitanie, France, Toulouse, Europe;26;Software Development;2019;"artificial intelligence
+16";Privately Held;torusai.io;
 The Information Lab France;Paris, Paris, Île-De-France, France, Europe;40;IT Services and IT Consulting;2015;"TableauAlteryx
+12";Privately Held;theinformationlab.com;
 Flexam Invest;Paris, Paris, Île-De-France, France, Europe;23;Financial Services;2011;;Self-Employed;flexaminvest.com;
 SAM Informatique - Groupe SAM;Neufchâteau, Vosges, Grand Est, France, Neufchâteau, Europe;51;IT Services and IT Consulting;2001;"Informatique
+5";Privately Held;bispro.fr;
 Agence Dioqa;Ancenis, Loire-Atlantique, Pays de la Loire, France, Ancenis, Europe;23;Technology, Information and Internet;2014;"Sites internet
+9";Privately Held;dioqa.com;
 Déessi;Clichy, Hauts-de-Seine, Île-De-France, France, Nanterre, Europe;55;IT Services and IT Consulting;1999;"infogérance
+10";Privately Held;deessi.fr;
 SEMAPHORS;Saint-Grégoire, Ille-et-Vilaine, Bretagne, France, Rennes, Europe;28;IT Services and IT Consulting;1996;"Intégration de logiciels médicaux
+4";Privately Held;semaphors.com;
 première.page;Anglet, Pyrénées-Atlantiques, Nouvelle-Aquitaine, France, Bayonne, Europe;33;Technology, Information and Internet;2013;"seoréferencement
+12";Privately Held;premierepage.fr;
 Nsigma Junior-Entreprise;Saint-Martin-d'Hères, Isère, Auvergne-Rhône-Alpes, France, Grenoble, Europe;42;IT Services and IT Consulting;1980;"AIData Science
+11";Nonprofit;nsigma.fr;
 Fibus | Receivables Finance & Trade Credit Advisory;Neuilly-sur-Seine, Hauts-de-Seine, Île-De-France, France, Nanterre, Europe;65;Financial Services;2005;"Factoring
+19";Privately Held;fibus.com;
 Les Hermines;Paris, Paris, Île-De-France, France, Europe;29;Financial Services;;;Self-Owned;hermines.eu;
 Sixthfin;Paris, Paris, Île-De-France, France, Europe;25;Software Development;2020;"AuditDataviz
+9";Partnership;sixthfin.com;
 VAL Software;Blagnac, Haute-Garonne, Occitanie, France, Toulouse, Europe;69;IT Services and IT Consulting;1986;"gestion de la formation
+22";Privately Held;valsoftware.com;
 Cotton Bird;Croix, Nord, Hauts-de-France, France, Lille, Europe;46;Technology, Information and Internet;2011;"Faire-part de mariage
+4";Privately Held;cottonbird.fr;
 Sixaxe;Rueil-Malmaison, Hauts-de-Seine, Île-De-France, France, Nanterre, Europe;40;IT Services and IT Consulting;;"Workforce Management
+19";Partnership;sixaxe.com;
 Usual;Paris, Paris, Île-De-France, France, Europe;22;Financial Services;2022;;Privately Held;usual.io;
 Intempora;Paris, Paris, Île-De-France, France, Europe;22;Software Development;2000;"Software development
+22";Privately Held;intempora.fr;
 Advize;Nice, Alpes-Maritimes, Provence-Alpes-Côte D'Azur, France, Nice, Europe;25;Financial Services;2012;"FinTechEpargne
+3";Privately Held;advize.fr;
 VIOUSLY;Paris, Paris, Île-De-France, France, Europe;27;Software Development;2017;;Partnership;viously.fr;
 Experium Consulting;Lyon, Rhône, Auvergne-Rhône-Alpes, France, Lyon, Europe;32;IT Services and IT Consulting;;"erpsage
+9";Privately Held;experium-consulting.com;
 Estella Mobility;Toulouse, Haute-Garonne, Occitanie, France, Toulouse, Europe;27;IT Services and IT Consulting;2016;"Conseil en R&DAudit
+5";Partnership;estellamobility.com;
 Elements - ITSM Apps for Jira and Confluence;Toulouse, Occitanie, France;52;Software Development;2006;"apps for jira
+7";Privately Held;elements-apps.com;
 Deemply;La Roche-sur-Yon, Vendée, Pays de la Loire, France, La Roche-sur-Yon, Europe;22;Technology, Information and Internet;2014;"DEMATERIALISATION
+12";Privately Held;deemply.com;
 LACOUR CONCEPT;Saint-Doulchard, Cher, Centre-Val de Loire, France, Bourges, Europe;115;Software Development;;"Secteur de l'après-vente automobile
+5";Privately Held;groupe-lacour.fr;
 BK- HR;Puteaux, Hauts-de-Seine, Île-De-France, France, Nanterre, Europe;51;IT Services and IT Consulting;2007;;Privately Held;bk-hr.fr;
 SLOOP;Paris, Paris, Île-De-France, France, Europe;22;IT Services and IT Consulting;2013;"Digitalcorporate
+6";Privately Held;sloop.fr;
 epresspack;Paris, Paris, Île-De-France, France, Europe;41;Software Development;2011;"Multimedia press releases
+30";Privately Held;epresspack.com;
 Actuelburo;Narrosse, Landes, Nouvelle-Aquitaine, France, Dax, Europe;98;IT Services and IT Consulting;1976;"bureautiquecloud
+23";Privately Held;actuelburo.fr;
 MATOS-BTP;Nantes, Loire-Atlantique, Pays de la Loire, France, Nantes, Europe;28;Software Development;2018;"Location BTP
+11";Privately Held;matosbtp.com;
 NEGOCIAL;Lyon, Rhône, Auvergne-Rhône-Alpes, France, Lyon, Europe;95;Financial Services;2010;"courtage prêt immobilierRAC
+3";Privately Held;negocialfinance.fr;
 SIKUR;Sophia Antipolis, Provence-Alpes-Côte D'azur, France;20;Software Development;2011;"cibersecurity
+12";Privately Held;sikur.com;
 VAADATA;Lyon, Rhône, Auvergne-Rhône-Alpes, France, Lyon, Europe;24;IT Services and IT Consulting;2013;"Ethical Hacking
+7";Privately Held;vaadata.com;
 Master 224 Finance, Impact et Technologie Université Paris-Dauphine;Paris, Paris, Île-De-France, France, Europe;24;Financial Services;;;;psl.eu;
 Dessia Technologies;Antony, Hauts-de-Seine, Île-De-France, France, Antony, Europe;33;Software Development;2017;"Conception assistée
+9";Privately Held;dessia.io;
 FRANCE ACTIVE PROVENCE-ALPES-COTE D'AZUR;Marseille, Bouches-du-Rhône, Provence-Alpes-Côte D'Azur, France, 1er Arr., Europe;43;Financial Services;2002;"Accompagnement
+4";Nonprofit;franceactive-paca.org;
 LEASEWAY France;Orgeval, Yvelines, Île-De-France, France, Saint-Germain-en-Laye, Europe;62;Financial Services;2006;;Self-Owned;leaseway.com;
 talo;Carrières-sous-Poissy, Yvelines, Île-De-France, France, Saint-Germain-en-Laye, Europe;22;IT Services and IT Consulting;2017;"DigitalNumérique
+5";Partnership;talo.com;
 Genx Systems;Rennes, Ille-et-Vilaine, Bretagne, France, Rennes, Europe;33;IT Services and IT Consulting;2010;"Networking
+2";Privately Held;hugedomains.com;
 Abraxio;Lyon, Rhône, Auvergne-Rhône-Alpes, France, Lyon, Europe;37;Software Development;2019;"SaasDSIIT
+14";Privately Held;abraxio.com;
 Groupe CAP INFO;Artigues-près-Bordeaux, Gironde, Nouvelle-Aquitaine, France, Bordeaux, Europe;24;Software Development;1992;"logiciels de gestions
+13";Partnership;capinfo.fr;
 Orkester;Paris, Paris, Île-De-France, France, Europe;38;IT Services and IT Consulting;2011;"Applications mobilesiOS
+17";Privately Held;orkester.fr;
 Vigicorp;France, Europe;38;Technology, Information and Internet;2007;"Site internet
+21";Privately Held;vigicorp.fr;
 OOTI;Paris, Paris, Île-De-France, France, Europe;30;Software Development;2017;"SoftwareIT
+8";Privately Held;ooti.eu;
 Veraltis France - Part of B2 Impact;Paris, Paris, Île-De-France, France, Europe;53;Financial Services;1993;"Médiation Financière
+9";Partnership;a-leads.co;
 LASCOM from Aptean;Vélizy-Villacoublay, Yvelines, Île-De-France, France, Versailles, Europe;41;Software Development;1989;"Product Lifecycle Management
+12";Privately Held;lascom.com;
 Tapbuy;Paris, Paris, Île-De-France, France, Europe;33;Technology, Information and Internet;2016;"conversion
+6";Privately Held;tapbuy.io;
 RCE Capital Berhad and Group of Companies;Granville, Manche, Normandie, France, Avranches, Europe;185;Financial Services;1953;;Public Company;com.my;
 Aksson;Versailles, Yvelines, Île-De-France, France, Versailles, Europe;20;IT Services and IT Consulting;;;Privately Held;aksson.com;
 quarksUp;Paris, Paris, Île-De-France, France, Europe;50;Software Development;2015;"Entretiens annuels
+17";Privately Held;quarksup.com;
 Corporama;Issy-les-Moulineaux, Hauts-de-Seine, Île-De-France, France, Boulogne-Billancourt, Europe;33;IT Services and IT Consulting;2010;"Prospection BtoB
+5";Privately Held;corporama.fr;
 INO GLOBAL;Paris, Paris, Île-De-France, France, Europe;33;Software Development;1997;"Software publisher
+19";Privately Held;hugedomains.com;
 AFR financement Page officielle;Villeneuve-Saint-Germain, Aisne, Hauts-de-France, France, Soissons, Europe;94;Financial Services;2014;"Patrimoine
+5";Partnership;afrfinancement.fr;
 SynBird;Chambéry, Savoie, Auvergne-Rhône-Alpes, France, Chambéry, Europe;39;Software Development;2016;;Privately Held;synbird.com;
 Temenis Conseil;Paris, Paris, Île-De-France, France, Europe;37;IT Services and IT Consulting;2002;"Conseil ITIA
+12";Privately Held;temenis.com;
 Archimed;Lille, Nord, Hauts-de-France, France, Lille, Europe;140;Software Development;;;Privately Held;archimed.fr;
 Désirade;Toulouse, Occitanie, France;60;IT Services and IT Consulting;1997;"Petites applications informatiques
+8";Privately Held;desirade.fr;
 Atchik;Toulouse, Haute-Garonne, Occitanie, France, Toulouse, Europe;37;Technology, Information and Internet;1999;"mobile communities
+12";Privately Held;atchik.com;
 Job&Talent France;Paris, Paris, Île-De-France, France, Europe;62;Technology, Information and Internet;2009;;Self-Owned;jobnet.ag;
 iSupplier;Courbevoie, Hauts-de-Seine, Île-De-France, France, Nanterre, Europe;22;Software Development;2018;"Marketplace
+8";Privately Held;isupplier.fr;
 Amadeis;Paris, Paris, Île-De-France, France, Europe;22;Financial Services;2000;"Conseil en investissement
+3";Privately Held;amadeis.com;
 WLF;Paris, Paris, Île-De-France, France, Europe;30;IT Services and IT Consulting;2018;"Management de Projet
+6";Privately Held;wlf.fr;
 QuantStack;St.-Maur-des-Fossés, Val-de-Marne, Île-De-France, France, Créteil, Europe;32;Software Development;2016;"JupyterC++
+4";Privately Held;quantstack.net;
 Axido;Levallois-Perret, Hauts-de-Seine, Île-De-France, France, Nanterre, Europe;99;IT Services and IT Consulting;2003;"maintenance informatique
+8";Partnership;axido.fr;
 ITSAP;Le Mans, Sarthe, Pays de la Loire, France, Le Mans, Europe;55;Software Development;2009;;Privately Held;linkedin.com;
 SnL Conseil;Paris, Paris, Île-De-France, France, Europe;21;Financial Services;2020;;Privately Held;snlconseil.fr;
 Digital Disruptors Pvt Ltd;Tence, Haute-Loire, Auvergne-Rhône-Alpes, France, Yssingeaux, Europe;38;Software Development;2019;"CFSICD
+6";Privately Held;atom.com;
 Uptevia;Courbevoie, Hauts-de-Seine, Île-De-France, France, Nanterre, Europe;223;Financial Services;2023;;Privately Held;uptevia.com;
 Soleil Noir;Neuilly-sur-Seine, Hauts-de-Seine, Île-De-France, France, Nanterre, Europe;22;Technology, Information and Internet;2000;"Interactive Studio
+9";Privately Held;soleilnoir.com;
 DH Solutions;Nantes, Loire-Atlantique, Pays de la Loire, France, Nantes, Europe;50;IT Services and IT Consulting;2020;"Web Development
+8";Privately Held;doctrine.fr;
 Flex;Paris, Paris, Île-De-France, France, Europe;20;Technology, Information and Internet;2020;"Services
+2";Privately Held;flex.fr;
 APREX solutions;Nancy, Meurthe-et-Moselle, Grand Est, France, Nancy, Europe;26;Software Development;2017;"Visionlogiciel
+22";Privately Held;aprex-solutions.com;
 Bevoak;St.-Herblain, Loire-Atlantique, Pays de la Loire, France, Nantes, Europe;20;IT Services and IT Consulting;2018;"Pilotage de projet
+14";Privately Held;bevoak.com;
 Greenbureau;Paris, Paris, Île-De-France, France, Europe;23;Technology, Information and Internet;2011;"Relation Client
+6";Privately Held;greenbureau.com;
 Doc'up;Nanterre, Hauts-de-Seine, Île-De-France, France, Nanterre, Europe;54;IT Services and IT Consulting;2003;"Machines à affranchir
+30";Privately Held;doc-up.fr;
 INFO'LIB;Lot-et-Garonne, Nouvelle-Aquitaine, France, Nérac, Europe;66;IT Services and IT Consulting;2002;"ERPCRMBI
+10";Partnership;fiducial.fr;
 EZWAY TECHNOLOGY;Paris, Paris, Île-De-France, France, Europe;20;IT Services and IT Consulting;;"Développement applications & Migration
+4";Privately Held;ezway-technology.com;
 ETIXWAY;Noisy-le-Grand, Seine-Saint-Denis, Île-De-France, France, Le Raincy, Europe;24;IT Services and IT Consulting;;;Privately Held;etixway.com;
 Elioz;Toulouse, Haute-Garonne, Occitanie, France, Toulouse, Europe;52;IT Services and IT Consulting;2015;"Centre relais Téléphonique
+12";Partnership;elioz.fr;
 The Game Changer Company;Paris, Paris, Île-De-France, France, Europe;36;Software Development;2015;"Gamification
+14";Privately Held;game-changers.io;
 Maecia;Paris, Paris, Île-De-France, France, Europe;29;Technology, Information and Internet;2007;"Stratégie digitale
+6";Privately Held;maecia.com;
 Sensefuel;Villeneuve-d'Ascq, Nord, Hauts-de-France, France, Lille, Europe;21;Software Development;2017;"e-commerce
+7";Privately Held;sensefuel.com;
 Edwyn Tech;Paris, Paris, Île-De-France, France, Europe;20;IT Services and IT Consulting;2021;;Privately Held;edwyn.tech;
 ADRENALEAD;Lyon, Rhône, Auvergne-Rhône-Alpes, France, Lyon, Europe;29;Technology, Information and Internet;2018;"Webmarketing
+19";Partnership;adrenalead.com;
 FOREX FINANCE;Paris, Paris, Île-De-France, France, Europe;47;Financial Services;1988;"Conseil en Gestion de Risques (Change / Taux d'Intérêts / Matières Premières)
+11";Privately Held;forexfinance.com;
 Arc Capital;Paris, Paris, Île-De-France, France, Europe;22;Financial Services;2021;"Experts-comptables
+6";Privately Held;arccapital.com;
 2J PROCESS;Aix-en-Provence, Bouches-du-Rhône, Provence-Alpes-Côte D'Azur, France, Aix-en-Provence, Europe;27;IT Services and IT Consulting;1996;"Plateforme L.M.S.
+14";Privately Held;2jprocess.com;
 Dzylo;Pannecé, Loire-Atlantique, Pays de la Loire, France, Ancenis, Europe;28;Technology, Information and Internet;2020;"Generate Quotation
+15";Privately Held;dzylo.ai;
 EITA Consulting;Montesson, Yvelines, Île-De-France, France, Saint-Germain-en-Laye, Europe;29;IT Services and IT Consulting;2017;;Privately Held;eitaconsulting.fr;
 Enfrasys;Sérignac-Péboudou, Lot-et-Garonne, Nouvelle-Aquitaine, France, Villeneuve-sur-Lot, Europe;156;IT Services and IT Consulting;2010;"Cloud Solutions
+13";Public Company;enfrasys.fr;
 Qantev;Paris, Paris, Île-De-France, France, Europe;50;Software Development;2018;"Neural Networks
+11";Privately Held;qantev.com;
 INGENIANCE;Hauts-de-Seine, Île-De-France, France, Nanterre, Europe;78;IT Services and IT Consulting;2005;"Nouvelles Technologies
+5";Partnership;ingeniance.fr;
 Spacefill;Paris, Paris, Île-De-France, France, Europe;27;Technology, Information and Internet;2018;"Stockage court terme
+17";Privately Held;spacefill.com;
 Yess Consulting;Guadeloupe, France, Europe;25;Software Development;2014;"YessCleverERP
+4";Privately Held;yessconsulting.com;
 VAL Solutions SAS;Saint-Bonnet-de-Mure, Rhône, Auvergne-Rhône-Alpes, France, Lyon, Europe;133;Software Development;1986;"Développement informatique
+10";Privately Held;hugedomains.com;
 OPTACARE;France, Europe;30;Software Development;2013;"Optimisation des ressources
+6";Partnership;optacare.fr;
 ARCAD Software;Chavanod, Haute-Savoie, Auvergne-Rhône-Alpes, France, Annecy, Europe;131;Software Development;1992;"Change Management
+7";Privately Held;arcadsoftware.fr;
 Collaboration Capital;Marseille, Bouches-du-Rhône, Provence-Alpes-Côte D'Azur, France, 1er Arr., Europe;33;Financial Services;;"Finance
+4";Privately Held;collaborationcapital.com;
 BEYABLE;Paris, Paris, Île-De-France, France, Europe;32;Software Development;2014;"Conversion Rate Optimization
+21";Privately Held;beyable.com;
 Danim;Paris, Paris, Île-De-France, France, Europe;61;Software Development;2018;;Partnership;danim.com;
 WEBQAM Groupe;Saint-Étienne, Loire, Auvergne-Rhône-Alpes, France, Saint-Étienne, Europe;47;Technology, Information and Internet;2005;"Sites internet
+11";Privately Held;webqam.fr;
 inwink;Paris, Paris, Île-De-France, France, Europe;37;Software Development;2015;"B2B Events
+12";Privately Held;inwink.com;
 Objow;Lyon, Rhône, Auvergne-Rhône-Alpes, France, Lyon, Europe;24;Software Development;2019;"Gamification
+11";Privately Held;objow.com;
 CPA - Collectif Pour les Acteurs du Marketing Digital;Paris, Île-De-France, France;28;Technology, Information and Internet;2008;"Emailing
+19";Nonprofit;cpa-france.org;
 Cegedim Business Services - Factures et Achats;Boulogne-Billancourt, Hauts-de-Seine, Île-De-France, France, Boulogne-Billancourt, Europe;157;IT Services and IT Consulting;;;Public Company;cegedim-business-services.com;
 Scaleflex;Lyon, Rhône, Auvergne-Rhône-Alpes, France, Lyon, Europe;67;Technology, Information and Internet;2016;"Digital Asset ManagementDAM
+15";Privately Held;scaleflex.com;
 ACT-ON TECHNOLOGY;Neuilly-sur-Seine, Hauts-de-Seine, Île-De-France, France, Nanterre, Europe;47;IT Services and IT Consulting;2019;"technology
+19";Privately Held;actongroup.com;
 OÏKO;Bagneux, Hauts-de-Seine, Île-De-France, France, Antony, Europe;25;IT Services and IT Consulting;2016;"Résidentiel
+12";Privately Held;oiko.eu;
 EZYTAIL;Grigny, Essonne, Île-De-France, France, Évry, Europe;40;Software Development;2010;"logistique
+19";Privately Held;ezytail.com;
 Timspirit;Asnières-Sur-Seine, Île-De-France, France;38;IT Services and IT Consulting;2007;"ITSMITIL
+13";Privately Held;timspirit.fr;
 Leeto;Paris, Paris, Île-De-France, France, Europe;60;Software Development;2018;"SaaSTech
+6";Privately Held;leeto.co;
 Chequers Capital;Paris, Paris, Île-De-France, France, Europe;34;Financial Services;1972;"Private Equity
+2";Privately Held;chequerscapital.com;
 WeCashUp;Carnoux-en-Provence, Bouches-du-Rhône, Provence-Alpes-Côte D'Azur, France, 1er Arr., Europe;31;Financial Services;2015;"Mobile Money
+10";Privately Held;cash-services.fr;
 Integrity360 France;Puteaux, Hauts-de-Seine, Île-De-France, France, Nanterre, Europe;33;IT Services and IT Consulting;2018;"Cybersecurity
+13";Privately Held;integrity360.com;
 Ubigreen;Labège, Haute-Garonne, Occitanie, France, Toulouse, Europe;53;Software Development;2012;"logiciel de gestion énergétiqueEMS
+6";Privately Held;ubigreen.com;
 Agence WAM;Lyon, Rhône, Auvergne-Rhône-Alpes, France, Lyon, Europe;55;Technology, Information and Internet;2008;"Stratégie SEO
+10";Privately Held;agence-wam.fr;
 United Securities LLC;Mus, Gard, Occitanie, France, Nîmes, Europe;41;Financial Services;1994;;Privately Held;usoman.com;
 TECOS;Paris, Paris, Île-De-France, France, Europe;22;IT Services and IT Consulting;2016;"Java/JEE
+19";Privately Held;tecos.fr;
 TIMS;Limonest, Rhône, Auvergne-Rhône-Alpes, France, Lyon, Europe;138;IT Services and IT Consulting;1988;"Télécoms
+6";Privately Held;tims.fr;
 Atol CD;Gevrey-Chambertin, Côte-d'Or, Bourgogne-Franche-Comté, France, Dijon, Europe;243;Software Development;2000;"Développement web et mobile
+7";Privately Held;atolcd.com;
 Panopli | B Corp;Saint-Denis, Seine-Saint-Denis, Île-De-France, France, Saint-Denis, Europe;26;Software Development;2018;"personnalisation
+18";Privately Held;panopli.co;
 Mood Conseil;Nantes, Loire-Atlantique, Pays de la Loire, France, Nantes, Europe;22;IT Services and IT Consulting;2018;"DigitalNumérique
+8";Privately Held;mood-conseil.fr;
 Datalog Finance;Paris, Paris, Île-De-France, France, Europe;49;Software Development;1997;"TMSCash Management
+6";Privately Held;datalog-finance.com;
 Betterway;Paris, Paris, Île-De-France, France, Europe;50;Financial Services;2019;"Mobilité
+8";Privately Held;betterway.fr;
 local.fr;Nanterre, Hauts-de-Seine, Île-De-France, France, Nanterre, Europe;395;Technology, Information and Internet;1984;"CommunicationDigital
+6";Partnership;local.fr;
 Althos Patrimoine;France, Europe;20;Financial Services;2009;"Ingénierie financière
+8";Privately Held;althos.com;
 Growth Room;Paris, Paris, Île-De-France, France, Europe;57;Technology, Information and Internet;2020;"Growth
+20";Privately Held;hugedomains.com;
 IPKONEKT (ANCIENNEMENT BUGBUSTERS GROUP);Toulouse, Haute-Garonne, Occitanie, France, Toulouse, Europe;92;IT Services and IT Consulting;2004;"Télécoms
+10";Privately Held;ipkonekt.com;
 SEDONA FRANCE;Paris, Paris, Île-De-France, France, Europe;101;IT Services and IT Consulting;1998;"Développement web
+25";Privately Held;sedona.fr;
 Soan;Bordeaux, Gironde, Nouvelle-Aquitaine, France, Bordeaux, Europe;24;Financial Services;2018;"fintechonline payments
+6";Privately Held;soan.com;
 The field - Collective is effective;Lille, Nord, Hauts-de-France, France, Lille, Europe;39;IT Services and IT Consulting;;"Innovation
+18";Privately Held;thefield.team;
 MENAPS;Puteaux, Hauts-de-Seine, Île-De-France, France, Nanterre, Europe;44;IT Services and IT Consulting;2019;"automotive
+2";Privately Held;menaps.com;
 iGraal;Paris, Paris, Île-De-France, France, Europe;55;Technology, Information and Internet;;"cashback
+29";Privately Held;igraal.com;
 CibleWeb;Béziers, Hérault, Occitanie, France, Béziers, Europe;21;IT Services and IT Consulting;2001;"Webmarketing
+19";Privately Held;cibleweb.com;
 Techmind;Paris, Paris, Île-De-France, France, Europe;20;Financial Services;2018;"Venture Capital as a Service
+5";Privately Held;techminds.de;
 La Direction;Bordeaux, Gironde, Nouvelle-Aquitaine, France, Bordeaux, Europe;26;Financial Services;2020;"Pilotage financier
+16";Self-Owned;direction.fr;
 Exeo;Paris, Paris, Île-De-France, France, Europe;162;IT Services and IT Consulting;2012;"IT Operations & Support
+18";Partnership;exeo.fr;
 Groupe TSS;Paris, Paris, Île-De-France, France, Europe;60;Software Development;;;Public Company;groupetss.com;
 AudioWizard;Lyon, Rhône, Auvergne-Rhône-Alpes, France, Lyon, Europe;20;Software Development;2020;"Logiciel Saas
+5";Privately Held;audiowizard.fr;
 Vianeo;Valbonne, Alpes-Maritimes, Provence-Alpes-Côte D'Azur, France, Grasse, Europe;20;Software Development;2008;"Management
+10";Self-Owned;vianeo.com;
 Kernix;Paris, Paris, Île-De-France, France, Europe;36;IT Services and IT Consulting;2001;"digitaldata
+18";Partnership;kernix.com;
 MaxSea;Bidart, Pyrénées-Atlantiques, Nouvelle-Aquitaine, France, Bayonne, Europe;49;Software Development;1985;"Navigation software development
+2";Privately Held;mytimezero.com;
 Sparkup;Paris, Paris, Île-De-France, France, Europe;31;Software Development;2021;"SoftwareSaaS
+13";Privately Held;sparkup.fr;
 BOW MEDICAL;Amiens, Somme, Hauts-de-France, France, Amiens, Europe;236;Software Development;1999;"Soins Critiques
+2";Partnership;bowmedical.fr;
 QBA Worldwide;La Teste-de-Buch, Gironde, Nouvelle-Aquitaine, France, Arcachon, Europe;165;Technology, Information and Internet;2013;"ERPSAP
+21";Privately Held;lagazettefrance.fr;
 DeepReach;Paris, Paris, Île-De-France, France, Europe;43;Software Development;2018;"Marketing
+8";Privately Held;deepreach.com;
 Feel Europe;Paris, Paris, Île-De-France, France, Europe;113;IT Services and IT Consulting;2001;"Informatique
+5";Partnership;feeleurope.fr;
 Wisper;Rouen, Seine-Maritime, Normandie, France, Rouen, Europe;30;Software Development;2009;"Digital workspace
+5";Partnership;domainseller.site;
 MyBank Payments;Paris, Paris, Île-De-France, France, Europe;50;Financial Services;2013;;Privately Held;mybank.eu;
 SIDI (Solidarité Internationale pour le Développement et l'Investissement);Paris, Paris, Île-De-France, France, Europe;34;Financial Services;1983;"Finance Solidaire
+6";Nonprofit;sidi.fr;
 YMAG (Septeo Education);Dijon, Côte-d'Or, Bourgogne-Franche-Comté, France, Dijon, Europe;112;Software Development;;"Logiciel de gestion pour organisme de formation
+4";Partnership;ymag.fr;
 DBM Partners;Paris, Paris, Île-De-France, France, Europe;29;IT Services and IT Consulting;2012;"Cybersécurité
+8";Partnership;dbm-partners.com;
 ma-residence.fr;Levallois-Perret, Hauts-de-Seine, Île-De-France, France, Nanterre, Europe;31;Technology, Information and Internet;;"Solidarité locale
+4";Privately Held;maresidence.fr;
 Elax Energie;Paris, Paris, Île-De-France, France, Europe;51;Software Development;2020;"IoTDigitalisation de l'énergie
+10";Self-Owned;elaxenergie.com;
 BuyCo;Marseille, Bouches-du-Rhône, Provence-Alpes-Côte D'Azur, France, 1er Arr., Europe;65;Software Development;2015;"Freight Forwarding
+10";Privately Held;buyco.fr;
 ANTILOGY;Paris, Île-De-France, France;22;IT Services and IT Consulting;2017;"réalite virtuelle
+10";Privately Held;antilogy.com;
 iii - financements;Paris, Paris, Île-De-France, France, Europe;111;Financial Services;2013;"aide à l'innovation
+7";Self-Owned;iii-financements.com;
 Ikoula;Paris, Paris, Île-De-France, France, Europe;60;IT Services and IT Consulting;1998;"Data center
+14";Privately Held;ikoula.com;
 Fygr;Paris, Paris, Île-De-France, France, Europe;34;Financial Services;2019;;Privately Held;fygr.io;
 Apizee;Lannion, Côtes-d'Armor, Bretagne, France, Lannion, Europe;37;Software Development;2013;"Customer engagement
+10";Privately Held;apizee.com;
 Faks;Paris, Paris, Île-De-France, France, Europe;57;Software Development;2020;;Privately Held;faks.co;
 Alcuin Software;Beaucouzé, Maine-et-Loire, Pays de la Loire, France, Angers, Europe;36;Software Development;2020;"Solution web
+16";Privately Held;alcuin.com;
 Weblib;Paris, Paris, Île-De-France, France, Europe;48;Technology, Information and Internet;2009;"Digital retailWiFi
+15";Privately Held;weblib.com;
 Entrepreneurs et Finance;Paris, Paris, Île-De-France, France, Europe;36;Financial Services;2012;"Conseil en ingénierie financière
+8";Self-Owned;hugedomains.com;
 AXILEO;Levallois-Perret, Hauts-de-Seine, Île-De-France, France, Nanterre, Europe;22;IT Services and IT Consulting;2012;;Privately Held;chooseyourboss.com;
 Excelsior;Levallois-Perret, Hauts-de-Seine, Île-De-France, France, Nanterre, Europe;29;IT Services and IT Consulting;2019;;Partnership;excelsior.com;
 Clint;Montreuil, Seine-Saint-Denis, Île-De-France, France, Bobigny, Europe;23;Technology, Information and Internet;2013;"LeanAgile
+12";Partnership;clint.com;
 Thésée Datacenter;Aubergenville, Yvelines, Île-De-France, France, Mantes-la-Jolie, Europe;20;IT Services and IT Consulting;2016;;Privately Held;thesee-datacenter.fr;
 PaySika;Toulouse, Haute-Garonne, Occitanie, France, Toulouse, Europe;45;Financial Services;2020;"mobile payment
+7";Privately Held;paysika.co;
 Modelo - Septeo Group;Bordeaux, Gironde, Nouvelle-Aquitaine, France, Bordeaux, Europe;43;Software Development;;"Logiciel immobilier
+4";Privately Held;modelo.fr;
 TRAIL;Paris, Paris, Île-De-France, France, Europe;72;Financial Services;2014;;Privately Held;atom.com;
 IbisDev;Paris, Paris, Île-De-France, France, Europe;46;Software Development;2018;"software
+8";Privately Held;ibisdev.net;
 LSI Parfum, Cosmétique, Arôme;Velleron, Vaucluse, Provence-Alpes-Côte D'Azur, France, Carpentras, Europe;28;Software Development;1992;"EDITEUR DE SOLUTIONS METIERS
+38";Partnership;so-lsi.com;
 Blanche Capital;Paris, Paris, Île-De-France, France, Europe;48;Financial Services;2007;;Privately Held;hugedomains.com;
 HappyPal;Paris, Paris, Île-De-France, France, Europe;70;IT Services and IT Consulting;2019;;Privately Held;happypal.fr;
 DOTIC;Bordeaux, Gironde, Nouvelle-Aquitaine, France, Bordeaux, Europe;27;Software Development;2008;"FTTHTelecom
+16";Privately Held;dotic.fr;
 Alvie;Paris, Paris, Île-De-France, France, Europe;31;IT Services and IT Consulting;2020;;Privately Held;hygo.ag;
 VirtualiSurg;Paris, Paris, Île-De-France, France, Europe;47;Software Development;2017;"surgeryIA
+14";Privately Held;virtualisurg.com;
 Daxium;Paris, Paris, Île-De-France, France, Europe;46;Software Development;2005;"Applications mobiles professionnelles
+4";Partnership;daxium.com;
 MYPE;Paris, Paris, Île-De-France, France, Europe;41;IT Services and IT Consulting;2018;"ITProcess Automation
+18";Partnership;mype.com;
 Synergiz;Saint-Malo, Ille-et-Vilaine, Bretagne, France, Saint-Malo, Europe;32;IT Services and IT Consulting;2011;"Mixed Reality
+13";Privately Held;synergiz.com;
 Leviia;Montévrain, Seine-et-Marne, Île-De-France, France, Torcy, Europe;33;Software Development;2020;"cloudcloud français
+3";Privately Held;leviia.com;
 Easy Service Informatique;Paris, Paris, Île-De-France, France, Europe;85;IT Services and IT Consulting;2002;;Privately Held;easyserviceinformatique.com;
 Aplim / EcoleDirecte;Chambéry, Savoie, Auvergne-Rhône-Alpes, France, Chambéry, Europe;106;Software Development;;"EcoleDirecte
+8";Privately Held;aplim.fr;
 Orange Lease;Courbevoie, Hauts-de-Seine, Île-De-France, France, Nanterre, Europe;40;Financial Services;1991;;Privately Held;orangelease.fr;
 DATACORP;Biot, Alpes-Maritimes, Provence-Alpes-Côte D'Azur, France, Grasse, Europe;138;IT Services and IT Consulting;2009;"Intégrateur
+8";Privately Held;datacorp.fr;
 ARKANCE FRANCE;Voisins-le-Bretonneux, Yvelines, Île-De-France, France, Rambouillet, Europe;43;IT Services and IT Consulting;;"2D and 3D Design software ; Product Data Management
+4";Privately Held;arkance.world;
 OCEAN;Aix-en-Provence, Bouches-du-Rhône, Provence-Alpes-Côte D'Azur, France, Aix-en-Provence, Europe;296;IT Services and IT Consulting;2003;"Géolocalisation de véhicules
+16";Privately Held;ocean.fr;
 ACE GESTION INFORMATIQUE Centre Expert Gold En Solution De Gestion EBP à La Réunion 974;La Réunion, France, Europe;21;Software Development;2005;"Centre Expert En Solution De Gestion EBP
+9";Privately Held;groupe-ace.re;
 Septeo Human Resources | Solutions RH;Dardilly, Rhône, Auvergne-Rhône-Alpes, France, Lyon, Europe;170;Software Development;;;Privately Held;hrtechnologiesfrance.com;
 HOOL;Saint-Médard-en-Jalles, Gironde, Nouvelle-Aquitaine, France, Bordeaux, Europe;22;Technology, Information and Internet;2018;"Avantages aux salariés
+9";Privately Held;hool.fr;
 RG System;Lattes, Occitanie, France;30;Software Development;2008;"RMMSupervision Informatique
+9";Privately Held;septeo.com;
 EDF Invest;Paris, Paris, Île-De-France, France, Europe;27;Financial Services;2013;"Infrastructure
+5";Privately Held;edfinvest.fr;
 Volkswagen Financial Services | France;Roissy-en-France, Val-d'Oise, Île-De-France, France, Sarcelles, Europe;250;Financial Services;;"Financeleasing
+7";Public Company;volkswagenfinancial.com;
 The CodingMachine;Paris, Paris, Île-De-France, France, Europe;80;IT Services and IT Consulting;2005;"Web developmentPHP
+31";Privately Held;thecodingmachine.com;
 Agence Nehos;Toulouse, Haute-Garonne, Occitanie, France, Toulouse, Europe;37;IT Services and IT Consulting;;;Partnership;agencenehos.fr;
 Iconosquare;Limoges, Haute-Vienne, Nouvelle-Aquitaine, France, Limoges, Europe;37;Software Development;2011;"Social media management
+19";Privately Held;iconosquare.com;
 NORMA;Paris, Paris, Île-De-France, France, Europe;20;Software Development;2020;"Data Science
+5";Privately Held;norma.fr;
 BCSolutions;Aix-en-Provence, Bouches-du-Rhône, Provence-Alpes-Côte D'Azur, France, Aix-en-Provence, Europe;38;IT Services and IT Consulting;2003;"composition
+20";Privately Held;bcsolutions.fr;
 Brico Privé;Toulouse, Haute-Garonne, Occitanie, France, Toulouse, Europe;116;Technology, Information and Internet;2012;;Partnership;bricoprive.com;
 Popleads;Bourg-en-Bresse, Ain, Auvergne-Rhône-Alpes, France, Bourg-en-Bresse, Europe;25;Software Development;2015;"UI/UX Design
+5";Privately Held;popleads.com;
 Myfuture;Paris, Paris, Île-De-France, France, Europe;38;Technology, Information and Internet;2015;"Education
+3";Privately Held;myfuture.com;
 WeSave;Paris, Paris, Île-De-France, France, Europe;52;Financial Services;2012;"Gestion de patrimoine
+5";Privately Held;wesave.com;
 EAlphabits;Coulongé, Sarthe, Pays de la Loire, France, La Flèche, Europe;20;IT Services and IT Consulting;2022;"Camera AIIoT
+7";Self-Owned;ealphabits.com;
 DCube;Boulogne-Billancourt, Hauts-de-Seine, Île-De-France, France, Boulogne-Billancourt, Europe;61;IT Services and IT Consulting;2005;"Microsoft BI
+22";Partnership;dcube.fr;
 Theoris SAS;France, Europe;26;Software Development;2002;"Embedded Systems
+11";Privately Held;theoris.fr;
 Witik;Paris, Paris, Île-De-France, France, Europe;27;Software Development;2018;"GDPRRGPD
+21";Partnership;witik.io;
 Resadia;Pantin, Seine-Saint-Denis, Île-De-France, France, Bobigny, Europe;39;IT Services and IT Consulting;2006;"solutions IP convergentes
+14";Privately Held;resadia.com;
 KOSMOS;Nantes, Loire-Atlantique, Pays de la Loire, France, Nantes, Europe;150;IT Services and IT Consulting;1998;"Conseils et Accompagnement
+20";Privately Held;kosmos-education.com;
 MAIF SOLUTIONS FINANCIERES;Niort, Deux-Sèvres, Nouvelle-Aquitaine, France, Niort, Europe;130;Financial Services;2007;"Gestion de Patrimoine
+7";Partnership;maif.fr;
 illicado;Croix, Nord, Hauts-de-France, France, Lille, Europe;190;Financial Services;2006;;Partnership;illicado.com;
 Freelance |Self Employed;Toulouse, Haute-Garonne, Occitanie, France, Toulouse, Europe;974;Software Development;;"Systemes embarqués
+6";Self-Employed;hellowork.com;
 Sanso Longchamp AM;Paris, Paris, Île-De-France, France, Europe;54;Financial Services;2011;"Allocation d'actif
+9";Privately Held;sanso-longchamp.com;
 SPOOM by CRÉATIVE;Balma, Haute-Garonne, Occitanie, France, Toulouse, Europe;28;IT Services and IT Consulting;2005;"Conseil
+15";Privately Held;spoom.net;
 Queoval;Mauguio, Hérault, Occitanie, France, Montpellier, Europe;21;Software Development;2006;"ERPCRM
+18";Partnership;queoval-formation.com;
 UAVIA;Vitry-sur-Seine, Val-de-Marne, Île-De-France, France, Créteil, Europe;28;Technology, Information and Internet;2015;"DronesSystèmes Embarqués
+7";Privately Held;uavia.eu;
 INLOG;Limonest, Rhône, Auvergne-Rhône-Alpes, France, Lyon, Europe;94;Software Development;1992;;Privately Held;inlog.com;
 10h11;Bordeaux, Gironde, Nouvelle-Aquitaine, France, Bordeaux, Europe;21;Technology, Information and Internet;2011;"Datavisualisation
+6";Privately Held;10h11.com;
 Adlere;Levallois-Perret, Hauts-de-Seine, Île-De-France, France, Nanterre, Europe;78;IT Services and IT Consulting;2015;"Conseil Informatique
+8";Privately Held;adlere.com;
 Auxiga;Boulogne-Billancourt, Hauts-de-Seine, Île-De-France, France, Boulogne-Billancourt, Europe;123;Financial Services;1975;"garanties financières
+11";Partnership;auxiga.com;
 GROUPE STUDIEL;Nice, Alpes-Maritimes, Provence-Alpes-Côte D'Azur, France, Nice, Europe;112;IT Services and IT Consulting;1992;"Ingénierie Projet & Consulting Technique
+6";Privately Held;studielgroup.com;
 Hippolyte.ai;Amiens, Somme, Hauts-de-France, France, Amiens, Europe;41;Software Development;2021;"recrutement
+14";Privately Held;hippolyte.ai;
 AIRRIA;Meylan, Isère, Auvergne-Rhône-Alpes, France, Grenoble, Europe;94;IT Services and IT Consulting;2005;"Externalisation informatique
+31";Privately Held;airria.com;
 Steel Projects;Vienne, Isère, Auvergne-Rhône-Alpes, France, Vienne, Europe;107;Software Development;1994;"Steel Fabrication
+9";Self-Owned;steelprojects.com;
 OCEANCALL;Aix-en-Provence, Bouches-du-Rhône, Provence-Alpes-Côte D'Azur, France, Aix-en-Provence, Europe;264;IT Services and IT Consulting;2004;"relation client
+15";Privately Held;oceancall.com;
 OUIcoding;Paris, Paris, Île-De-France, France, Europe;25;Technology, Information and Internet;2018;;Privately Held;ouicoding.com;
 Kepler Cheuvreux Solutions;France, Europe;40;Financial Services;2011;"Taux d'intérêts
+10";Privately Held;keplercheuvreux.com;
 Eloquant;Levallois-Perret, Hauts-de-Seine, Île-De-France, France, Nanterre, Europe;101;Software Development;2001;"Solutions Relation Client
+11";Partnership;eloquant.com;
 HRConseil;Paris, Paris, Île-De-France, France, Europe;116;IT Services and IT Consulting;2004;"Assistance à maîtrise d'ouvrage (AMOA)
+15";Partnership;hrconseil.com;
 ClicData;Lille, Nord, Hauts-de-France, France, Lille, Europe;46;Software Development;2008;"Business Software Development
+16";Privately Held;clicdata.com;
 Tranquil IT;Saint-Sébastien-sur-Loire, Loire-Atlantique, Pays de la Loire, France, Nantes, Europe;25;Software Development;2002;"Systèmes et Réseaux libres
+7";Partnership;tranquil-it.com;
 Olympp;Neuilly-sur-Seine, Hauts-de-Seine, Île-De-France, France, Nanterre, Europe;56;IT Services and IT Consulting;2016;"ReactJS
+14";Partnership;olympp.fr;
 IZNES;Paris, Paris, Île-De-France, France, Europe;37;Financial Services;2017;"Asset Management
+2";Privately Held;iznes.io;
 WedR;Paris, Paris, Île-De-France, France, Europe;48;IT Services and IT Consulting;;"InnovationAgile
+6";Partnership;wedr.fr;
 Twin;Paris, Paris, Île-De-France, France, Europe;24;Technology, Information and Internet;2023;"Artificial Intelligence
+2";Privately Held;twin.fr;
 Agence SEO.fr Paris;Guyancourt, Yvelines, Île-De-France, France, Versailles, Europe;26;Technology, Information and Internet;1998;"Référencement naturel (SEO)
+13";Privately Held;agenceseo.com;
 IMS TECHNOLOGY;Ajaccio, Corse-du-Sud, Corse, France, Ajaccio, Europe;35;IT Services and IT Consulting;2012;"Next-Generation Dataceter
+25";Privately Held;hugedomains.com;
 Hitachi Solutions France;Paris, Paris, Île-De-France, France, Europe;83;IT Services and IT Consulting;;"CRMERP
+8";Privately Held;hitachi-solutions.com;
 QUICKSIGN;Paris, Paris, Île-De-France, France, Europe;122;IT Services and IT Consulting;2010;"Signature électronique
+18";Privately Held;quicksign.com;
 AVSimulation;Boulogne-Billancourt, Hauts-de-Seine, Île-De-France, France, Boulogne-Billancourt, Europe;92;Software Development;;"car simulation
+28";Privately Held;avsimulation.com;
 PrediSurge;Saint-Étienne, Loire, Auvergne-Rhône-Alpes, France, Saint-Étienne, Europe;42;Software Development;2017;"Healthcare
+6";Privately Held;predisurge.com;
 Astrée Software;Saint-Jean-Bonnefonds, Loire, Auvergne-Rhône-Alpes, France, Saint-Étienne, Europe;144;Software Development;;"Logiciel MES - Manufacturing Execution System
+3";Partnership;astreesoftware.com;
 AgoraVita;Toulouse, Haute-Garonne, Occitanie, France, Toulouse, Europe;83;IT Services and IT Consulting;1999;"Création de sites web
+15";Privately Held;agoravita.com;
 AMA XpertEye;Rennes, Ille-et-Vilaine, Bretagne, France, Rennes, Europe;50;Software Development;2014;"smart glasses solutions
+16";Public Company;amaxperteye.com;
 Quantalys France Harvest Group;Paris, Paris, Île-De-France, France, Europe;60;Financial Services;2007;"Fintech
+12";Privately Held;quantalys.com;
 Accretio;Issy-les-Moulineaux, Hauts-de-Seine, Île-De-France, France, Boulogne-Billancourt, Europe;23;Software Development;;"Application
+2";Partnership;accretio.com;
 HomeByMe Enterprise;Paris, Paris, Île-De-France, France, Europe;42;Software Development;;"3D home design
+23";Privately Held;by.me;
 Diggers;Paris, Paris, Île-De-France, France, Europe;67;IT Services and IT Consulting;2018;"Développement
+6";Privately Held;diggers.fr;
 Guest Suite;Nantes, Loire-Atlantique, Pays de la Loire, France, Nantes, Europe;47;IT Services and IT Consulting;2013;"ereputation
+12";Privately Held;guest-suite.com;
 Allisone.ai;Paris, Paris, Île-De-France, France, Europe;35;Software Development;2021;;Privately Held;allisone.ai;
 NGE CONNECT;Le Havre, Seine-Maritime, Normandie, France, Le Havre, Europe;26;Technology, Information and Internet;2011;"Wi-FiRadio
+17";Privately Held;nge-connect.fr;
 Concept Image;Rennes, Ille-et-Vilaine, Bretagne, France, Rennes, Europe;36;Technology, Information and Internet;2006;"conseil en communication digitale
+3";Privately Held;conceptimage.com;
 Veryswing;Versailles, Yvelines, Île-De-France, France, Versailles, Europe;33;Software Development;2012;"ERPPGI
+26";Privately Held;veryswing.com;
 Bewiz;Paris, Paris, Île-De-France, France, Europe;64;Financial Services;1977;"Expertise ComptableAudit
+2";Privately Held;bewiz.fr;
 INTIS Outperform;Malakoff, Hauts-de-Seine, Île-De-France, France, Antony, Europe;30;IT Services and IT Consulting;2014;"epmbusiness intelligence
+18";Privately Held;intis.coop;
 bee2link group;Paris, Paris, Île-De-France, France, Europe;131;Software Development;2012;"Digitalisation
+17";Partnership;bee2linkgroup.com;
 SMART PARTNERS;Paris, Paris, Île-De-France, France, Europe;20;Financial Services;2014;"Cession
+12";Partnership;smartpartners.fr;
 Kitware Europe;Villeurbanne, Rhône, Auvergne-Rhône-Alpes, France, Lyon, Europe;31;Software Development;2010;"Visualization
+3";Privately Held;kitware.fr;
 LIS France SAS;Périgny, Charente-Maritime, Nouvelle-Aquitaine, France, La Rochelle, Europe;47;Software Development;1980;"TMSLogiciel Transport
+5";Partnership;lis.eu;
 MGP SI;Levallois-Perret, Hauts-de-Seine, Île-De-France, France, Nanterre, Europe;21;IT Services and IT Consulting;;;Partnership;mgp-si.com;
 Abondance;Nantes, Loire-Atlantique, Pays de la Loire, France, Nantes, Europe;27;Technology, Information and Internet;1996;;Privately Held;abondance.com;
 Piloc;Paris, Paris, Île-De-France, France, Europe;20;Software Development;2020;"Services immobiliers
+11";Privately Held;piloc.com;
 SOFTCORP;Rueil-Malmaison, Hauts-de-Seine, Île-De-France, France, Nanterre, Europe;33;IT Services and IT Consulting;2014;"ITConseil
+13";Privately Held;softcorp.fr;
 PcVue;Boulogne-Billancourt, Hauts-de-Seine, Île-De-France, France, Boulogne-Billancourt, Europe;74;Software Development;1981;"IoT#Remote Solutions
+1";Privately Held;pcvue.com;
 Zest;Paris, Paris, Île-De-France, France, Europe;81;Software Development;2016;"Employee Engagement
+10";Privately Held;zest.fr;
 Ulysse;Paris, Paris, Île-De-France, France, Europe;88;Technology, Information and Internet;2017;;Partnership;ulysse.fr;
 Zenconnect;Montreuil, Seine-Saint-Denis, Île-De-France, France, Bobigny, Europe;46;IT Services and IT Consulting;2012;"LANWLAN
+13";Privately Held;zenconnect.fr;
 Pysae;Rennes, Ille-et-Vilaine, Bretagne, France, Rennes, Europe;26;Software Development;2014;Public Transport and Computer software;Privately Held;pysae.com;
 SPI - Septeo Pôle Immobilier;Toulouse, Occitanie, France;200;Software Development;;"Logiciels de Gérance
+10";Self-Owned;septeo-adb.fr;
 PAM Studio;Toulouse, Haute-Garonne, Occitanie, France, Toulouse, Europe;75;Technology, Information and Internet;2012;"Design graphique
+3";Privately Held;thisispam.com;
 Qualitadd;Boulogne-Billancourt, Hauts-de-Seine, Île-De-France, France, Boulogne-Billancourt, Europe;39;IT Services and IT Consulting;2016;"Data Governance
+11";Partnership;qualitadd.com;
 Talkspirit;France, Europe;24;Technology, Information and Internet;2004;"Collaboration
+18";Privately Held;talkspirit.com;
 En Recherche Active D'Alternance;Paris, Paris, Île-De-France, France, Europe;137;IT Services and IT Consulting;2001;"informatiquejava
+22";Partnership;hellowork.com;
 H&A Group;Bordeaux, Gironde, Nouvelle-Aquitaine, France, Bordeaux, Europe;98;Financial Services;2004;"Financial Management
+3";Privately Held;echos-judiciaires.com;
 Apidae Tourisme;Lyon, Rhône, Auvergne-Rhône-Alpes, France, Lyon, Europe;30;IT Services and IT Consulting;2020;"datatourisme
+18";Privately Held;apidae-tourisme.com;
 Juakali;Paris, Paris, Île-De-France, France, Europe;549;IT Services and IT Consulting;2018;"Credit Scoring
+12";Privately Held;juakali.io;
 Numix;Marssac-sur-Tarn, Tarn, Occitanie, France, Albi, Europe;21;IT Services and IT Consulting;2014;"3D temps réel
+6";Partnership;numix.fr;
 Mappy;Paris, Paris, Île-De-France, France, Europe;72;Technology, Information and Internet;;"Cartographie
+4";Privately Held;mappy.com;
 Cenareo;Paris, Paris, Île-De-France, France, Europe;62;Software Development;;"Affichage Dynamique
+21";Privately Held;cenareo.com;
 PagesJaunes SA;Boulogne-Billancourt, Hauts-de-Seine, Île-De-France, France, Boulogne-Billancourt, Europe;438;IT Services and IT Consulting;1946;"Création de sites web
+5";Public Company;pagesjaunes.com;
 Purchasely;Paris, Paris, Île-De-France, France, Europe;25;Software Development;2019;"Subscription
+14";Privately Held;purchasely.com;
 WizVille;Paris, Paris, Île-De-France, France, Europe;49;Software Development;2012;"Customer Feedback Management
+4";Partnership;wizville.com;
 REVERS.IO;Paris, Paris, Île-De-France, France, Europe;46;Software Development;2009;"Reverse Logistics
+10";Privately Held;reversio.io;
 Avicenna.AI;La Ciotat, Bouches-du-Rhône, Provence-Alpes-Côte D'Azur, France, 1er Arr., Europe;36;IT Services and IT Consulting;2018;"Emergency
+5";Privately Held;google.com;
 IDAIA;Bruges, Gironde, Nouvelle-Aquitaine, France, Bordeaux, Europe;51;IT Services and IT Consulting;1988;"DATA MARKETING
+22";Privately Held;idaia.org;
 Soledis - Agence e-commerce;Vannes, Morbihan, Bretagne, France, Vannes, Europe;53;Technology, Information and Internet;2001;"Shopify plus
+13";Self-Owned;soledis.com;
 FOR TALENTS;Villeneuve-d'Ascq, Nord, Hauts-de-France, France, Lille, Europe;20;Financial Services;2020;;Privately Held;fortalents.com;
 Justifit France;Paris, Paris, Île-De-France, France, Europe;23;Technology, Information and Internet;2015;"avocats
+4";Privately Held;justifit.fr;
 Calliope Business Solutions by TVH Consulting;Saint-Denis, Seine-Saint-Denis, Île-De-France, France, Saint-Denis, Europe;153;Software Development;1995;"Editeur solution métier
+13";Privately Held;groupe-calliope.com;
 Tevali Partners;Paris, Paris, Île-De-France, France, Europe;21;Financial Services;2009;"Renewable Energy
+8";Partnership;tevalipartners.com;
 ArtimIS - Governance, Risk & Compliance Advisory;Paris, Paris, Île-De-France, France, Europe;54;IT Services and IT Consulting;2017;;Partnership;artimis.fr;
 AmazingContent;Paris, Paris, Île-De-France, France, Europe;24;Software Development;;Leader Advocacy and Communication;Self-Owned;amazingcontent.io;
 Smartpoint;Paris, Paris, Île-De-France, France, Europe;102;IT Services and IT Consulting;2006;"DataIA
+36";Self-Owned;smartpoint.fr;
 Peaksys;Bordeaux, Gironde, Nouvelle-Aquitaine, France, Bordeaux, Europe;212;Software Development;;;Privately Held;cdiscount.com;
 Extens;Paris, Paris, Île-De-France, France, Europe;26;Financial Services;2014;"private equity
+5";Partnership;extens.eu;
 Neocamino;Lyon, Rhône, Auvergne-Rhône-Alpes, France, Lyon, Europe;25;Technology, Information and Internet;2012;"small businesses
+13";Privately Held;neocamino.com;
 EUKLES;Lorgues, Var, Provence-Alpes-Côte D'Azur, France, Draguignan, Europe;85;IT Services and IT Consulting;2009;"Cloud computing
+8";Privately Held;eukles.com;
 TOOVALU;Nantes, Loire-Atlantique, Pays de la Loire, France, Nantes, Europe;38;Software Development;2012;"Stratégie ClimatRSE
+1";Partnership;toovalu.com;
 Winddle;Paris, Paris, Île-De-France, France, Europe;20;Software Development;2015;"Purchasing and Sourcing Project management
+11";Partnership;winddle.fr;
 OMOTE ADVISORY;Paris, Paris, Île-De-France, France, Europe;20;Financial Services;;;Partnership;omote-advisory.com;
 Active Asset Allocation;Nice, Alpes-Maritimes, Provence-Alpes-Côte D'Azur, France, Nice, Europe;31;Financial Services;2010;"Portfolio analytics
+11";Privately Held;active-asset-allocation.com;
 DecisionBrain;Paris, Paris, Île-De-France, France, Europe;56;Software Development;2013;"Optimization Models and Technology
+18";Privately Held;decisionbrain.com;
 Methys Group;Paris, Paris, Île-De-France, France, Europe;33;IT Services and IT Consulting;2004;"Enterprise Performance Management
+15";Privately Held;methys.com;
 Arenametrix;Paris, Paris, Île-De-France, France, Europe;42;Software Development;2013;"CRMEntertainment
+11";Partnership;arenametrix.fr;
 Spayr;Paris, Paris, Île-De-France, France, Europe;24;IT Services and IT Consulting;2021;Ressources Humaines and Avantages salariés;Privately Held;hugedomains.com;
 HCM Group;Colombes, Hauts-de-Seine, Île-De-France, France, Nanterre, Europe;36;Software Development;2017;;Partnership;hcm-grp.com;
 In &Fi credits;Rambouillet, Yvelines, Île-De-France, France, Rambouillet, Europe;250;Financial Services;2001;"Courtage crédits
+4";Self-Employed;inandfi-credits.fr;
 Ellistat;Poisy, Haute-Savoie, Auvergne-Rhône-Alpes, France, Annecy, Europe;25;Software Development;2017;"logiciel statistique
+9";Privately Held;ellistat.com;
 Edilead;Antony, Hauts-de-Seine, Île-De-France, France, Antony, Europe;33;Technology, Information and Internet;2016;"Marketing
+2";Self-Owned;edilead.com;
 CCEF - Compagnie des Conseils et Experts Financiers;Paris, Paris, Île-De-France, France, Europe;39;Financial Services;1992;;Self-Owned;ccef.net;
 Bonanza;Paris, Paris, Île-De-France, France, Europe;64;Software Development;2016;;Privately Held;bonanzaparis.com;
 N2JSoft, administrative and HR softwares;Montagnat, Ain, Auvergne-Rhône-Alpes, France, Bourg-en-Bresse, Europe;192;Software Development;2015;"Logiciels RH
+9";Self-Owned;remoterocketship.com;
 inherent group;Suresnes, Hauts-de-Seine, Île-De-France, France, Nanterre, Europe;86;IT Services and IT Consulting;;"cloudconnectivité
+14";Privately Held;inherent.fr;
 Orisha Retail Shops;Paris, Paris, Île-De-France, France, Europe;139;Software Development;;;Privately Held;orisha.com;
 Pergam;Paris, Paris, Île-De-France, France, Europe;34;Financial Services;2001;;Partnership;pergam.fr;
 BI4YOU;Vianne, Lot-et-Garonne, Nouvelle-Aquitaine, France, Nérac, Europe;21;IT Services and IT Consulting;2011;;Privately Held;bi4you.com;
 MoveWORK Group;Montpellier, Hérault, Occitanie, France, Montpellier, Europe;31;IT Services and IT Consulting;2010;"Expert en collecte et analyse de données
+8";Partnership;movework.fr;
 ICObench;Trappes, Yvelines, Île-De-France, France, Versailles, Europe;58;Technology, Information and Internet;2017;"BlockchainICO
+3";Privately Held;icobench.com;
 Ready Study Go;Bézannes, Marne, Grand Est, France, Reims, Europe;68;Financial Services;2019;"OFFRE ET RECHERCHE DE LOGEMENT
+4";Privately Held;ready-study-go.com;
 ARKETEAM;Vandœuvre-lès-Nancy, Meurthe-et-Moselle, Grand Est, France, Nancy, Europe;63;IT Services and IT Consulting;2008;"Conseil SI
+9";Privately Held;arketeam.com;
 My DSO Manager;Meylan, Isère, Auvergne-Rhône-Alpes, France, Grenoble, Europe;29;Software Development;2015;"Logiciel de recouvrement de créances
+23";Privately Held;mydsomanager.com;
 DigDash;France, Europe;55;Software Development;2006;"Edition de logiciels
+8";Partnership;digdash.com;
 Artik Consulting;Issy-les-Moulineaux, Hauts-de-Seine, Île-De-France, France, Boulogne-Billancourt, Europe;54;IT Services and IT Consulting;2009;"Big Data
+18";Privately Held;artik-consulting.com;
 Crosstalent;Paris, Paris, Île-De-France, France, Europe;20;Software Development;2012;"Plateforme de mobilité professionnelle
+23";Partnership;crosstalent.com;
 Manty;Paris, Paris, Île-De-France, France, Europe;56;Software Development;2017;"Big Data
+18";Privately Held;manty.eu;
 Explain;Paris, Paris, Île-De-France, France, Europe;32;Software Development;2012;"Veille marchés publics
+23";Privately Held;explain.fr;
 PandaScore;Paris, Paris, Île-De-France, France, Europe;61;IT Services and IT Consulting;2015;"esportdata
+7";Partnership;pandascore.co;
 Tilt Energy;Paris, Paris, Île-De-France, France, Europe;22;Technology, Information and Internet;;;Privately Held;hugedomains.com;
 Groupe ANTARES | Infogérance & Services Numériques;Levallois-Perret, Hauts-de-Seine, Île-De-France, France, Nanterre, Europe;115;IT Services and IT Consulting;2001;"Production & Exploitation Informatique
+7";Privately Held;antares.fr;
 Groupe EOLEN;Boulogne-Billancourt, Hauts-de-Seine, Île-De-France, France, Boulogne-Billancourt, Europe;107;IT Services and IT Consulting;2006;"Conseil et Ingénierie
+7";Privately Held;geci.net;
 Beamy;Paris, Paris, Île-De-France, France, Europe;52;Software Development;2017;"Business Transformation
+3";Privately Held;beamy.xyz;
 Yespark Group;Paris, Paris, Île-De-France, France, Europe;108;IT Services and IT Consulting;2014;;Partnership;yespark.fr;
 Peopleclick Techno Solutions Pvt.ltd;Antibes, Alpes-Maritimes, Provence-Alpes-Côte D'Azur, France, Grasse, Europe;106;IT Services and IT Consulting;2010;"SAP S/4HANA
+17";Privately Held;ambitionbox.com;
 Groupement Régional e-Santé Bretagne;Rennes, Bretagne, France;53;IT Services and IT Consulting;2007;;Nonprofit;esante-bretagne.fr;
 NOIISE;Lyon, Rhône, Auvergne-Rhône-Alpes, France, Lyon, Europe;112;Technology, Information and Internet;1999;"SEM (Search Engine Marketing)
+10";Privately Held;noiise.com;
 Quarks Systems;Pérouges, Ain, Auvergne-Rhône-Alpes, France, Bourg-en-Bresse, Europe;24;IT Services and IT Consulting;2013;"IT Services and Consulting
+19";Self-Owned;quarkssystems.com;
 OSO-AI;Brest, Bretagne, France;32;IT Services and IT Consulting;2018;"acoustique monitoring
+3";Privately Held;orikio.com;
 My DSO Manager;Meylan, Isère, Auvergne-Rhône-Alpes, France, Grenoble, Europe;34;Software Development;2015;"Credit Managerment
+21";Privately Held;mydsomanager.com;
 UpMan Consulting;Wambrechies, Nord, Hauts-de-France, France, Lille, Europe;44;IT Services and IT Consulting;2019;"ESNITDATA
+22";Privately Held;upman-consulting.com;
 ALLONIA;Paris, Paris, Île-De-France, France, Europe;22;Software Development;2021;"Data Science
+14";Privately Held;allonia.com;
 Axeptio;Montpellier, Hérault, Occitanie, France, Montpellier, Europe;61;Software Development;2017;"Conformité RGPD
+16";Privately Held;axept.io;
 Les Dossiers de l'Epargne et de l'Assurance;St.-Ouen, Seine-Saint-Denis, Île-De-France, France, Saint-Denis, Europe;32;IT Services and IT Consulting;2000;"Intelligence Marketing Banque & Assurance
+7";Partnership;label-excellence.com;
 Dataouest;St.-Lô, Manche, Normandie, France, Saint-Lô, Europe;28;IT Services and IT Consulting;2007;"Conseils en transformation numériqueAudit
+12";Privately Held;dataouest.fr;
 Sapiens Group;Paris, Paris, Île-De-France, France, Europe;44;Technology, Information and Internet;;;Privately Held;sapiens.fr;
 Groupe ATGT;Saint-Pierre-du-Perray, Essonne, Île-De-France, France, Évry, Europe;71;IT Services and IT Consulting;1947;"Auscultation
+20";Partnership;atgt.com;
 Birdz;Saint-Maurice, Île-De-France, France;195;IT Services and IT Consulting;;"Smart metering
+8";Privately Held;birdz.com;
 Crowe HAF;Levallois-Perret, Hauts-de-Seine, Île-De-France, France, Nanterre, Europe;66;Financial Services;2007;"Conseil aux directions financières & consolidation
+4";Self-Owned;crowe.com;
 Ausha;Lille, Nord, Hauts-de-France, France, Lille, Europe;44;Software Development;2018;Podcast Marketing;Privately Held;ausha.fr;
 Sollan;Levallois-Perret, Hauts-de-Seine, Île-De-France, France, Nanterre, Europe;43;IT Services and IT Consulting;2001;"CMSEnterprise search
+11";Privately Held;sollan.com;
 Keepeek;Paris, Paris, Île-De-France, France, Europe;71;Software Development;2008;"Digital Asset Management
+13";Privately Held;keepeek.com;
 TowardsChange;Paris, Paris, Île-De-France, France, Europe;25;IT Services and IT Consulting;2021;;Privately Held;hugedomains.com;
 Gottengreen;Paris, Paris, Île-De-France, France, Europe;33;Financial Services;2019;;Privately Held;gottengreen.com;
 Réseau Initiative Nantes;St.-Herblain, Loire-Atlantique, Pays de la Loire, France, Nantes, Europe;32;Financial Services;2000;;Nonprofit;initiative-nantes.fr;
 CAWL;Courbevoie, Hauts-de-Seine, Île-De-France, France, Nanterre, Europe;44;Financial Services;2024;"Solutions de paiement
+3";Self-Owned;cawl.fr;
 Waro;Paris, Paris, Île-De-France, France, Europe;24;Software Development;2021;"ACVMesure d'impact
+6";Privately Held;waro.fr;
 Rochefort & Associés;Paris, Paris, Île-De-France, France, Europe;27;Financial Services;2013;;Privately Held;rochefortassocies.com;
 We Act - Vos compromis en 72h !;Paris, Paris, Île-De-France, France, Europe;21;Software Development;2017;"Expertise juridique
+3";Privately Held;we-act.fr;
 Zelty;Paris, Paris, Île-De-France, France, Europe;58;Software Development;2014;"CaisseCommande en ligne
+5";Self-Owned;zelty.fr;
 Synelience Group;Paris, Paris, Île-De-France, France, Europe;119;IT Services and IT Consulting;;;Privately Held;distributique.com;
 MALTA INFORMATIQUE;Mérignac, Gironde, Nouvelle-Aquitaine, France, Bordeaux, Europe;78;Software Development;2007;"Editeur de logiciels TITAN
+11";Privately Held;malta-informatique.fr;
 Satelix;Bressuire, Deux-Sèvres, Nouvelle-Aquitaine, France, Bressuire, Europe;44;Software Development;2010;"logistiqueWMS
+18";Privately Held;satelix-wms.com;
 Gottengreen;Paris, Paris, Île-De-France, France, Europe;26;Financial Services;2019;;Privately Held;gottengreen.fr;
 EXO;Paris, Paris, Île-De-France, France, Europe;28;Technology, Information and Internet;2023;"SportSport Tech
+1";Privately Held;expo.paris;
 Artemys Normandie (groupe Artemys);Isneauville, Seine-Maritime, Normandie, France, Rouen, Europe;136;IT Services and IT Consulting;;"Infrastructure
+20";Privately Held;groupeartemys.com;
 Dawex - Data Exchange Technology;Lyon, Rhône, Auvergne-Rhône-Alpes, France, Lyon, Europe;53;Software Development;2015;"Data Economy
+9";Privately Held;dawex.com;
 May;Paris, Paris, Île-De-France, France, Europe;127;Financial Services;2022;"Dirigeants
+5";Privately Held;maybe-paris.co;
 Smartesting;Besançon, Doubs, Bourgogne-Franche-Comté, France, Besançon, Europe;32;Software Development;2015;"Model-Based Testing
+25";Partnership;smartesting.com;
 Simplifia;Lyon, Rhône, Auvergne-Rhône-Alpes, France, Lyon, Europe;77;Software Development;2011;"Secteur FunéraireDigital
+2";Partnership;simplifia.fr;
 Pubstack;Paris, Paris, Île-De-France, France, Europe;43;Technology, Information and Internet;2018;;Privately Held;pubstack.com;
 Tabhotel;France, Europe;21;Software Development;2016;"SaaS Software
+11";Partnership;tabhotel.com;
 Edusign;Paris, Paris, Île-De-France, France, Europe;62;Software Development;;;Privately Held;edusign.com;
 IPEDIS;Paris, Paris, Île-De-France, France, Europe;57;Technology, Information and Internet;2006;"Audit accessibilité RGAA
+11";Privately Held;ipedis.com;
 LACOUR GROUP;Saint-Doulchard, Cher, Centre-Val de Loire, France, Bourges, Europe;249;Software Development;1985;"Secteur de l'après-vente automobile
+9";Privately Held;lacour.fr;
 Renovation Man;Paris, Paris, Île-De-France, France, Europe;80;Technology, Information and Internet;2017;"Renovation
+4";Privately Held;renovationman.com;
 TGS;Paris, Paris, Île-De-France, France, Europe;174;Financial Services;2011;"AccountancyAudit
+10";Nonprofit;parismanga.fr;
 Côme Maison of Finance;Paris, Paris, Île-De-France, France, Europe;29;Financial Services;2016;"Private Equity
+5";Privately Held;comemaisonoffinance.com;
 Open Cascade, part of Capgemini;Issy-les-Moulineaux, Hauts-de-Seine, Île-De-France, France, Boulogne-Billancourt, Europe;75;IT Services and IT Consulting;2000;"Specific developments CAD CAM CAE CMM
+16";Privately Held;opencascade.com;
 Atheïa;Paris, Paris, Île-De-France, France, Europe;25;IT Services and IT Consulting;2020;"IFRSData
+11";Privately Held;atheia.fr;
 SmartChain;Paris, Paris, Île-De-France, France, Europe;24;IT Services and IT Consulting;2019;"blockchain
+12";Partnership;smart-chain.fr;
 Kbrw;Paris, Paris, Île-De-France, France, Europe;155;Software Development;2009;"Order Management System; Supply-Chain; E-Commerce; Gestion des Stocks; Transformation Digitale; Click and Collect ; Livraison Express ; Agrégation de Données; Multicanale; Open-Source; Relation Client and Cloud-based solutions";Partnership;kbrw.com;
 Doriane;Nice, Alpes-Maritimes, Provence-Alpes-Côte D'Azur, France, Nice, Europe;83;Software Development;1984;"Agronomy testing
+16";Privately Held;doriane.fr;
 Opportunity;Nice, Alpes-Maritimes, Provence-Alpes-Côte D'Azur, France, Nice, Europe;90;Software Development;2005;"marketing conversationnel
+10";Privately Held;oppycx.com;
 France Active Nord;Lille, Nord, Hauts-de-France, France, Lille, Europe;31;Financial Services;;;Nonprofit;franceactive-nord.org;
 Fidesio - Agence digitale;Paris, Paris, Île-De-France, France, Europe;26;IT Services and IT Consulting;2006;"Web technologies
+29";Self-Owned;fidesio.com;
 PARTELYA CONSULTING;Neuilly-sur-Marne, Seine-Saint-Denis, Île-De-France, France, Le Raincy, Europe;66;IT Services and IT Consulting;2008;"Monétique
+5";Privately Held;partelya.com;
 AVA6;Limonest, Rhône, Auvergne-Rhône-Alpes, France, Lyon, Europe;124;IT Services and IT Consulting;2008;"Expertise & Ingénierie Informatique
+15";Privately Held;ava6.fr;
 IGN FI;Paris, Paris, Île-De-France, France, Europe;121;IT Services and IT Consulting;1986;"Cartography
+7";Self-Employed;ignfi.fr;
 DUONEXT;Boulogne-Billancourt, Hauts-de-Seine, Île-De-France, France, Boulogne-Billancourt, Europe;37;IT Services and IT Consulting;2007;"SAPBW
+22";Privately Held;duonext.com;
 Nova In Silico;Lyon, Rhône, Auvergne-Rhône-Alpes, France, Lyon, Europe;57;Software Development;2010;"Pharmaceutical R&D
+8";Privately Held;novainsilico.ai;
 MooM;Roubaix, Hauts-De-France, France;39;Technology, Information and Internet;2020;"Economie Circulaire
+7";Partnership;nicsell.com;
 Letus Private Office;Paris, Paris, Île-De-France, France, Europe;38;Financial Services;2016;;Self-Employed;letusprivateoffice.com;
 Plany;Mandelieu-la-Napoule, Alpes-Maritimes, Provence-Alpes-Côte D'Azur, France, Grasse, Europe;55;Software Development;2016;"Logiciel
+15";Privately Held;plany.jobs;
 WeProov;Paris, Paris, Île-De-France, France, Europe;27;IT Services and IT Consulting;2015;;Privately Held;weproov.com;
 METALINE DATA CENTER SERVICES;Nanterre, Hauts-de-Seine, Île-De-France, France, Nanterre, Europe;159;IT Services and IT Consulting;2011;"Conseil Service
+8";Public Company;metaline.fr;
 TEEPTRAK;Paris, Paris, Île-De-France, France, Europe;37;Software Development;2014;"OEELean manufacturing
+11";Partnership;teeptrak.com;
 AdUX;France, Europe;230;Technology, Information and Internet;1996;"User ExperienceVideo
+12";Public Company;adux.ca;
 SOMA;Paris, Paris, Île-De-France, France, Europe;73;IT Services and IT Consulting;2020;"#IA#Digital
+16";Privately Held;soma.com;
 Monstock;Bézannes, Marne, Grand Est, France, Reims, Europe;26;Software Development;2017;"Gestion des stocksSaaS
+2";Self-Owned;monstock.fr;
 WE ARE BEEBAY;Paris, Paris, Île-De-France, France, Europe;27;IT Services and IT Consulting;;;Privately Held;wearebeebay.com;
 Dev-id;Marseille, Bouches-du-Rhône, Provence-Alpes-Côte D'Azur, France, 1er Arr., Europe;106;Software Development;2017;"Applications MobilesVR
+16";Self-Owned;dev-id.fr;
 Upciti;Montreuil, Seine-Saint-Denis, Île-De-France, France, Bobigny, Europe;43;Technology, Information and Internet;2017;"Smart City
+11";Partnership;upciti.com;
 Altays;Paris, Paris, Île-De-France, France, Europe;68;Software Development;1998;"Gestion RH et Management
+27";Privately Held;altays.com;
 3P - France;Strasbourg, Bas-Rhin, Grand Est, France, Strasbourg, Europe;36;Software Development;2001;"Public Procurement
+15";Privately Held;3p-france.com;
 Atome;Levallois-Perret, Hauts-de-Seine, Île-De-France, France, Nanterre, Europe;26;IT Services and IT Consulting;;"Conseil & Management
+3";Partnership;atome.com;
 Tyredating;Lyon, Rhône, Auvergne-Rhône-Alpes, France, Lyon, Europe;57;Technology, Information and Internet;2008;"digitale-commerce
+9";Privately Held;tyredating.com;
 I-LEAD CONSULTING;Paris, Paris, Île-De-France, France, Europe;31;IT Services and IT Consulting;;"Systèmes & DevOps / DevSecOps
+3";Privately Held;i-leadconsulting.com;
 INOCO;Paris, Paris, Île-De-France, France, Europe;42;IT Services and IT Consulting;2018;"ConseilDigital
+19";Privately Held;inoco.fr;
 YMO;Paris, Paris, Île-De-France, France, Europe;53;Financial Services;2019;"FinTech
+8";Privately Held;ymo.africa;
 SMAG;Châlons-en-Champagne, Marne, Grand Est, France, Châlons-en-Champagne, Europe;243;Software Development;;;Partnership;smag.tech;
 NEOSILVER;Paris, Paris, Île-De-France, France, Europe;156;Technology, Information and Internet;2018;"activitéssport
+21";Privately Held;neosilver.fr;
 Advance Capital TAS;Lyon, Rhône, Auvergne-Rhône-Alpes, France, Lyon, Europe;92;Financial Services;;"Transaction Services
+6";Privately Held;advancecapital.com;
 1Life - part of visiativ;St.-Priest, Rhône, Auvergne-Rhône-Alpes, France, Lyon, Europe;83;Software Development;;"ERPGED
+7";Privately Held;societeinfo.com;
 Himydata;Valbonne, Alpes-Maritimes, Provence-Alpes-Côte D'Azur, France, Grasse, Europe;24;IT Services and IT Consulting;2017;"databigdata
+16";Partnership;himydata.com;
 Apodis;Tours, Indre-et-Loire, Centre-Val de Loire, France, Tours, Europe;53;Software Development;;"Laboratoires éthiques
+15";Privately Held;domainseller.site;
 Onbrane;Paris, Paris, Île-De-France, France, Europe;20;Financial Services;2018;"fintechfinance
+14";Privately Held;onbrane.com;
 Syrtals;Issy-les-Moulineaux, Hauts-de-Seine, Île-De-France, France, Boulogne-Billancourt, Europe;44;Financial Services;1997;"Conseil & stratégie
+22";Partnership;syrtals.com;
 Napta;Paris, Paris, Île-De-France, France, Europe;82;Technology, Information and Internet;2016;"Skills Tracking
+13";Privately Held;napta.io;
 Moha;Lille, Nord, Hauts-de-France, France, Lille, Europe;57;Software Development;2019;"SantéBien-être
+14";Privately Held;moha.fr;
 Syntax Genie;Divonne-les-Bains, Ain, Auvergne-Rhône-Alpes, France, Gex, Europe;34;Software Development;2020;"Mobile App Development
+8";Privately Held;syntaxgenie.com;
 la Vitre;St.-Herblain, Loire-Atlantique, Pays de la Loire, France, Nantes, Europe;23;Software Development;2019;;Privately Held;vitre.fr;
 Zozio;Paris, Paris, Île-De-France, France, Europe;22;Software Development;2019;"Industrie of the Future
+13";Privately Held;hugedomains.com;
 Sogelink Group;Caluire-et-Cuire, Rhône, Auvergne-Rhône-Alpes, France, Lyon, Europe;562;IT Services and IT Consulting;;;Privately Held;sogelink.com;
 Edda;Paris, Paris, Île-De-France, France, Europe;41;Software Development;2017;"Investment management
+8";Privately Held;edda.fr;
 CloudShift;Paris, Paris, Île-De-France, France, Europe;24;IT Services and IT Consulting;2018;"Cloud Computing
+10";Privately Held;cloudshift.fr;
 ADN Consulting;Villeneuve-d'Ascq, Nord, Hauts-de-France, France, Lille, Europe;59;IT Services and IT Consulting;;"Conseil
+17";Privately Held;adn-consulting.fr;
 Visibrain France;Paris, Paris, Île-De-France, France, Europe;21;Technology, Information and Internet;;"Veille temps-réel
+13";Privately Held;visibrain.com;
 Kuunda;Forbach, Moselle, Grand Est, France, Forbach, Europe;49;Financial Services;2018;"data science
+4";Privately Held;kuunda.com;
 Mojo;Paris, Paris, Île-De-France, France, Europe;29;Technology, Information and Internet;2017;;Privately Held;mojo.com;
 Axxès;Lyon, Rhône, Auvergne-Rhône-Alpes, France, Lyon, Europe;131;Financial Services;2005;"transportlogistic
+2";Privately Held;axxes.eu;
 COFICERT;Paris, Paris, Île-De-France, France, Europe;20;Financial Services;;;Nonprofit;coficert.org;
 Oxand;Paris, Paris, Île-De-France, France, Europe;61;IT Services and IT Consulting;2002;"Asset Management
+18";Privately Held;oxand.com;
 EasyPicky;Montpellier, Hérault, Occitanie, France, Montpellier, Europe;39;Software Development;2017;;Privately Held;easypicky.com;
 Datagram;Paris, Paris, Île-De-France, France, Europe;26;IT Services and IT Consulting;2018;"predictive analytics
+6";Privately Held;datagram.ai;
 COLIBRI S&OP;Boulogne-Billancourt, Hauts-de-Seine, Île-De-France, France, Boulogne-Billancourt, Europe;36;Software Development;2015;"Demand planning
+2";Privately Held;colibris.io;
 Huawei Digital Power France;Boulogne-Billancourt, Île-De-France, France;32;Technology, Information and Internet;;"Huawei FusionSolar
+5";Privately Held;huawei.com;
 QUABLE;Paris, Paris, Île-De-France, France, Europe;38;Software Development;2013;"e-commerce
+11";Partnership;quable.com;
 VNB-IT;Pontoise, Val-d'Oise, Île-De-France, France, Pontoise, Europe;35;IT Services and IT Consulting;2022;"Prestation Informatique
+6";Self-Owned;vnb-it.fr;
 Alcmeon;France, Europe;39;Software Development;2011;"Customer Care
+12";Privately Held;alcmeon.ai;
 Eldo;Toulouse, Haute-Garonne, Occitanie, France, Toulouse, Europe;76;Software Development;2016;"renovation
+7";Privately Held;eldosoft.fr;
 Zenpark;France, Europe;30;Technology, Information and Internet;2011;"ParkingIT
+4";Privately Held;zenpark.com;
 Dalt - Digitale alternative;Lille, Nord, Hauts-de-France, France, Lille, Europe;30;Technology, Information and Internet;2008;"e-commerce
+26";Privately Held;dalt.fr;
 Infobam;Martinique, France, Europe;73;IT Services and IT Consulting;2004;"Informatique de Gestion
+5";Privately Held;infobam.fr;
 ATHENA Experts;Paris, Paris, Île-De-France, France, Europe;21;IT Services and IT Consulting;2007;"Cybersécurité
+12";Privately Held;rocketreach.co;
 LOGIROAD;La Chevrolière, Loire-Atlantique, Pays de la Loire, France, Nantes, Europe;48;Software Development;2012;"Editeur de Logiciels de Gestion des Routes
+6";Privately Held;logiroad.fr;
 Ascentry France (ex BYG4lab);L'Union, Haute-Garonne, Occitanie, France, Toulouse, Europe;96;Software Development;;"Middleware
+10";Privately Held;ascentry.com;
 Opensee;Paris, Paris, Île-De-France, France, Europe;86;Financial Services;2015;"Financial Institutions
+25";Privately Held;opensee.io;
 INTENCIAL Patrimoine;Paris, Paris, Île-De-France, France, Europe;64;Financial Services;2016;;Public Company;intencial.fr;
 Fentech;Paris, Paris, Île-De-France, France, Europe;23;IT Services and IT Consulting;;"Artifical intelligence
+9";Privately Held;fentech.co;
 COAXIS;Fauguerolles, Lot-et-Garonne, Nouvelle-Aquitaine, France, Marmande, Europe;124;IT Services and IT Consulting;2000;"Hébergement
+6";Privately Held;coaxis.com;
 AlumnForce - Alumni Students Success Platform;Paris, Paris, Île-De-France, France, Europe;32;Software Development;2008;"Alumni web solution
+9";Privately Held;alumnforce.com;
 GENCI;Paris, Paris, Île-De-France, France, Europe;26;IT Services and IT Consulting;2007;"High Performance Computing
+5";Government Agency;genci.fr;
 DecideOm - Expert Data & IA;Marcq-en-Barœul, Nord, Hauts-de-France, France, Lille, Europe;179;IT Services and IT Consulting;2008;"Informatique décisionnelle
+26";Privately Held;decideom.fr;
 ELAN-GROUPE HEXAPAGE;Le Coteau, Loire, Auvergne-Rhône-Alpes, France, Roanne, Europe;45;IT Services and IT Consulting;1988;"Gestion Documentaire
+15";Partnership;elan-new.com;
 igonogo;Grenoble, Isère, Auvergne-Rhône-Alpes, France, Grenoble, Europe;22;Software Development;2021;"Behavior
+18";Privately Held;igonogo.io;
 Ma Salle de Sport;Paris, Paris, Île-De-France, France, Europe;130;Software Development;2008;"FormeFitness
+1";Partnership;masalledesport.com;
 Yavin;Paris, Paris, Île-De-France, France, Europe;69;IT Services and IT Consulting;;;Privately Held;yavin.com;
 Treez Data Management;Villeneuve-d'Ascq, Nord, Hauts-de-France, France, Lille, Europe;44;IT Services and IT Consulting;2015;"Business Intelligence
+5";Self-Owned;treez.fr;
 Instadrone;Villeneuve-lès-Béziers, Hérault, Occitanie, France, Béziers, Europe;57;IT Services and IT Consulting;2014;Prestation technique par drone;Privately Held;instadrone.fr;
 Wyll;Frouzins, Haute-Garonne, Occitanie, France, Muret, Europe;46;IT Services and IT Consulting;2021;"devopscloud
+9";Privately Held;wyll.io;
 MANGANELLI;Marcq-en-Barœul, Nord, Hauts-de-France, France, Lille, Europe;73;IT Services and IT Consulting;1996;"Digital Signage
+18";Privately Held;manganelli.com;
 Turgot Asset Management;Paris, Paris, Île-De-France, France, Europe;23;Financial Services;2008;;Privately Held;groupemagellim.com;
 YZR;Paris, Paris, Île-De-France, France, Europe;54;Software Development;2018;"iamachine learning
+2";Privately Held;yzr.ai;
 Manao;Paris, Paris, Île-De-France, France, Europe;90;IT Services and IT Consulting;2018;"Salesforce
+17";Privately Held;manaoparis.net;
 KESTIO Performance Commerciale et Expérience Client;Lyon, Rhône, Auvergne-Rhône-Alpes, France, Lyon, Europe;33;Software Development;2005;"Customer Experience
+23";Privately Held;kestio.com;
 Apiday;Paris, Paris, Île-De-France, France, Europe;45;Software Development;2021;"ESGSustainability
+3";Privately Held;apiday.fr;
 UNITEC;Pessac, Nouvelle-Aquitaine, France;105;IT Services and IT Consulting;1990;"Accompagnement de start-up
+12";Nonprofit;unitec.fr;
 HLP Audit;Chareil-Cintrat, Allier, Auvergne-Rhône-Alpes, France, Moulins, Europe;114;Financial Services;1989;"Expertise comptable
+7";Partnership;hlp-audit.fr;
 CLEARSY;France, Europe;134;IT Services and IT Consulting;2001;"Safety Critical Systems
+15";Privately Held;clearsy.com;
 AXECIBLES;Marcq-en-Barœul, Nord, Hauts-de-France, France, Lille, Europe;163;Technology, Information and Internet;2001;"hébergement
+3";Partnership;axecibles.com;
 TDS By Nomios Cyber, Network & Security Talent Profiler;Issy-les-Moulineaux, Hauts-de-Seine, Île-De-France, France, Boulogne-Billancourt, Europe;38;IT Services and IT Consulting;2018;;Partnership;tds-technologies.net;
 FIDUCIAL Informatique;Lyon, Rhône, Auvergne-Rhône-Alpes, France, Lyon, Europe;273;Software Development;2000;"Solutions Informatiques
+11";;fiducial.fr;
 Unitel Group;Marseille, Bouches-du-Rhône, Provence-Alpes-Côte D'Azur, France, 1er Arr., Europe;49;IT Services and IT Consulting;2014;"immobilier
+10";Privately Held;unitel.fr;
 Telescop;Paris, Paris, Île-De-France, France, Europe;23;Software Development;2015;"immobilier
+21";Privately Held;telescop.com;
 DIGITEKA;Paris, Paris, Île-De-France, France, Europe;26;Technology, Information and Internet;2007;"premium video
+17";Partnership;digiteka.com;
 Wipple;Villeneuve-d'Ascq, Nord, Hauts-de-France, France, Lille, Europe;47;IT Services and IT Consulting;2010;"Visioconférence
+19";Partnership;wipple.fr;
 Kurmi Software;Boulogne-Billancourt, Hauts-de-Seine, Île-De-France, France, Boulogne-Billancourt, Europe;104;Software Development;2011;"Software Development
+16";Privately Held;kurmisoftware.fr;
 HITECHPROS;Antony, Hauts-de-Seine, Île-De-France, France, Antony, Europe;25;IT Services and IT Consulting;2001;"Mise en relation des acteurs du marché de l'informatique
+17";Public Company;hitechpros.com;
 XWiki;Paris, Paris, Île-De-France, France, Europe;75;Software Development;2004;"wikiopen source
+18";Privately Held;xwiki.fr;
 Aletiq;Paris, Paris, Île-De-France, France, Europe;30;Software Development;;;Privately Held;aletiq.com;
 HRmaps;Chaponost, Auvergne-Rhône-Alpes, France;38;Software Development;;;Partnership;hrmaps.fr;
 Spiriit;Montpellier, Hérault, Occitanie, France, Montpellier, Europe;46;Technology, Information and Internet;1998;"Drupal
+14";Privately Held;spiriit.com;
 DOCARET;Rueil-Malmaison, Hauts-de-Seine, Île-De-France, France, Nanterre, Europe;72;IT Services and IT Consulting;1983;"Ingénièrie Documentaire
+7";Privately Held;docaret.com;
 CS in Defense & Security;Aix-en-Provence, Bouches-du-Rhône, Provence-Alpes-Côte D'Azur, France, Aix-en-Provence, Europe;104;IT Services and IT Consulting;1996;"Tactical Data Links Systems
+4";Privately Held;cs-soprasteria.com;
 Retail VR;Nantes, Loire-Atlantique, Pays de la Loire, France, Nantes, Europe;21;IT Services and IT Consulting;2018;"virtual realityRetail
+9";Privately Held;hugedomains.com;
 iRaiser;Saint-Sébastien-sur-Loire, Loire-Atlantique, Pays de la Loire, France, Nantes, Europe;75;Technology, Information and Internet;2012;"Online fundraising
+7";Privately Held;iraiser.com;
 Amblea;Paris, Paris, Île-De-France, France, Europe;32;Software Development;2018;"SantéMobilité
+9";Privately Held;amblea.fr;
 MIA by Digitalent;Paris, Paris, Île-De-France, France, Europe;110;Software Development;;"intelligence artificielle
+6";Self-Owned;lemagit.fr;
 SUD CONTRACTORS;Gruissan, Aude, Occitanie, France, Narbonne, Europe;66;Software Development;2014;"Ingénierie Informatique
+19";Privately Held;sudcontractors.com;
 Elée;Puteaux, Hauts-de-Seine, Île-De-France, France, Nanterre, Europe;92;IT Services and IT Consulting;2010;"Optimisation des actifs logiciels
+26";Privately Held;elee.com;
 DigitalRecruiters;Boulogne-Billancourt, Hauts-de-Seine, Île-De-France, France, Boulogne-Billancourt, Europe;26;Software Development;2015;"Logiciel de recrutement
+2";Privately Held;cegid.com;
 Antenia;Lille, Nord, Hauts-de-France, France, Lille, Europe;79;Software Development;2007;Edition progiciel Assurance;Privately Held;antenia.com;
 Everysens;Paris, Paris, Île-De-France, France, Europe;39;Software Development;2015;"Rail freight
+3";Privately Held;everysens.com;
 ESTREEM;Paris, Paris, Île-De-France, France, Europe;155;Financial Services;2024;;Privately Held;estreem.eu;
 dejamobile;Hérouville-Saint-Clair, Calvados, Normandie, France, Caen, Europe;44;Technology, Information and Internet;;"Mobile Payments
+10";Privately Held;dejamobile.com;
 Koyeb;Lyon, Rhône, Auvergne-Rhône-Alpes, France, Lyon, Europe;22;Software Development;2020;;Privately Held;koyeb.fr;
 Toovalu;Nantes, Loire-Atlantique, Pays de la Loire, France, Nantes, Europe;40;Software Development;2012;"Stratégie ClimatRSE
+2";Partnership;toovalu.com;
 DJUST;Paris, Paris, Île-De-France, France, Europe;57;Technology, Information and Internet;2020;"B2B eCommerce
+7";Privately Held;djust.com;
 Simplébo;Paris, Paris, Île-De-France, France, Europe;80;Technology, Information and Internet;2016;"Simplicité
+19";Privately Held;simplebo.fr;
 inensia;Paris, Paris, Île-De-France, France, Europe;96;IT Services and IT Consulting;2017;"Product Lifecycle Management
+13";Privately Held;inensia.com;
 CEDREO;St.-Herblain, Loire-Atlantique, Pays de la Loire, France, Nantes, Europe;45;Software Development;2005;"Architecture 3D
+23";Privately Held;cedreo.com;
 Oxxeo;Cesson-Sévigné, Ille-et-Vilaine, Bretagne, France, Rennes, Europe;47;IT Services and IT Consulting;2017;"Conseil et ingénierie digitale : Architecture & Développement d'applications
+2";Privately Held;oxxeo.fr;
 YOOLIZ;Lissieu, Rhône, Auvergne-Rhône-Alpes, France, Lyon, Europe;40;Financial Services;2018;"Location Moyenne Durée (LMD)
+13";Privately Held;yooliz.fr;
 Optimistik;Chambéry, Savoie, Auvergne-Rhône-Alpes, France, Chambéry, Europe;35;Software Development;2015;"Analyse de données
+5";Privately Held;optimistik.com;
 Pixacare;Kreac'H Ar Hamm, Finistère, Bretagne, France, Brest, Europe;21;Software Development;2019;"Medical Photography
+3";Self-Owned;pixacare.com;
 Ospi;Lyon, Rhône, Auvergne-Rhône-Alpes, France, Lyon, Europe;159;Software Development;1998;"IAPMSI
+10";Privately Held;ospi.fr;
 UNIS;Villeneuve-d'Ascq, Nord, Hauts-de-France, France, Lille, Europe;345;Software Development;1989;"Conseil
+29";Privately Held;unis.fr;
 CircularX;Gentilly, Val-de-Marne, Île-De-France, France, L'Haÿ-les-Roses, Europe;32;Software Development;2021;;Privately Held;circularx.com;
 Funbooker;Paris, Paris, Île-De-France, France, Europe;46;Technology, Information and Internet;2017;"Réservation en ligne d'activités et d'expériences de loisirs
+7";Privately Held;funbooker.com;
 Carrevolutis;Paris, Paris, Île-De-France, France, Europe;31;Technology, Information and Internet;2009;"recrutement
+3";Privately Held;carrevolutis.com;
 Acelys Services Numériques;Montpellier, Hérault, Occitanie, France, Montpellier, Europe;174;Software Development;1997;"WebPHP
+15";Privately Held;acelys.fr;
 Neteven;Paris, Paris, Île-De-France, France, Europe;29;Software Development;2005;"ecommerce
+4";Privately Held;neteven.com;
 ADEQUATI;Paris, Paris, Île-De-France, France, Europe;23;IT Services and IT Consulting;2018;"Cybersécurité
+7";Privately Held;adequati.com;
 mtor;Hyères, Var, Provence-Alpes-Côte D'Azur, France, Toulon, Europe;114;Technology, Information and Internet;;;Privately Held;mtor.fr;
 Ymanci Officiel;Gondreville, Meurthe-et-Moselle, Grand Est, France, Toul, Europe;278;Financial Services;;;Privately Held;ymanci.fr;
 Micro Conseil International;Orly, Val-de-Marne, Île-De-France, France, Créteil, Europe;34;IT Services and IT Consulting;1983;"appletechnologie
+9";Privately Held;microconseil.com;
 MOOVENCY;Cesson-Sévigné, Ille-et-Vilaine, Bretagne, France, Rennes, Europe;22;Software Development;2018;"Troubles musculo squelettiques
+12";Self-Owned;moovency.com;
 KOUKA;Paris, Paris, Île-De-France, France, Europe;30;IT Services and IT Consulting;2019;;Privately Held;kouka.io;
 SoCloz;France, Europe;41;Software Development;2012;"Web to store
+11";Privately Held;socloz.com;
 OPTIMUM CIT;La Seyne-sur-Mer, Var, Provence-Alpes-Côte D'Azur, France, Toulon, Europe;56;Software Development;1982;"Optique
+5";Privately Held;optimumcit.com;
 Clevertech France;Paris, Paris, Île-De-France, France, Europe;22;IT Services and IT Consulting;2016;;Partnership;clevertech.fr;
 Heex Technologies;Paris, Paris, Île-De-France, France, Europe;31;Software Development;2019;"Software
+5";Privately Held;heex.io;
 ComeUp;Paris, Paris, Île-De-France, France, Europe;799;Technology, Information and Internet;2013;;Privately Held;comeup.com;
 Skytale;Aix-en-Provence, Bouches-du-Rhône, Provence-Alpes-Côte D'Azur, France, Aix-en-Provence, Europe;82;Technology, Information and Internet;2019;"Numérique
+10";Nonprofit;skytale.fr;
 Optipark;Nanterre, Hauts-de-Seine, Île-De-France, France, Nanterre, Europe;28;IT Services and IT Consulting;2006;;Privately Held;optipark-france.fr;
 Maela;Lyon, Rhône, Auvergne-Rhône-Alpes, France, Lyon, Europe;22;Software Development;2014;"e-santé
+7";Privately Held;maela.fr;
 Privé Technologies;Pont-du-Casse, Lot-et-Garonne, Nouvelle-Aquitaine, France, Agen, Europe;158;Financial Services;2011;"wealth management
+7";Privately Held;privetechnologies.com;
 CARL Software;Limonest, Rhône, Auvergne-Rhône-Alpes, France, Lyon, Europe;173;Software Development;;;Privately Held;carl-software.fr;
 IWD Retail Software;Paris, Paris, Île-De-France, France, Europe;113;Software Development;2000;"merchandising
+9";Privately Held;iwd.io;
 Modeo;Paris, Paris, Île-De-France, France, Europe;29;IT Services and IT Consulting;2019;"Data Engineering
+17";Privately Held;modeo.io;
 Gammeo;Dijon, Côte-d'Or, Bourgogne-Franche-Comté, France, Dijon, Europe;23;Software Development;2013;"ImmobilierGMAO
+9";Privately Held;gammeo.com;
 REACTIS Group;Aix-en-Provence, Bouches-du-Rhône, Provence-Alpes-Côte D'Azur, France, Aix-en-Provence, Europe;164;IT Services and IT Consulting;2001;"Consulting
+19";Privately Held;reactis.fr;
 Witco;Paris, Paris, Île-De-France, France, Europe;94;Software Development;2016;"QVTstartup
+13";Privately Held;witco.io;
 Toshiba TFIS;Rueil-Malmaison, Île-De-France, France;168;Technology, Information and Internet;2001;"Gestion de documents
+7";Privately Held;toshibatec.fr;
 Premista;Gondreville, Meurthe-et-Moselle, Grand Est, France, Toul, Europe;156;Financial Services;;"regroupement de crédits
+2";Privately Held;premista.com;
 SideAngels;Paris, Paris, Île-De-France, France, Europe;28;Financial Services;2020;;Privately Held;sideangels.fr;
 AlphaValue;Paris, Paris, Île-De-France, France, Europe;53;Financial Services;2007;"equity research
+2";Privately Held;alphavalue.com;
 Dolmen;Rennes, Ille-et-Vilaine, Bretagne, France, Rennes, Europe;78;IT Services and IT Consulting;2011;Marketing Local Digital and Solutions marketing en point de vente;Privately Held;dolmen.tech;
 Exodata;La Réunion, France, Europe;132;IT Services and IT Consulting;2012;"Managed Service Provider
+12";Privately Held;exodata.fr;
 MARKENTIVE;Paris, Paris, Île-De-France, France, Europe;63;IT Services and IT Consulting;2012;"Conseil en stratégie
+23";Privately Held;markentive.com;
 projetsolaire.com;Marseille, Bouches-du-Rhône, Provence-Alpes-Côte D'Azur, France, 1er Arr., Europe;20;Technology, Information and Internet;2020;"solar energy
+10";Privately Held;pv-magazine.fr;
 Fleetenergies;Marseille, Bouches-du-Rhône, Provence-Alpes-Côte D'Azur, France, 1er Arr., Europe;40;Software Development;2009;;Privately Held;fleetenergies.fr;
 ADELIUS | La Home Sweet Company;Neuilly-sur-Seine, Hauts-de-Seine, Île-De-France, France, Nanterre, Europe;64;IT Services and IT Consulting;2011;"Production & Exploitation
+9";Privately Held;lahsc.fr;
 ABAS France;Villeurbanne, Rhône, Auvergne-Rhône-Alpes, France, Lyon, Europe;40;IT Services and IT Consulting;2005;"ERPEDI
+24";Partnership;abas-erp.com;
 N7 Consulting;Toulouse, Haute-Garonne, Occitanie, France, Toulouse, Europe;53;IT Services and IT Consulting;1977;"Informatique
+11";Nonprofit;n7consulting.fr;
 evoliz;La Garde, Var, Provence-Alpes-Côte D'Azur, France, Toulon, Europe;57;Software Development;2010;"Gestion commerciale
+12";Privately Held;evoliz.com;
 Kang.fr;France, Europe;90;Technology, Information and Internet;2012;"Sharing economy
+2";Privately Held;kang.fr;
 Amelkis;Paris, Paris, Île-De-France, France, Europe;71;Software Development;2004;"Consolidation
+9";Privately Held;amelkis-solutions.com;
 AGRUME;Lyon, Rhône, Auvergne-Rhône-Alpes, France, Lyon, Europe;30;Software Development;2016;"logiciel rh
+15";Privately Held;agrume.fr;
 Do IT Now;Montpellier, Hérault, Occitanie, France, Montpellier, Europe;140;IT Services and IT Consulting;2020;"hpcbig data
+4";Privately Held;doitnowgroup.com;
 France-IX;Paris, Paris, Île-De-France, France, Europe;36;Technology, Information and Internet;2010;"peeringIXP
+14";Nonprofit;franceix.net;
 Mercateam;Paris, Paris, Île-De-France, France, Europe;43;Software Development;2020;"industrie
+17";Privately Held;gdacademy.fr;
 Samp;Paris, Paris, Île-De-France, France, Europe;58;Software Development;2019;"artificial intelligence3D
+20";Privately Held;samp.com;
 kShuttle;Courbevoie, Hauts-de-Seine, Île-De-France, France, Nanterre, Europe;162;Software Development;2015;"Pilier 2CSRD
+6";Partnership;kshuttle.io;
 GETJUST;Paris, Paris, Île-De-France, France, Europe;76;Technology, Information and Internet;;"E-commerceCRO
+3";Privately Held;getjust.eu;
 Altametris;Saint-Denis, Seine-Saint-Denis, Île-De-France, France, Saint-Denis, Europe;53;IT Services and IT Consulting;2017;"Topographie
+9";Privately Held;altametris.com;
 IRBIS;Paris, Paris, Île-De-France, France, Europe;36;Financial Services;2015;"Placements financiers
+2";Partnership;irbis.fr;
 nona;Paris, Paris, Île-De-France, France, Europe;79;Software Development;2019;;Privately Held;nona.fr;
 Smart4 Engineering;Paris, Paris, Île-De-France, France, Europe;37;IT Services and IT Consulting;2019;"Business Intelligence
+25";Privately Held;smart4engineering.com;
 INFOTEM;Saint-Denis, Seine-Saint-Denis, Île-De-France, France, Saint-Denis, Europe;31;IT Services and IT Consulting;1980;"JAVAPHP
+17";Privately Held;infotem.fr;
 Arceane;Paris, Paris, Île-De-France, France, Europe;25;Financial Services;;"Acquisition d'entreprise
+11";Privately Held;arceane.com;
 Yeita;Paris, Paris, Île-De-France, France, Europe;49;Technology, Information and Internet;2021;;Privately Held;yeita.fr;
 Wirk;Paris, Paris, Île-De-France, France, Europe;32;IT Services and IT Consulting;2018;"CrowdsourcingIA
+3";Partnership;newcountry1031.com;
 PhantomBuster;Paris, Paris, Île-De-France, France, Europe;76;Technology, Information and Internet;2015;Sales Intelligence Software and Lead Generation;Privately Held;phantombuster.com;
 Consept - Assembleur de Talents;Orvault, Loire-Atlantique, Pays de la Loire, France, Nantes, Europe;43;IT Services and IT Consulting;2002;"R&DFAO
+7";Partnership;consept.fr;
 Notify AI;Paris, Paris, Île-De-France, France, Europe;44;Software Development;2016;"Data Activation
+20";Privately Held;notifyai.io;
 Otaree;Saint-Étienne, Loire, Auvergne-Rhône-Alpes, France, Saint-Étienne, Europe;44;Software Development;2018;"Immobilier neuf
+14";Partnership;otaree.com;
 Tool4staffing;Montpellier, Hérault, Occitanie, France, Montpellier, Europe;34;Software Development;2015;"Human ressources
+6";Privately Held;tool4staffing.com;
 Melbourne Capital Group;Tourcoing, Nord, Hauts-de-France, France, Lille, Europe;68;Financial Services;;;Privately Held;trustpilot.com;
 MIRARI Wealth Management;Paris, Paris, Île-De-France, France, Europe;37;Financial Services;2019;"Finance
+4";Privately Held;mirari-wm.com;
 ArcaScience;Paris, Paris, Île-De-France, France, Europe;23;Software Development;2018;"Ontology Enrichment
+16";Privately Held;arcascience.io;
 FindMe;Paris, Paris, Île-De-France, France, Europe;29;Technology, Information and Internet;2020;Spécialiste de l'adressage des domiciles;Privately Held;findme.com;
 Square Sense;Paris, Paris, Île-De-France, France, Europe;41;Software Development;2017;"IoTPropTech
+2";Privately Held;atom.com;
 Revolt.eco;Paris, Paris, Île-De-France, France, Europe;32;Software Development;2024;;Privately Held;revolt.eco;
 Tilkal;Paris, Paris, Île-De-France, France, Europe;31;Software Development;2017;"traceability
+16";Privately Held;tilkal.com;
 FLORNOY FERRI;Paris, Paris, Île-De-France, France, Europe;49;Financial Services;2006;Gestion sous mandat and Gestion collective;Privately Held;flornoyferri.com;
 SatisFactoryFr;Levallois-Perret, Hauts-de-Seine, Île-De-France, France, Nanterre, Europe;40;Software Development;2008;"Satisfaction client
+12";Partnership;satisfactoryfr.com;
 Groupe Hexagone;Paris, Paris, Île-De-France, France, Europe;36;Financial Services;2013;"Sélection et distribution de fonds
+4";Partnership;hexagone.fr;
 AdvanThink (ISoft);Saint-Aubin, Essonne, Île-De-France, France, Palaiseau, Europe;86;Software Development;1990;"Data Science Factory
+20";Privately Held;advanthink.com;
 Azira Europe;Paris, Paris, Île-De-France, France, Europe;37;Technology, Information and Internet;2014;"campagnes digitales omnicanales
+19";Privately Held;azira.com;
 ATM CONSULTING;Valence, Drôme, Auvergne-Rhône-Alpes, France, Valence, Europe;23;Software Development;2012;"Open Source
+18";Privately Held;atm-consulting.fr;
 Jooxter;Lille, Nord, Hauts-de-France, France, Lille, Europe;33;Software Development;2014;"Workplace Technologies
+27";Privately Held;jooxter.com;
 CLARILOG;Lesdins, Aisne, Hauts-de-France, France, Saint-Quentin, Europe;53;Software Development;2003;"IT Asset management
+9";Privately Held;clarilog.com;
 OKTEO;Ceyzériat, Ain, Auvergne-Rhône-Alpes, France, Bourg-en-Bresse, Europe;144;IT Services and IT Consulting;1971;"transformation digitale
+56";Privately Held;okteo.fr;
 Proxiel;Montpellier, Hérault, Occitanie, France, Montpellier, Europe;69;IT Services and IT Consulting;1999;;Privately Held;proxiel.com;
 WhiteDev;Villeneuve-d'Ascq, Nord, Hauts-de-France, France, Lille, Europe;29;Software Development;2008;"Developpement WebAR/VR
+10";Privately Held;wesyn.fr;
 mediarithmics;Paris, Paris, Île-De-France, France, Europe;66;Software Development;;"Data MarketingDMP
+11";Privately Held;mediarithmics.fr;
 nolej;Tourcoing, Nord, Hauts-de-France, France, Lille, Europe;30;Software Development;;;Privately Held;nolej.io;
 Digitalberry;Issy-les-Moulineaux, Hauts-de-Seine, Île-De-France, France, Boulogne-Billancourt, Europe;29;Software Development;2014;"Consulting
+16";Privately Held;digitalberry.fr;
 reciTAL;Paris, Paris, Île-De-France, France, Europe;32;Software Development;2017;"Traitement du langage naturel
+9";Privately Held;recital.fr;
 ReachFive;Paris, Paris, Île-De-France, France, Europe;41;Software Development;2014;"Gamification
+2";Partnership;reachfive.com;
 weekera;Nîmes, Gard, Occitanie, France, Nîmes, Europe;66;Software Development;;;Partnership;weekera.fr;
 ARealTI;Montigny-le-Bretonneux, Yvelines, Île-De-France, France, Versailles, Europe;26;IT Services and IT Consulting;2008;"temps réel
+13";Partnership;arealti.fr;
 Greenscope;Paris, Paris, Île-De-France, France, Europe;40;Software Development;2022;"reportingESG
+2";Privately Held;greenscope.io;
 Gedeon;Lyon, Rhône, Auvergne-Rhône-Alpes, France, Lyon, Europe;39;Financial Services;2022;"PERRetraite
+2";Privately Held;gedeon.com;
 PNO Innovation France;Paris, Paris, Île-De-France, France, Europe;104;Financial Services;;;Partnership;pnoinnovation.com;
 m19;Paris, Paris, Île-De-France, France, Europe;31;Technology, Information and Internet;2018;"RetailMedia
+13";Privately Held;le19m.com;
 KITVIEW;Diedendorf, Bas-Rhin, Grand Est, France, Saverne, Europe;21;Software Development;2008;"Editeur de logiciel
+7";Privately Held;kitview.fr;
 Smart Global Governance;Valbonne, Alpes-Maritimes, Provence-Alpes-Côte D'Azur, France, Grasse, Europe;52;Software Development;2019;"GDPRDPO
+36";Privately Held;smartglobalgovernance.com;
 STYREL;Le Plessis-Pâté, Essonne, Île-De-France, France, Palaiseau, Europe;41;Software Development;1984;"LabVIEW
+9";Partnership;styrel.fr;
 Indépendance AM;Paris, Paris, Île-De-France, France, Europe;21;Financial Services;1993;"Portfolio management
+3";Privately Held;independance-am.com;
 EBS Group France;Bièvres, Essonne, Île-De-France, France, Palaiseau, Europe;86;Software Development;;"Progiciels de Gestion
+2";Partnership;ebsgroup.fr;
 Société Générale Factoring;Fontenay-sous-Bois, Val-de-Marne, Île-De-France, France, Nogent-sur-Marne, Europe;310;Financial Services;1974;"Poste Client
+7";Privately Held;societegenerale.com;
 fluentech;Paris, Paris, Île-De-France, France, Europe;27;IT Services and IT Consulting;2024;"Développement informatiqueTests
+13";Privately Held;fluentech.com;
 NSIS;Levallois-Perret, Hauts-de-Seine, Île-De-France, France, Nanterre, Europe;67;IT Services and IT Consulting;1997;;Privately Held;nsiservices.com;
 Lingua Custodia;Paris, Paris, Île-De-France, France, Europe;22;Technology, Information and Internet;2011;"Machine Translation
+13";Privately Held;linguacustodia.fr;
 BYG4lab France;L'Union, Haute-Garonne, Occitanie, France, Toulouse, Europe;100;Software Development;;"Middleware
+10";Privately Held;ascentry.com;
 Once For All France;Lyon, Rhône, Auvergne-Rhône-Alpes, France, Lyon, Europe;162;Technology, Information and Internet;2011;"Réseau business
+3";Privately Held;onceforall.fr;
 AppCraft.fr;Paris, Paris, Île-De-France, France, Europe;22;Software Development;2016;"Mobile AppEvent
+25";Partnership;appcraft.events;
 Antidots;Aix-les-Bains, Savoie, Auvergne-Rhône-Alpes, France, Chambéry, Europe;29;Technology, Information and Internet;2001;;Privately Held;antidots.com;
 TYLIA;Paris, Paris, Île-De-France, France, Europe;55;Financial Services;;"Tech Innovation
+16";Privately Held;tylia.fr;
 Neovision;Grenoble, Isère, Auvergne-Rhône-Alpes, France, Grenoble, Europe;37;IT Services and IT Consulting;2014;"apprentissage automatique
+18";Privately Held;neovision.fr;
 Quantic Groupe;Ivry-sur-Seine, Val-de-Marne, Île-De-France, France, Créteil, Europe;86;IT Services and IT Consulting;;"Systèmes d'Information
+16";Privately Held;quantic.fr;
 Sunny Asset Management;Paris, Paris, Île-De-France, France, Europe;28;Financial Services;2008;"Fonds d'investissement
+27";Partnership;sunny-am.com;
 Kereis;Paris, Paris, Île-De-France, France, Europe;199;Financial Services;;;Privately Held;kereis.com;
 GCS Sara;Aubière, Puy-de-Dôme, Auvergne-Rhône-Alpes, France, Clermont-Ferrand, Europe;57;IT Services and IT Consulting;;;Nonprofit;sante-ara.fr;
 STEAMULO;Paris, Paris, Île-De-France, France, Europe;53;Technology, Information and Internet;2013;"WebMobile
+5";Self-Owned;steamulo.fr;
 Wineriz;Bordeaux, Gironde, Nouvelle-Aquitaine, France, Bordeaux, Europe;25;Software Development;2020;"gestion commercialecrm
+3";Privately Held;wineriz.com;
 Smart Tribune;Paris, Paris, Île-De-France, France, Europe;47;IT Services and IT Consulting;2011;"Customer Service
+17";Privately Held;smart-tribune.com;
 ASSIA, plateforme Santé & Assurance;Quimper, Finistère, Bretagne, France, Quimper, Europe;85;Software Development;1975;"Fournisseur de solutions de gestion des prestations santé à destination des acteurs de la protection sociale
+3";Privately Held;assia.fr;
 Navinspire IA;Paris, Paris, Île-De-France, France, Europe;25;Technology, Information and Internet;2024;;Privately Held;challenges.fr;
 Qo|Up;Lyon, Rhône, Auvergne-Rhône-Alpes, France, Lyon, Europe;41;IT Services and IT Consulting;2024;;Privately Held;qo-up.com;
 KEREN FINANCE;Paris, Paris, Île-De-France, France, Europe;23;Financial Services;2001;Gestion Collective and Gestion Privée;Self-Owned;kerenfinance.com;
 IODA Consulting;Aubagne, Bouches-du-Rhône, Provence-Alpes-Côte D'Azur, France, 1er Arr., Europe;42;Financial Services;2005;"Conseil en financement de l'innovation
+8";Partnership;iodaconsulting.fr;
 Scalingo;Strasbourg, Bas-Rhin, Grand Est, France, Strasbourg, Europe;38;IT Services and IT Consulting;2015;"Platform as a Service
+11";Privately Held;scalingo.com;
 auticon France;Paris, Paris, Île-De-France, France, Europe;22;IT Services and IT Consulting;2015;"ITautisme
+6";Privately Held;auticon.com;
 Zucchetti France;Asnières-sur-Seine, Hauts-de-Seine, Île-De-France, France, Nanterre, Europe;44;IT Services and IT Consulting;;;Public Company;zucchetti.fr;
 QuickMS;Marseille, Bouches-du-Rhône, Provence-Alpes-Côte D'Azur, France, 1er Arr., Europe;31;Software Development;2018;"contrôle de gestion sociale
+15";Partnership;quickms.fr;
 Deepomatic;Paris, Paris, Île-De-France, France, Europe;35;Software Development;2014;"Deep Learning
+11";Privately Held;deepomatic.com;
 ZeTrace;Lille, Nord, Hauts-de-France, France, Lille, Europe;30;Technology, Information and Internet;2018;"E-commerce
+10";Privately Held;zetrace.com;
 MAILEVA;Ivry-sur-Seine, Val-de-Marne, Île-De-France, France, Créteil, Europe;109;IT Services and IT Consulting;2002;"Dématérialisation
+3";Partnership;maileva.com;
 SMARTCIC Global Services;Cannes, Alpes-Maritimes, Provence-Alpes-Côte D'Azur, France, Grasse, Europe;33;IT Services and IT Consulting;2008;"Internet Connectivity
+20";Privately Held;smartcic.com;
 Primonial Partenaires;Paris, Paris, Île-De-France, France, Europe;37;Financial Services;2008;"Gestion de patrimoine
+4";Partnership;murano-is.com;
 Origins Digital;Paris, Paris, Île-De-France, France, Europe;53;IT Services and IT Consulting;2009;"Second Screen Expert
+16";Privately Held;hugedomains.com;
 Platana;Lille, Nord, Hauts-de-France, France, Lille, Europe;38;Software Development;2017;"SaasLogiciel
+12";Self-Owned;platana.fr;
 Filiz;Olonne-sur-Mer, Vendée, Pays de la Loire, France, Les Sables-d'Olonne, Europe;42;Software Development;2021;"cerfadigitalisation
+15";Partnership;filiz.io;
 Intent Technologies;Lille, Nord, Hauts-de-France, France, Lille, Europe;49;IT Services and IT Consulting;2011;"Editeur de logiciel
+18";Partnership;intent-technologies.fr;
 PARKER+PARKER;Bordeaux, Gironde, Nouvelle-Aquitaine, France, Bordeaux, Europe;21;Technology, Information and Internet;2003;"Marketing digital
+9";Privately Held;parkerparker.com;
 Pictime Groupe (groupe Claranet);Sainghin-en-Mélantois, Nord, Hauts-de-France, France, Lille, Europe;71;IT Services and IT Consulting;2002;"E-commerce
+11";Partnership;claranet.com;
 Oneytrust;Croix, Nord, Hauts-de-France, France, Lille, Europe;53;Software Development;2000;"Fraud Prevention
+12";Privately Held;oneytrust.com;
 ALTICAP;Caen, Calvados, Normandie, France, Caen, Europe;139;IT Services and IT Consulting;2000;"SAGEORANGE
+16";Partnership;alticap.com;
 Pictarine;Labège, Haute-Garonne, Occitanie, France, Toulouse, Europe;105;Technology, Information and Internet;2012;"photo printing
+16";Privately Held;pictarine.com;
 Tabesto by Deliverect;Paris, Paris, Île-De-France, France, Europe;60;Software Development;2016;;Privately Held;tabesto.com;
 Klaro;Paris, Paris, Île-De-France, France, Europe;56;IT Services and IT Consulting;2019;"HRTech
+6";Privately Held;klaro.fr;
 XRPL Commons;Paris, Paris, Île-De-France, France, Europe;24;Technology, Information and Internet;2023;"XRPLWeb3
+3";Nonprofit;xrpl-commons.org;
 EiC Corporation;Courbevoie, Hauts-de-Seine, Île-De-France, France, Nanterre, Europe;85;Financial Services;2009;"Education Financière
+10";Nonprofit;hugedomains.com;
 Ypareo (Septeo Education);Dijon, Côte-d'Or, Bourgogne-Franche-Comté, France, Dijon, Europe;119;Software Development;;"Logiciel de gestion pour organisme de formation
+5";Partnership;ymag.fr;
 MEXTOR;Paris, Paris, Île-De-France, France, Europe;24;IT Services and IT Consulting;2001;"Cloud Computing
+6";Public Company;mextor.com;
 Cofidis Business Solutions;Villeneuve-d'Ascq, Nord, Hauts-de-France, France, Lille, Europe;134;Financial Services;;"Facilités de paiement
+4";Self-Owned;cofidis-business-solutions.fr;
 Superpictor;Lyon, Rhône, Auvergne-Rhône-Alpes, France, Lyon, Europe;21;IT Services and IT Consulting;2018;"broderie
+12";Privately Held;superpictor.com;
 Redpill;Paris, Paris, Île-De-France, France, Europe;73;Software Development;2015;"Conseil
+11";Privately Held;redpill.com;
 Metroscope;Paris, Paris, Île-De-France, France, Europe;57;Software Development;2018;;Privately Held;metroscope.com;
 Oligos;Neuilly-sur-Seine, Hauts-de-Seine, Île-De-France, France, Nanterre, Europe;53;IT Services and IT Consulting;;PEGA and Pegasystems;Privately Held;atom.com;
 OLEDCOMM;Vélizy-Villacoublay, Yvelines, Île-De-France, France, Versailles, Europe;31;IT Services and IT Consulting;2012;"Li-Fi (Light-Fidelity)
+12";Privately Held;oledcomm.fr;
 ARTEFACTO;Betton, Ille-et-Vilaine, Bretagne, France, Rennes, Europe;145;Software Development;1998;"VideoVisite 360°
+8";Privately Held;artefacto-ar.com;
 Prof en Poche;Pau, Pyrénées-Atlantiques, Nouvelle-Aquitaine, France, Pau, Europe;35;Technology, Information and Internet;2015;"Edition de logiciels
+3";Privately Held;profenpoche.com;
 GECI International;Paris, Paris, Île-De-France, France, Europe;89;IT Services and IT Consulting;1980;"ITSmart city
+7";Public Company;boursorama.com;
 OVB Conseils en Patrimoine France;Entzheim, Bas-Rhin, Grand Est, France, Strasbourg, Europe;138;Financial Services;2003;"Assurance Santé
+10";Privately Held;ovb.fr;
 Schelcher Prince Gestion;Paris, Paris, Île-De-France, France, Europe;32;Financial Services;1982;;Partnership;arkea-am.com;
 Commanders Act;Paris, Paris, Île-De-France, France, Europe;59;Technology, Information and Internet;2010;"cross-channel tracking
+13";Privately Held;commandersact.com;
 Socrate;Paris, Paris, Île-De-France, France, Europe;71;Software Development;2023;"Développement des compétences
+22";Privately Held;socrate.fr;
 CodeOasis LTD.;Dinan, Côtes-d'Armor, Bretagne, France, Dinan, Europe;52;Technology, Information and Internet;2004;"software
+19";Privately Held;dinan-agglomeration.fr;
 Sunlog Group;Nanterre, Hauts-de-Seine, Île-De-France, France, Nanterre, Europe;28;IT Services and IT Consulting;2006;"IT BOSS MAROC Centre de service (offshore) dédié aux prestations de service d’infogérance informatique (SAP – SALESFORCES – DEV).
+9";Privately Held;sunlog-tech.fr;
 Feedier;Ourlet, Nord, Hauts-de-France, France, Lille, Europe;25;Software Development;2020;"Entreprise SoftwareSaaS
+8";Privately Held;feedier.ai;
 Ahead Digital;Paris, Paris, Île-De-France, France, Europe;27;IT Services and IT Consulting;2020;;Privately Held;digital-ahead.com;
 ARKEUP;Paris, Paris, Île-De-France, France, Europe;72;IT Services and IT Consulting;2005;"Développement web
+20";Privately Held;arkeup.fr;
 Kitview France;Diedendorf, Bas-Rhin, Grand Est, France, Saverne, Europe;20;Software Development;2008;"Editeur de logiciel
+7";Privately Held;kitview.fr;
 OSE Engineering;Milon-La-Chapelle, Île-De-France, France;47;Software Development;2014;"Model Based System Engineering
+12";Privately Held;ose-engineering.fr;
 EURODECISION;Versailles, Yvelines, Île-De-France, France, Versailles, Europe;52;Software Development;1987;"Operational research
+17";Privately Held;eurodecision.com;
 CompuGroup Medical France;Nanterre, Hauts-de-Seine, Île-De-France, France, Nanterre, Europe;169;Software Development;1998;Télécom Santé and Opérateur MSSanté;Privately Held;cgm.com;
 Yneuro;Paris, Paris, Île-De-France, France, Europe;24;Software Development;2019;;Privately Held;yneuro.com;
 Bloomflow;Paris, Paris, Île-De-France, France, Europe;36;Software Development;2016;"Open Innovation
+8";Privately Held;bloomflow.com;
 Arcatem (groupe Artemys);Paris, Paris, Île-De-France, France, Europe;27;Software Development;;"Réseaux/ Sécurité
+3";Privately Held;groupeartemys.com;
 FASST;Angoulême, Charente, Nouvelle-Aquitaine, France, Angoulême, Europe;127;IT Services and IT Consulting;2017;"SaaSPaaS
+4";Privately Held;fasst.fr;
 Murano;Paris, Paris, Île-De-France, France, Europe;44;Financial Services;;"Gestion de patrimoine
+4";Partnership;hotelmuranotacoma.com;
 ID2 by Tibco;Levallois-Perret, Hauts-de-Seine, Île-De-France, France, Nanterre, Europe;95;IT Services and IT Consulting;1991;"Support Utilisateur : https://www.id-2.fr/expertise/support
+4";Partnership;tibco.fr;
 Investisseur Privé;Paris, Paris, Île-De-France, France, Europe;111;Financial Services;2015;"Robo-Advisors
+6";Privately Held;investisseurprive.com;
 i-Virtual;Île-De-France, France, Europe;23;Software Development;2014;"AIfitness
+10";Privately Held;ivirtual.com;
 SOFIAP;Paris, Paris, Île-De-France, France, Europe;111;Financial Services;1921;;Privately Held;sofiap.fr;
 We.PLM;Suresnes, Hauts-de-Seine, Île-De-France, France, Nanterre, Europe;38;IT Services and IT Consulting;2020;"3DEXPERIENCE
+21";Privately Held;3ds.com;
 Omnicité;Paris, Paris, Île-De-France, France, Europe;171;IT Services and IT Consulting;2006;"cooperative
+4";Privately Held;omnicite.fr;
 LabSoft;Labège, Haute-Garonne, Occitanie, France, Toulouse, Europe;149;IT Services and IT Consulting;2001;"Application Management
+12";Partnership;labsoft.fr;
 Groupe La Centrale;Paris, Paris, Île-De-France, France, Europe;221;Technology, Information and Internet;1969;;Privately Held;centrale.fr;
 WP Media;Lyon, Rhône, Auvergne-Rhône-Alpes, France, Lyon, Europe;54;Technology, Information and Internet;;"WordPressPlugin
+3";Privately Held;roguefishmedia.com;
 Unibo;Sana, Haute-Garonne, Occitanie, France, Muret, Europe;27;Software Development;2018;"iGaming
+5";Public Company;unibo.fr;
 muchbetter.ai;Paris, Paris, Île-De-France, France, Europe;37;Technology, Information and Internet;2023;;Privately Held;muchbetterai.com;
 GENIAL;Bordeaux, Gironde, Nouvelle-Aquitaine, France, Bordeaux, Europe;34;IT Services and IT Consulting;2023;Tourisme and Consulting;Privately Held;genial.fr;
 CHARLI GROUP;La Garenne-Colombes, Hauts-de-Seine, Île-De-France, France, Nanterre, Europe;29;IT Services and IT Consulting;2019;;Self-Owned;charli.fr;
 triPica;Paris, Paris, Île-De-France, France, Europe;77;Software Development;2016;"Telecomunications
+5";Privately Held;tripica.com;
 NEO-FUGU;Clermont-Ferrand, Puy-de-Dôme, Auvergne-Rhône-Alpes, France, Clermont-Ferrand, Europe;37;Software Development;2004;"Développement de solutions informatiques sur mesure
+19";Privately Held;neofugu.com;
 Crédit Conseil de France;Rennes, Ille-et-Vilaine, Bretagne, France, Rennes, Europe;56;Financial Services;1997;"Regroupement de Crédits
+8";Partnership;manus.space;
 Groupe Havana;Montbonnot-Saint-Martin, Isère, Auvergne-Rhône-Alpes, France, Grenoble, Europe;49;IT Services and IT Consulting;2012;"BigData
+4";Privately Held;havana.fr;
 SEENOVATE;Paris, Paris, Île-De-France, France, Europe;164;IT Services and IT Consulting;2006;"datadata science
+2";Privately Held;seenovate.com;
 Baracoda Group;Neuilly-sur-Seine, Hauts-de-Seine, Île-De-France, France, Nanterre, Europe;178;Technology, Information and Internet;2001;"IoTHardware design
+9";Privately Held;baracoda.com;
 BatiFire;Mâcon, Saône-et-Loire, Bourgogne-Franche-Comté, France, Mâcon, Europe;20;Technology, Information and Internet;2016;"sécurité incendie
+18";Self-Owned;batifire.fr;
 eXalt Value;Paris, Paris, Île-De-France, France, Europe;32;IT Services and IT Consulting;;;Privately Held;exalt-company.com;
 Outmind;Paris, Paris, Île-De-France, France, Europe;21;IT Services and IT Consulting;2020;"Search EngineSaaS
+3";Partnership;outmind.ai;
 SILVERPROD;Villeurbanne, Rhône, Auvergne-Rhône-Alpes, France, Lyon, Europe;27;IT Services and IT Consulting;1967;"ERP Solutions for Manufacturing Industries
+35";Partnership;kpmg.com;
 YouScribe;Paris, Paris, Île-De-France, France, Europe;36;Technology, Information and Internet;2011;"streaminglivres
+14";Privately Held;youscribe.com;
 Wizya - Governance, Risk & Compliance;Paris, Paris, Île-De-France, France, Europe;30;IT Services and IT Consulting;;"Governance
+10";Partnership;wizya.fr;
 Smartesting;Besançon, Doubs, Bourgogne-Franche-Comté, France, Besançon, Europe;31;Software Development;2015;"Model-Based Testing
+23";Partnership;smartesting.com;
 Lexfo;Paris, Paris, Île-De-France, France, Europe;60;IT Services and IT Consulting;;"Penetration testing
+8";Privately Held;lexfo.fr;
 Godot & Fils;Paris, Paris, Île-De-France, France, Europe;155;Financial Services;1933;;Privately Held;achat-or-et-argent.fr;
 ATHENA GLOBAL SERVICES;Poigny, Seine-et-Marne, Île-De-France, France, Provins, Europe;68;Software Development;1997;"Security software
+5";Privately Held;athenaglobal.com;
 KeyDevs Technologies Pvt. Ltd.;Lille, Nord, Hauts-de-France, France, Lille, Europe;46;IT Services and IT Consulting;2018;"web development
+8";Privately Held;lafrenchtechlille.com;
 Numéricité;Paris, Paris, Île-De-France, France, Europe;23;IT Services and IT Consulting;2016;"leanagile
+11";Privately Held;numericite.eu;
 CGP Entrepreneurs;Paris, Paris, Île-De-France, France, Europe;22;Financial Services;2013;"Accompagnement des CGP
+9";Privately Held;cgpe.com;
 Mon Assistant Numérique;Tours, Indre-et-Loire, Centre-Val de Loire, France, Tours, Europe;111;IT Services and IT Consulting;2014;"Formation au Tout Numérique
+6";Partnership;monassistantnumerique.fr;
 Sparring Capital;Paris, Paris, Île-De-France, France, Europe;42;Financial Services;;"Finance
+4";Privately Held;sparringcapital.com;
 Sapiendo;Paris, Paris, Île-De-France, France, Europe;27;Financial Services;2015;"Retraite
+5";Privately Held;sapiendo-retraite.fr;
 Flowlity;Paris, Paris, Île-De-France, France, Europe;28;Software Development;;"Supply Chain
+4";Privately Held;flowlity.com;
 BusinessFirst;Paris, Paris, Île-De-France, France, Europe;23;IT Services and IT Consulting;2017;"networking
+12";Privately Held;businessfirst.com;
 Yield Studio & Advisory;Paris, Paris, Île-De-France, France, Europe;38;IT Services and IT Consulting;2019;"MobileWeb
+24";Privately Held;yieldstudio.fr;
 Alive Technology;Tourcoing, Nord, Hauts-de-France, France, Lille, Europe;25;IT Services and IT Consulting;1965;"Installation
+20";Privately Held;alive-technology.fr;
 AlgoSecure;Villeurbanne, Rhône, Auvergne-Rhône-Alpes, France, Lyon, Europe;58;IT Services and IT Consulting;2008;"sécurité informatique
+10";Privately Held;algosecure.fr;
 GAC Software;Lyon, Rhône, Auvergne-Rhône-Alpes, France, Lyon, Europe;144;Software Development;2007;"Gestion de flotte véhicules
+15";Privately Held;gacsoftware.com;
 Ageval Solutions;Trélazé, Maine-et-Loire, Pays de la Loire, France, Angers, Europe;135;Software Development;2012;"Pilotage de la qualité
+7";Privately Held;ageval.fr;
 Warren Walter;Paris, Paris, Île-De-France, France, Europe;27;IT Services and IT Consulting;2015;"accessibilité numériquedigital
+4";Privately Held;warrenwalter.com;
 TELELOGOS;Beaucouzé, Maine-et-Loire, Pays de la Loire, France, Angers, Europe;62;Software Development;;"Mobile Device Management
+12";Partnership;telelogos.com;
 Mindee;Paris, Paris, Île-De-France, France, Europe;37;Software Development;2018;"Artificial Intelligence
+10";Privately Held;mindee.com;
 eKonsilio;Le Mans, Sarthe, Pays de la Loire, France, Le Mans, Europe;132;Technology, Information and Internet;2017;"Relation client
+3";Privately Held;ekonsilio.com;
 ICA PATRIMOINE;Toulouse, Haute-Garonne, Occitanie, France, Toulouse, Europe;93;Financial Services;2009;Création de patrimoine;Partnership;icapatrimoine.fr;
 Bharti Soft Tech Pvt. Ltd.;Clichy, Hauts-de-Seine, Île-De-France, France, Nanterre, Europe;81;IT Services and IT Consulting;;"Dedicated Resources - Onsite and Offshore
+3";Privately Held;crunchbase.com;
 ITERA;Lyon, Rhône, Auvergne-Rhône-Alpes, France, Lyon, Europe;31;IT Services and IT Consulting;2024;;Privately Held;itera.fr;
 CYME;Lanta, Haute-Garonne, Occitanie, France, Toulouse, Europe;21;Software Development;2019;"Photography
+22";Privately Held;eaton.com;
 SEQUENCE INFORMATIQUE;Montrouge, Île-De-France, France;35;IT Services and IT Consulting;1989;"Solutions informatiques
+26";Privately Held;sequence-info.fr;
 SHI International (France);Issy-les-Moulineaux, Hauts-de-Seine, Île-De-France, France, Boulogne-Billancourt, Europe;45;IT Services and IT Consulting;2010;"Expertise Licensing
+4";Partnership;shi.fr;
 Silicon21 Integrated Solutions;Saint-Prest, Eure-et-Loir, Centre-Val de Loire, France, Chartres, Europe;30;Technology, Information and Internet;2018;;Privately Held;com.eg;
 RASCO GLOBAL SOLUTIONS | ODOO SILVER PARTNER;Nancy, Meurthe-et-Moselle, Grand Est, France, Nancy, Europe;37;IT Services and IT Consulting;2015;"ERPOdoo
+14";Privately Held;rascoglobal.com;
 Aquila Data Enabler;Courbevoie, Hauts-de-Seine, Île-De-France, France, Nanterre, Europe;39;IT Services and IT Consulting;2006;"Intégration
+24";Privately Held;aquiladata.fr;
 Sensinov;Labège, Haute-Garonne, Occitanie, France, Toulouse, Europe;42;Software Development;2016;"Smart building
+27";Privately Held;sensinov.com;
 Astran;Paris, Paris, Île-De-France, France, Europe;35;Software Development;;"Operational Resilience
+9";Privately Held;astran.ai;
 SPRINT PAY TECHNOLOGY;Puteaux, Hauts-de-Seine, Île-De-France, France, Nanterre, Europe;43;Software Development;2017;"Finance
+10";Privately Held;cargosprint.com;
 UNAMI;Puteaux, Hauts-de-Seine, Île-De-France, France, Nanterre, Europe;172;Technology, Information and Internet;2009;"Audit de site
+34";Privately Held;unami.fr;
 CNCEF;Paris, Paris, Île-De-France, France, Europe;48;Financial Services;1957;"Conseils experts-financiers
+4";Partnership;cncef.org;
 Crystalchain;Paris, Paris, Île-De-France, France, Europe;30;IT Services and IT Consulting;2016;dMRV and Carbon removal;Privately Held;crystalchain.com;
 Salvia Développement;Paris, Paris, Île-De-France, France, Europe;109;Software Development;2013;;Partnership;salviadeveloppement.fr;
 Inov Team;Biot, Alpes-Maritimes, Provence-Alpes-Côte D'Azur, France, Grasse, Europe;43;IT Services and IT Consulting;2018;"Conseils
+2";Partnership;inov-team.fr;
 CAVEO CONSULTING;Lyon, Rhône, Auvergne-Rhône-Alpes, France, Lyon, Europe;34;Software Development;;;Privately Held;caveo-consulting.fr;
 EPSA Tax & Innovation;Lyon, Rhône, Auvergne-Rhône-Alpes, France, Lyon, Europe;116;Financial Services;;"auditconseil
+16";Privately Held;epsa.com;
 Nehos Groupe;Toulouse, Haute-Garonne, Occitanie, France, Toulouse, Europe;42;IT Services and IT Consulting;;;Partnership;nehos-groupe.com;
 NEXIUS FINANCE;Courbevoie, Hauts-de-Seine, Île-De-France, France, Nanterre, Europe;38;IT Services and IT Consulting;2009;;Privately Held;societeinfo.com;
 Beekast;Paris, Paris, Île-De-France, France, Europe;27;Technology, Information and Internet;2015;"event management
+17";Partnership;beekast.com;
 Horizontal Software Group;Paris, Paris, Île-De-France, France, Europe;55;IT Services and IT Consulting;2010;"Planification automatique et optimisée
+8";Privately Held;groupehsw.com;
 SLASH Consulting;Lille, Nord, Hauts-de-France, France, Lille, Europe;27;IT Services and IT Consulting;2023;"Numérique
+9";Self-Owned;hugedomains.com;
 ARMTEK;Strasbourg, Bas-Rhin, Grand Est, France, Strasbourg, Europe;36;Software Development;2020;"IndustrieArmée
+11";Privately Held;armtek.fr;
 ANTARES IT;Levallois-Perret, Hauts-de-Seine, Île-De-France, France, Nanterre, Europe;116;IT Services and IT Consulting;2001;"Production & Exploitation Informatique
+2";Privately Held;hugedomains.com;
 Khedmah - OIFC;Mus, Gard, Occitanie, France, Nîmes, Europe;133;Financial Services;1979;;Public Company;progressoft.com;
 Empowill;Paris, Paris, Île-De-France, France, Europe;31;Software Development;2019;"Formation professionnelle
+4";Privately Held;empowill.com;
Cesson-Sévigné, Ille-et-Vilaine, Bretagne, France, Rennes, Europe;22;IT Services and IT Consulting;2017;"Remote Sensing
+2";Privately Held;;ville-cesson-sevigne.fr;
 Attineos Infrastructures;Mont-Saint-Aignan, Seine-Maritime, Normandie, France, Rouen, Europe;77;IT Services and IT Consulting;2017;"Infogérance (Support / Exploitation / Administration)
+12";Partnership;attineos.com;
 Yellowsys;Paris, Paris, Île-De-France, France, Europe;51;IT Services and IT Consulting;2018;"Data management
+15";Privately Held;yellowsys.ai;
 Badakan;Paris, Paris, Île-De-France, France, Europe;52;IT Services and IT Consulting;2016;"travail temporaireextra
+8";Partnership;badakan.com;
 Cassiopae is now a Sopra Steria company;Paris, Paris, Île-De-France, France, Europe;101;IT Services and IT Consulting;1987;"Loan Software
+6";Public Company;soprasteria.com;
 Crisp;Nantes, Loire-Atlantique, Pays de la Loire, France, Nantes, Europe;20;Software Development;2015;"customer platform
+7";Privately Held;crisp.fr;
 Xtrem Santé;Périgny, Charente-Maritime, Nouvelle-Aquitaine, France, La Rochelle, Europe;76;Software Development;2023;;Privately Held;openxtrem.com;
 PARSO;Torreilles, Pyrénées-Orientales, Occitanie, France, Perpignan, Europe;30;Software Development;2013;"software
+22";Privately Held;parso.com;
 Simpliciti;Aix-en-Provence, Bouches-du-Rhône, Provence-Alpes-Côte D'Azur, France, Aix-en-Provence, Europe;149;Software Development;2007;"Fleet management
+8";Partnership;simpliciti.fr;
 BNP Paribas Personal Investors;Paris, Paris, Île-De-France, France, Europe;644;Financial Services;;"Digital Banking and Investment services
+7";Public Company;group.bnpparibas;
 Yuccan Lead;Courbevoie, Hauts-de-Seine, Île-De-France, France, Nanterre, Europe;25;Technology, Information and Internet;2020;"Programmes de parrainage
+17";Privately Held;yuccan.app;
 Calmedica;Paris, Paris, Île-De-France, France, Europe;25;IT Services and IT Consulting;2013;"Chirurgie ambulatoire
+21";Privately Held;calmedica.com;
 RHIS Solutions;Boulogne-Billancourt, Hauts-de-Seine, Île-De-France, France, Boulogne-Billancourt, Europe;28;Software Development;2017;"ressources humaines
+6";Privately Held;rhis-solutions.com;
 ITS Integra;Boulogne-Billancourt, Hauts-de-Seine, Île-De-France, France, Boulogne-Billancourt, Europe;135;IT Services and IT Consulting;1996;"Hébergement
+16";Self-Owned;itsintegra.com;
 Purse;Lille, Nord, Hauts-de-France, France, Lille, Europe;62;Financial Services;2021;"Orchestration de paiements
+19";Privately Held;purse.eu;
 Arenametrix;Paris, Paris, Île-De-France, France, Europe;49;Software Development;;"CRMEntertainment
+11";Partnership;arenametrix.fr;
 AGATE;Paris, Paris, Île-De-France, France, Europe;28;IT Services and IT Consulting;2021;"finance de marché
+4";Privately Held;paris.fr;
 BUGBUSTERS GROUP;Toulouse, Haute-Garonne, Occitanie, France, Toulouse, Europe;94;IT Services and IT Consulting;2004;"Smart Field Services
+5";Privately Held;bugbusters.fr;
 ACOM Corporate Finance;Bordeaux, Gironde, Nouvelle-Aquitaine, France, Bordeaux, Europe;58;Financial Services;2015;"Agroalimentaire
+10";Partnership;acomcf.com;
 Digitevent;Paris, Paris, Île-De-France, France, Europe;42;IT Services and IT Consulting;2013;"Emargement sur iPad
+13";Privately Held;digitevent.com;
 Visibrain;Paris, Paris, Île-De-France, France, Europe;27;Technology, Information and Internet;2011;"Social Listening
+10";Privately Held;visibrain.com;
 Nord Actif;Lille, Nord, Hauts-de-France, France, Lille, Europe;32;Financial Services;;;Nonprofit;nordactif.info;
 Widilo Cashback;Paris, Paris, Île-De-France, France, Europe;36;Technology, Information and Internet;2012;"Cashback
+3";Privately Held;widilo.fr;
 FlexAI;Paris, Paris, Île-De-France, France, Europe;38;Technology, Information and Internet;2023;;Privately Held;flexai.fr;
 ELA TECHNOLOGY;Paris, Paris, Île-De-France, France, Europe;20;IT Services and IT Consulting;2017;"Big Data
+20";Self-Owned;elatechnology.fr;
 Yeets;Paris, Île-De-France, France;31;IT Services and IT Consulting;2020;"Profilage IT
+8";Privately Held;yeets.fr;
 Alteis Groupe;Le Pecq, Île-De-France, France;33;IT Services and IT Consulting;1998;;Self-Owned;alteis-groupe.fr;
 IGN FI;Paris, Paris, Île-De-France, France, Europe;120;IT Services and IT Consulting;1986;"Cartography
+7";Self-Employed;ignfi.fr;
 OCEAN;Saint-Denis, Seine-Saint-Denis, Île-De-France, France, Saint-Denis, Europe;285;IT Services and IT Consulting;2003;"Géolocalisation de véhicules
+17";Privately Held;ocean.fr;
 ImaginePartners;Reims, Marne, Grand Est, France, Reims, Europe;22;IT Services and IT Consulting;2000;"Conseil en organisation opérationnel
+5";Privately Held;imaginepartners.com;
 Algoan;Paris, Paris, Île-De-France, France, Europe;37;Financial Services;2018;"Open Banking
+23";Privately Held;algoan.com;
 SHAPE IT;Lyon, Rhône, Auvergne-Rhône-Alpes, France, Lyon, Europe;65;IT Services and IT Consulting;2020;"ITWebESN
+8";Self-Owned;ac.uk;
 In The Memory;Paris, Paris, Île-De-France, France, Europe;61;IT Services and IT Consulting;;"RetailBig Data
+9";Self-Owned;inthememory.fr;
 Powell;Viroflay, Yvelines, Île-De-France, France, Versailles, Europe;87;Software Development;2015;"Digital Workplace
+27";Privately Held;mappy.com;
 MGT Conseils;Paris, Paris, Île-De-France, France, Europe;26;IT Services and IT Consulting;2004;"Business Intelligence
+10";Privately Held;mgt-conseils.com;
 Sidely;Paris, Paris, Île-De-France, France, Europe;20;Software Development;2020;"CRMPartage de données
+16";Privately Held;sidely.fr;
 Scienta;Paris, Paris, Île-De-France, France, Europe;20;Technology, Information and Internet;2021;"Artificial Intelligence
+2";Privately Held;scienta.io;
 Edenred Solutions CSE;Malakoff, Hauts-de-Seine, Île-De-France, France, Antony, Europe;276;Technology, Information and Internet;;"E-COMMERCE
+3";Privately Held;edenred.fr;
 MASAO;Paris, Paris, Île-De-France, France, Europe;107;IT Services and IT Consulting;2006;"Relation Client
+21";Privately Held;masao.fr;
 Codezion Softwares Pvt. Ltd.;Loches, Indre-et-Loire, Centre-Val de Loire, France, Loches, Europe;21;IT Services and IT Consulting;;"Wordpress
+11";Partnership;codezion.com;
 ACEP ABS Smart Mirror Mobile;Paris, Paris, Île-De-France, France, Europe;180;IT Services and IT Consulting;1994;"Appareil de prise de mesures
+4";Privately Held;acep.tech;
 Avenir Conseil;Boulogne-Billancourt, Hauts-de-Seine, Île-De-France, France, Boulogne-Billancourt, Europe;119;IT Services and IT Consulting;;;Privately Held;avenirconseil.com;
 Kereval;Thorigné-Fouillard, Ille-et-Vilaine, Bretagne, France, Rennes, Europe;72;IT Services and IT Consulting;2002;"Qualité logicielle
+10";Partnership;kereval.com;
 UNi5 - Technologies;Suresnes, Hauts-de-Seine, Île-De-France, France, Nanterre, Europe;32;IT Services and IT Consulting;2019;"MicrosoftAzure
+7";Self-Owned;uni5-technologies.com;
 Groupe FIGA;Sèvres, Hauts-de-Seine, Île-De-France, France, Boulogne-Billancourt, Europe;21;Financial Services;2008;"immobilier
+9";Privately Held;figa.fr;
 Wavenet Belgium;Haisnes, Pas-de-Calais, Hauts-de-France, France, Béthune, Europe;207;IT Services and IT Consulting;1999;"E-Commerce / E-Business
+6";Privately Held;wavenet.be;
 iWE;Alpes-Maritimes, Provence-Alpes-Côte D'Azur, France, Grasse, Europe;38;Software Development;2013;"SaaS platform for smart process applications
+6";Partnership;edrh.fr;
 SKIILS;Suresnes, Hauts-de-Seine, Île-De-France, France, Nanterre, Europe;74;IT Services and IT Consulting;2020;"DataIA - Intelligence Artificielle
+1";Self-Owned;skiils.fr;
 Texeï;Paris, Paris, Île-De-France, France, Europe;80;IT Services and IT Consulting;2016;"Salesforce
+19";Privately Held;texei.fr;
 VeepeeTech;Saint-Denis, Île-De-France, France;72;Technology, Information and Internet;2016;"TechIT
+9";Partnership;veepee.fr;
 SFP Collectivités;Écouflant, Maine-et-Loire, Pays de la Loire, France, Angers, Europe;21;IT Services and IT Consulting;2018;"Stratégie FinancièrePPI
+7";Privately Held;sfp-collectivites.fr;
 Testapic;Paris, Paris, Île-De-France, France, Europe;20;Technology, Information and Internet;2010;"test utilisateur
+8";Privately Held;dnd.fr;
 Natural Solutions;Marseille, Bouches-du-Rhône, Provence-Alpes-Côte D'Azur, France, 1er Arr., Europe;119;Software Development;;"Biodiversity InformaticsGIS
+4";Privately Held;naturalsolutions.com;
 Inato;Paris, Paris, Île-De-France, France, Europe;77;Software Development;2016;"pharmaceutical industry
+7";Privately Held;inato.fr;
 LIBERTÉ LIVING-LAB;Paris, Paris, Île-De-France, France, Europe;23;Technology, Information and Internet;2016;"innovation à impact
+9";Nonprofit;liberteliving.com;
 Dauphine Group;La Garenne-Colombes, Hauts-de-Seine, Île-De-France, France, Nanterre, Europe;28;IT Services and IT Consulting;2012;;Partnership;psl.eu;
 Bimpli;Paris, Paris, Île-De-France, France, Europe;62;Financial Services;;"titre-restaurant
+2";Privately Held;bimpli.com;
 Foliateam;France, Europe;338;IT Services and IT Consulting;2002;"Unified Communications
+11";Partnership;foliateam.com;
 MARCO par AGYSOFT;Grabels, Hérault, Occitanie, France, Montpellier, Europe;79;Software Development;1989;"Logiciel de gestion des achats et marchés publics
+13";Privately Held;agysoft.fr;
 AI Sisters;Paris, Paris, Île-De-France, France, Europe;25;IT Services and IT Consulting;2023;;Privately Held;aisisters.ai;
 Novastan;Paris, Paris, Île-De-France, France, Europe;42;Technology, Information and Internet;2011;"Journalisme
+3";Nonprofit;novastan.com;
 Lyance;Paris, Paris, Île-De-France, France, Europe;43;Software Development;2013;"CRMBPM
+2";Public Company;lyance.com;
 Ma Bonne Fée - Groupe Menway;Paris, Paris, Île-De-France, France, Europe;25;Technology, Information and Internet;2017;"Qualité de vie au travailRSE
+8";Partnership;menwayemploi.com;
 Follow Health;Rennes, Ille-et-Vilaine, Bretagne, France, Rennes, Europe;51;Software Development;;;Partnership;hugedomains.com;
 NAITWAYS;Boulogne-Billancourt, Hauts-de-Seine, Île-De-France, France, Boulogne-Billancourt, Europe;55;IT Services and IT Consulting;2008;;Privately Held;naitways.com;
 Adequate Infosoft Pvt. Ltd.;La Croixille, Mayenne, Pays de la Loire, France, Laval, Europe;53;IT Services and IT Consulting;2015;"Embedded/IoT Development
+23";Privately Held;adequateinfosoft.com;
 b.workshop;Clichy, Hauts-de-Seine, Île-De-France, France, Nanterre, Europe;75;Software Development;2011;"conseil et assistance
+10";Partnership;bworkshop.fr;
 easiware;Paris, Paris, Île-De-France, France, Europe;35;Software Development;2008;"Gestion de la relation client
+13";Privately Held;easiware.com;
 Matters;Paris, Paris, Île-De-France, France, Europe;51;IT Services and IT Consulting;2007;"Big Data
+15";Privately Held;matters.tech;
 HLP Group;Brognard, Doubs, Bourgogne-Franche-Comté, France, Montbéliard, Europe;42;Software Development;;;Privately Held;hlp.group;
 GulzarSoft;Tourlaville, Manche, Normandie, France, Cherbourg-Octeville, Europe;49;Software Development;2019;"Software Development
+15";Privately Held;gulzarsoft.com;
 Fin - Smart Logistics;Soursac, Corrèze, Nouvelle-Aquitaine, France, Tulle, Europe;22;Technology, Information and Internet;2022;"logistics
+21";Privately Held;still.fr;
 Master 224 Finance, Impact et Technologie Université Paris-Dauphine;Paris, Paris, Île-De-France, France, Europe;24;Financial Services;;;Privately Held;psl.eu;
 Storen;Paris, Paris, Île-De-France, France, Europe;24;Financial Services;;;Privately Held;storen.fr;
 LS GROUP;Suresnes, Hauts-de-Seine, Île-De-France, France, Nanterre, Europe;64;Software Development;2009;"Réalité virtuelle
+17";Self-Owned;ls-group.fr;
 Khedmah;Mus, Gard, Occitanie, France, Nîmes, Europe;127;Financial Services;1979;;Public Company;apple.com;
 CIC Conseil;Paris, Paris, Île-De-France, France, Europe;69;Financial Services;;;Self-Owned;cic-conseil.eu;
 Humanlinker;Paris, Île-De-France, France;29;Software Development;2021;"Software
+12";Privately Held;humanlinker.com;
 WEKEY SAS;Niort, Deux-Sèvres, Nouvelle-Aquitaine, France, Niort, Europe;30;IT Services and IT Consulting;2016;"Direction de programmes et Projets
+21";Self-Owned;wekey.fr;
 Linxo;Aix-en-Provence, Bouches-du-Rhône, Provence-Alpes-Côte D'Azur, France, Aix-en-Provence, Europe;151;Technology, Information and Internet;2010;;Privately Held;linxo.com;
 AGIXIS;Villeurbanne, Rhône, Auvergne-Rhône-Alpes, France, Lyon, Europe;34;IT Services and IT Consulting;;"IoTembarqué
+7";Self-Owned;agixis.com;
 OPTIMIX;Marcq-en-Barœul, Nord, Hauts-de-France, France, Lille, Europe;66;Software Development;2011;"retailAI
+12";Privately Held;optimix-software.com;
 SquareOne;Puteaux, Hauts-de-Seine, Île-De-France, France, Nanterre, Europe;23;IT Services and IT Consulting;2018;"consulting
+15";Privately Held;wizama.com;
 atlancad;La Chapelle-sur-Erdre, Loire-Atlantique, Pays de la Loire, France, Nantes, Europe;40;IT Services and IT Consulting;1997;"Centre de formation agréé Autodesk
+14";Privately Held;atlancad.fr;
 Expert & Finance;Lyon, Rhône, Auvergne-Rhône-Alpes, France, Lyon, Europe;91;Financial Services;1987;"Ingénierie patrimoniale
+14";Privately Held;expert-finance.fr;
 Arkéa Financements & Services;Guipavas, Finistère, Bretagne, France, Brest, Europe;502;Financial Services;1986;;Privately Held;arkea-financements-et-services.fr;
 ARCANES - Intégrateur SAGE X3;Marseille, Bouches-du-Rhône, Provence-Alpes-Côte D'Azur, France, 1er Arr., Europe;60;IT Services and IT Consulting;1983;"Intégrateur SAGE X3
+4";Partnership;arcanes.info;
 Ascentry;L'Union, Haute-Garonne, Occitanie, France, Toulouse, Europe;113;Software Development;;"Middleware
+10";Privately Held;ascentry.com;
 STUDEC;Ivry-sur-Seine, Val-de-Marne, Île-De-France, France, Créteil, Europe;275;IT Services and IT Consulting;1956;"Soutien logistique intégré et études industrielles
+13";Partnership;studec.fr;
 Viareport- insightsoftware;Paris, Paris, Île-De-France, France, Europe;27;Software Development;;"Financial Consolidation
+15";Partnership;insightsoftware.com;
 RUBIX CONSULTING;Nantes, Loire-Atlantique, Pays de la Loire, France, Nantes, Europe;34;IT Services and IT Consulting;2019;"ERP SAP
+7";Partnership;rubix-consulting.com;
 DCbrain;Paris, Paris, Île-De-France, France, Europe;22;Software Development;2014;"Big Data
+14";Partnership;dcbrain.com;
 EXPERTISES GALTIER;Levallois-Perret, Hauts-de-Seine, Île-De-France, France, Nanterre, Europe;279;Financial Services;1894;"SINISTRE
+19";Privately Held;expertises-galtier.fr;
 Raphaël Advisory;Paris, Paris, Île-De-France, France, Europe;22;Financial Services;2015;"M&ALevée de fonds
+11";Privately Held;raphael-fa.com;
 ARGO Augmented Experiences;Montpellier, Hérault, Occitanie, France, Montpellier, Europe;31;IT Services and IT Consulting;2014;"Augmented RealityPrint
+2";Privately Held;ar-go.co;
 Cision France;Saint-Denis, Seine-Saint-Denis, Île-De-France, France, Saint-Denis, Europe;211;Software Development;1867;"Fichier presse France Europe Monde
+10";Public Company;cision.fr;
 Triskell Software France;Paris, Paris, Île-De-France, France, Europe;30;IT Services and IT Consulting;2012;"Gouvernance D'entreprise
+19";Privately Held;triskellsoftware.com;
 Qualisteo;France, Europe;46;IT Services and IT Consulting;2010;"efficacite energetique
+8";Privately Held;qualisteo.com;
 Tenor Data Solutions;Oullins, Rhône, Auvergne-Rhône-Alpes, France, Lyon, Europe;103;Software Development;1988;;Privately Held;tenorsolutions.com;
 FieldPro (By Optimetriks);Paris, Paris, Île-De-France, France, Europe;50;Software Development;2015;"Business Intelligence
+17";Privately Held;fieldpro.com;
 Beavr;Paris, Paris, Île-De-France, France, Europe;42;Software Development;2022;"CSRDESG Reporting
+4";Privately Held;beavr.io;
 Agence Dn'D;Paris, Paris, Île-De-France, France, Europe;101;IT Services and IT Consulting;2004;"Adobe
+14";Privately Held;agencednd.fr;
 Hippolyte.ai;Amiens, Somme, Hauts-de-France, France, Amiens, Europe;38;Software Development;2021;"recrutement
+3";Privately Held;hippolyte.ai;
 Ezus;Paris, Paris, Île-De-France, France, Europe;26;Software Development;2019;"voyageDMC
+9";Privately Held;ezus.io;
 Web School Factory;Paris, Paris, Île-De-France, France, Europe;53;Technology, Information and Internet;2012;;Educational;webschoolfactory.fr;
 DinMo;Paris, Paris, Île-De-France, France, Europe;25;Software Development;2022;"Customer Data Platform
+7";Privately Held;dinmo.com;
 Kanta;Caen, Calvados, Normandie, France, Caen, Europe;86;Software Development;2020;"Expertise comptable
+4";Privately Held;kanta.fr;
 Birdz;Saint-Maurice, Île-De-France, France;195;IT Services and IT Consulting;;;Privately Held;birdz.com;
 ASF - Association française des Sociétés Financières;Paris, Paris, Île-De-France, France, Europe;48;Financial Services;1984;"société de financement
+19";Nonprofit;asf-france.com;
 Adventiel;Pacé, Ille-et-Vilaine, Bretagne, France, Rennes, Europe;108;Software Development;;;Self-Owned;adventiel.fr;
 Concilian;Wasquehal, Nord, Hauts-de-France, France, Lille, Europe;318;Financial Services;2004;Recouvrement amiable and Recouvrement contentieux;Privately Held;concilian.fr;
 Sinari;Cesson-Sévigné, Ille-et-Vilaine, Bretagne, France, Rennes, Europe;248;Software Development;2019;;Privately Held;sinari.com;
 Seiza;Paris, Paris, Île-De-France, France, Europe;56;Software Development;2010;"Social Media
+8";Privately Held;seiza.com;
 Pytheas Capital - TRESO2;Paris, Paris, Île-De-France, France, Europe;41;Financial Services;2015;"Reverse Factoring
+12";Partnership;treso2.com;
 Fittingbox;Labège, Haute-Garonne, Occitanie, France, Toulouse, Europe;139;Software Development;2006;"Technology
+8";Privately Held;fittingbox.com;
 Bowo;Paris, Paris, Île-De-France, France, Europe;24;Software Development;2017;"Hotel technology
+14";Self-Owned;bowo.fr;
 Zeenea;Paris, Paris, Île-De-France, France, Europe;27;Software Development;1980;;Privately Held;zeenea.com;
 LockSelf;Asnières-sur-Seine, Hauts-de-Seine, Île-De-France, France, Nanterre, Europe;69;Software Development;2014;"CyberSécurité des Entreprises / CyberCriminalité
+5";Privately Held;lockself.com;
 Normand'e-Santé (NeS);Louvigny, Calvados, Normandie, France, Caen, Europe;61;IT Services and IT Consulting;2017;"e-santé
+11";Nonprofit;normande.com;
 Groupe Proxiteam;Levallois-Perret, Hauts-de-Seine, Île-De-France, France, Nanterre, Europe;69;IT Services and IT Consulting;;"Solutions de gestion
+26";Partnership;proxiteam.fr;
 Theodo HealthTech;Paris, Paris, Île-De-France, France, Europe;42;Software Development;;;Privately Held;theodo.com;
 AEROW;Paris, Paris, Île-De-France, France, Europe;179;IT Services and IT Consulting;2004;"ECMContent Management
+18";Partnership;aerow.group;
 MNK PARTNERS;Paris, Paris, Île-De-France, France, Europe;38;Financial Services;2017;"investment management
+11";Privately Held;mnk-partners.com;
 Openpaye;La Courneuve, Seine-Saint-Denis, Île-De-France, France, Saint-Denis, Europe;20;Software Development;2020;;Privately Held;creationlogicielinfo.com;
 ITEC;Paris, Paris, Île-De-France, France, Europe;262;IT Services and IT Consulting;2015;"ConseilAudit
+18";Partnership;itec.fr;
 Groupe Patrimmofi;Paris, Paris, Île-De-France, France, Europe;62;Financial Services;2003;Gestion de patrimoine;Privately Held;patrimmofi.fr;
 Gay-Lussac Gestion;Paris, Paris, Île-De-France, France, Europe;47;Financial Services;1995;"asset management
+22";Self-Owned;gaylussacgestion.com;
 Mobility - Enjoy the way;Jonage, Rhône, Auvergne-Rhône-Alpes, France, Lyon, Europe;132;IT Services and IT Consulting;2010;"Gestion de trafic - Equipement de la route (ITS)
+5";Public Company;mobility-way.com;
 Mutualease;Courbevoie, Hauts-de-Seine, Île-De-France, France, Nanterre, Europe;294;Financial Services;;"Leasing
+4";Self-Owned;mutualease.fr;
 eTAIL agency | Your Marketplace Partner;Paris, Paris, Île-De-France, France, Europe;36;Technology, Information and Internet;2016;"ecommerce
+11";Privately Held;etailagency.fr;
 ENE - Experts du Numérique en Entreprises;Charbonnières-les-Bains, Rhône, Auvergne-Rhône-Alpes, France, Lyon, Europe;36;Technology, Information and Internet;2003;"Internet
+9";Nonprofit;cci.fr;
 SKYREAL;Paris, Paris, Île-De-France, France, Europe;32;Software Development;2017;"virtual reality
+2";Self-Owned;skyreal.tech;
 Hexagone SAS;Paris, Paris, Île-De-France, France, Europe;24;Software Development;2018;"MultichannelCLM
+3";Privately Held;hexagone.fr;
 Cap Collectif;Paris, Paris, Île-De-France, France, Europe;26;Technology, Information and Internet;2014;"Intelligence collective
+3";Partnership;cap-collectif.com;
 Log;Paris, Paris, Île-De-France, France, Europe;26;IT Services and IT Consulting;2019;"CloudDevops
+29";Privately Held;log.consulting;
 Totalnet Uruguay;Azille, Aude, Occitanie, France, Carcassonne, Europe;67;Financial Services;;;Privately Held;google.com;
 ALLPLAN France;Puteaux, Hauts-de-Seine, Île-De-France, France, Nanterre, Europe;44;Software Development;1992;;Public Company;allplan.com;
 InVivo Digital Factory;Courbevoie, Hauts-de-Seine, Île-De-France, France, Nanterre, Europe;65;IT Services and IT Consulting;2018;"SERVICE NUMERIQUE
+8";Privately Held;invivo-group.com;
 Golem.ai;Paris, Paris, Île-De-France, France, Europe;21;Software Development;;;Partnership;hugedomains.com;
 Eventmaker;Gentilly, Val-de-Marne, Île-De-France, France, L'Haÿ-les-Roses, Europe;48;Software Development;2009;"organisation d'événements
+3";Privately Held;eventmaker.com;
 Holiseum;Puteaux, Hauts-de-Seine, Île-De-France, France, Nanterre, Europe;37;IT Services and IT Consulting;2018;"Cybersecurity
+13";Privately Held;integrity360.com;
 WANCORE | La Home Sweet Company;Neuilly-sur-Seine, Hauts-de-Seine, Île-De-France, France, Nanterre, Europe;22;IT Services and IT Consulting;;"Réseaux
+10";Partnership;wancore.fr;
 AOC;Wasquehal, Nord, Hauts-de-France, France, Lille, Europe;42;IT Services and IT Consulting;2021;;Self-Employed;aoc.fr;
 Reach Capital | Private Assets Advisor;Paris, Paris, Île-De-France, France, Europe;24;Financial Services;2015;;Partnership;reachcapital.com;
 Pledg;Paris, Paris, Île-De-France, France, Europe;29;Financial Services;2016;"fintech
+13";Privately Held;pledg.co;
 VEGANET;Saint-Laurent-du-Mottay, Maine-et-Loire, Pays de la Loire, France, Cholet, Europe;21;IT Services and IT Consulting;2012;"MobileWeb
+6";Privately Held;veganet.fr;
 Merci-Michel;Paris, Paris, Île-De-France, France, Europe;28;Technology, Information and Internet;2012;"Digital Production
+12";Privately Held;merci-michel.com;
 Actency;Strasbourg, Bas-Rhin, Grand Est, France, Strasbourg, Europe;42;Technology, Information and Internet;2007;"conseilaudit
+19";Privately Held;actency.fr;
 Craft AI;Paris, Paris, Île-De-France, France, Europe;34;Software Development;2015;"Agents IA
+19";Privately Held;craftai.fr;
 Rumo;Paris, Paris, Île-De-France, France, Europe;41;Technology, Information and Internet;2019;"recommendation
+19";Privately Held;rumo.fr;
 Heloa;Wambrechies, Nord, Hauts-de-France, France, Lille, Europe;27;Technology, Information and Internet;2020;"MedTech
+5";Privately Held;heloa.app;
 AWi - Agence Web Intelligence;Courbevoie, Hauts-de-Seine, Île-De-France, France, Nanterre, Europe;26;Technology, Information and Internet;2013;"Référencement naturelSEO
+2";Partnership;aw-i.com;
 MCS Groupe;Paris, Paris, Île-De-France, France, Europe;55;Financial Services;1986;"Recouvrement de Créances
+2";Partnership;mcsfr.com;
 SERES;Ivry-sur-Seine, Val-de-Marne, Île-De-France, France, Créteil, Europe;71;IT Services and IT Consulting;1988;"Electronic Invoicing
+4";Privately Held;seres.fr;
 FASST;Angoulême, Charente, Nouvelle-Aquitaine, France, Angoulême, Europe;120;IT Services and IT Consulting;2017;"SaaSPaaS
+4";Privately Held;fasst.fr;
 Euryale;Paris, Paris, Île-De-France, France, Europe;78;Financial Services;;"ImmobilierSanté
+5";Partnership;euryale.fr;
 JUMP;Hauts-de-Seine, Île-De-France, France, Nanterre, Europe;56;Software Development;;"Software solutions
+9";Privately Held;jump.fr;
 ArtimIS - Governance, Risk & Compliance Advisory;Paris, Paris, Île-De-France, France, Europe;48;IT Services and IT Consulting;2017;;Partnership;artimis.fr;
 Theodo Cloud;Paris, Paris, Île-De-France, France, Europe;79;Technology, Information and Internet;;"DevOpsCloud
+1";Privately Held;theodo.com;
 HumanCraft;Neuilly-sur-Seine, Hauts-de-Seine, Île-De-France, France, Nanterre, Europe;21;IT Services and IT Consulting;2015;"B2Bintermediation
+4";Privately Held;humancraft.fr;
 Noelse;Angers, Maine-et-Loire, Pays de la Loire, France, Angers, Europe;136;Financial Services;2020;"Cartes de paiement
+4";Privately Held;noelse.com;
 Avis Vérifiés by Skeepers;Marseille, Bouches-du-Rhône, Provence-Alpes-Côte D'Azur, France, 1er Arr., Europe;29;Technology, Information and Internet;2012;;Privately Held;avis-verifies.com;
 Filianse;Montpellier, Hérault, Occitanie, France, Montpellier, Europe;95;Financial Services;2017;"audit patrimoniale
+11";Partnership;filianse.fr;
 Syrona;Paris, Paris, Île-De-France, France, Europe;64;Software Development;2023;"Développement des compétences
+19";Privately Held;syrona.co;
 Dragon LLM (ex-Lingua Custodia);Paris, Paris, Île-De-France, France, Europe;23;Technology, Information and Internet;2011;"Artificial intelligence
+11";Privately Held;dragonllm.com;
 Inventum;Kerlouan, Finistère, Bretagne, France, Brest, Europe;128;IT Services and IT Consulting;2003;"AAAPrepay & Postpaid Billing
+11";Privately Held;inventum.com;
 Fastcube;Paris, Paris, Île-De-France, France, Europe;58;IT Services and IT Consulting;2017;Business Intelligence;Partnership;fastcube.fr;
 GRADeS ESEA Nouvelle-Aquitaine;Bordeaux, Gironde, Nouvelle-Aquitaine, France, Bordeaux, Europe;105;IT Services and IT Consulting;;;Government Agency;esea-na.fr;
 Yumana;Paris, Paris, Île-De-France, France, Europe;28;Technology, Information and Internet;2020;"Innovation participative
+12";Privately Held;yumana.com;
 Raccourci (Groupe Yoni);La Rochelle, Charente-Maritime, Nouvelle-Aquitaine, France, La Rochelle, Europe;41;Technology, Information and Internet;1999;"MARKETING AUTOMATION
+12";Privately Held;raccourci.fr;
 Leni;Montreuil, Seine-Saint-Denis, Île-De-France, France, Bobigny, Europe;278;IT Services and IT Consulting;1999;;Privately Held;leni.fr;
 Pipplet (an ETS company);Paris, Paris, Île-De-France, France, Europe;45;Software Development;2015;"Skills assessment
+27";Privately Held;pipplet.com;
 Jimini AI;Paris, Île-De-France, France;30;Technology, Information and Internet;2023;"Artificial IntelligenceLLM
+2";Privately Held;jiminiai.com;
 Spliiit;Bordeaux, Gironde, Nouvelle-Aquitaine, France, Bordeaux, Europe;20;Technology, Information and Internet;2019;;Privately Held;spliiit.com;
 JANUS Engineering France;Saint-Malo, Ille-et-Vilaine, Bretagne, France, Saint-Malo, Europe;24;Software Development;2001;"Logiciel CAO ou CFAO NX CADCAM
+18";Self-Owned;hugedomains.com;
 Caplogy;Vélizy-Villacoublay, Yvelines, Île-De-France, France, Versailles, Europe;50;IT Services and IT Consulting;2021;;Self-Owned;caplogy.com;
 Raya Software;Saint-Cyr-en-Val, Loiret, Centre-Val de Loire, France, Orléans, Europe;25;Software Development;;;Privately Held;apple.com;
 Axopen;Lyon, Rhône, Auvergne-Rhône-Alpes, France, Lyon, Europe;55;IT Services and IT Consulting;2007;"Développement d'applications sur mesure
+20";Privately Held;axopen.com;
 IKIGAÏ;Lyon, Rhône, Auvergne-Rhône-Alpes, France, Lyon, Europe;61;IT Services and IT Consulting;;;Partnership;ikigai-groupe.fr;
 Digora;Strasbourg, Bas-Rhin, Grand Est, France, Strasbourg, Europe;102;IT Services and IT Consulting;;"Infrastructure logicielle
+11";Privately Held;deep.eu;
 Coqpit - Agence Digitale;Clermont-Ferrand, Puy-de-Dôme, Auvergne-Rhône-Alpes, France, Clermont-Ferrand, Europe;20;Technology, Information and Internet;2016;"Création de site internet
+4";Partnership;coqpit.fr;
 Kiamo;Paris, Paris, Île-De-France, France, Europe;58;IT Services and IT Consulting;2005;"RELATION CLIENT
+11";Privately Held;kiamo.com;
 Association francophone de topographie AFT;Saint-Mandé, Val-de-Marne, Île-De-France, France, Nogent-sur-Marne, Europe;23;IT Services and IT Consulting;1978;;Nonprofit;cths.fr;
 Ewolve;Levallois-Perret, Hauts-de-Seine, Île-De-France, France, Nanterre, Europe;57;IT Services and IT Consulting;2009;"TELECOM
+5";Privately Held;ewolve.fr;
 Aplo;Paris, Paris, Île-De-France, France, Europe;28;Financial Services;;"Digital Assets
+3";Privately Held;aplo.io;
 Liberty Rider;Toulouse, Haute-Garonne, Occitanie, France, Toulouse, Europe;28;Software Development;2016;"Prévention
+11";Privately Held;liberty-rider.com;
 Okeiro (ex Predict4Health);Paris, Paris, Île-De-France, France, Europe;32;Software Development;2023;"Medicine
+10";Privately Held;okeiro.com;
 Campsider;Paris, Paris, Île-De-France, France, Europe;33;Technology, Information and Internet;2020;;Self-Owned;campsider.com;
 Graneet;Paris, Paris, Île-De-France, France, Europe;59;Software Development;2020;;Privately Held;graneet.com;
 Olifan Group;Neuilly-sur-Seine, Hauts-de-Seine, Île-De-France, France, Nanterre, Europe;157;Financial Services;2014;"Ingénierie patrimoniale
+20";Privately Held;olifan.fr;
 DCS | Dental Claim Support;Us, Val-d'Oise, Île-De-France, France, Pontoise, Europe;101;Financial Services;2012;"Dental Claims
+13";Privately Held;dentalclaimsupport.com;
 Klarys;Rennes, Ille-et-Vilaine, Bretagne, France, Rennes, Europe;29;Software Development;;;Privately Held;klarys.io;
 Getfluence;Paris, Paris, Île-De-France, France, Europe;39;Technology, Information and Internet;2017;"Content Marketing
+19";Partnership;getfluence.com;
 Symtrax SA;Nîmes, Gard, Occitanie, France, Nîmes, Europe;25;Software Development;1989;"Enrichissement documentaire
+12";Privately Held;symtrax.com;
 SixFoisSept;Paris, Paris, Île-De-France, France, Europe;21;IT Services and IT Consulting;2019;"DataScience
+11";Privately Held;sixfoissept.com;
 ResaLib;Vitry-le-François, Marne, Grand Est, France, Vitry-le-François, Europe;31;Software Development;2014;"Gestion d'agenda
+15";Privately Held;resalib.fr;
 We Are;Marseille, Bouches-du-Rhône, Provence-Alpes-Côte D'Azur, France, 1er Arr., Europe;24;IT Services and IT Consulting;2020;"Architecture
+17";Partnership;weare-marseille.com;
 codoc;Paris, Paris, Île-De-France, France, Europe;41;Software Development;2017;"MedTech
+8";Privately Held;codoc.ai;
 Euris;Boulogne-Billancourt, Hauts-de-Seine, Île-De-France, France, Boulogne-Billancourt, Europe;78;IT Services and IT Consulting;2000;"Closed Loop Marketing (CLM)
+21";Privately Held;euris.fr;
 Wishibam;Paris, Paris, Île-De-France, France, Europe;24;Software Development;2015;"Phygital
+24";Privately Held;wishibam.com;
 Impulse Corporate Finance;Paris, Paris, Île-De-France, France, Europe;20;Financial Services;2015;"Mergers & Acquisitions
+13";Privately Held;impulse-corporate-finance.fr;
 Vates Virtualization Management Stack (XCP-ng / Xen Orchestra);Grenoble, Isère, Auvergne-Rhône-Alpes, France, Grenoble, Europe;97;Software Development;2012;"OpenSourceXen
+7";Partnership;vates.tech;
 Goodeed;Paris, Paris, Île-De-France, France, Europe;23;Technology, Information and Internet;2014;"AdvertisingNGO
+7";Privately Held;goodeed.com;
 MyTower;Paris, Paris, Île-De-France, France, Europe;126;Software Development;2015;"Supply ChainTrade
+8";Privately Held;mytower.fr;
 IKXO;Paris, Paris, Île-De-France, France, Europe;40;Technology, Information and Internet;2020;"Product Management
+8";Privately Held;ikxo.fr;
 LineUP7;Paris, Paris, Île-De-France, France, Europe;97;IT Services and IT Consulting;2015;"DigitalMarketing Services
+17";Partnership;lineup7.fr;
 Manaos;Paris, Paris, Île-De-France, France, Europe;202;IT Services and IT Consulting;2019;;Privately Held;cib.bnpparibas;
 Palatine AM;Paris, Paris, Île-De-France, France, Europe;24;Financial Services;;;Privately Held;palatineam.com;
 it partner;Ardèche, Auvergne-Rhône-Alpes, France, Tournon-sur-Rhône, Europe;127;IT Services and IT Consulting;1995;"Consulting
+14";Partnership;itpartner.fr;
 La Haute Société;Grenoble, Isère, Auvergne-Rhône-Alpes, France, Grenoble, Europe;70;Technology, Information and Internet;;"Conseil et stratégie
+11";Privately Held;haute.fr;
 ProovStation;Lyon, Rhône, Auvergne-Rhône-Alpes, France, Lyon, Europe;39;Technology, Information and Internet;2018;"Fleet ManagementAI
+11";Privately Held;proovstation.com;
 NOEMIS;Clermont-Ferrand, Puy-de-Dôme, Auvergne-Rhône-Alpes, France, Clermont-Ferrand, Europe;55;IT Services and IT Consulting;2005;;Privately Held;noemis.fr;
 AVICENTER;Chartres, Eure-et-Loir, Centre-Val de Loire, France, Chartres, Europe;36;Financial Services;2018;"AVIFinancement
+4";Partnership;avicenter.fr;
 Groupe JVS;Châlons-en-Champagne, Marne, Grand Est, France, Châlons-en-Champagne, Europe;373;Software Development;;;Privately Held;groupe-jvs.fr;
 Volubile;Vitry-sur-Seine, Val-de-Marne, Île-De-France, France, Créteil, Europe;32;Technology, Information and Internet;2023;"Artificial Intelligence
+3";Privately Held;volubile.fr;
 Fenixys- An Aurionpro Company;Paris, Paris, Île-De-France, France, Europe;47;Financial Services;2016;"Advisory
+16";Privately Held;fenixys.com;
 Wiremind;Paris, Paris, Île-De-France, France, Europe;165;Software Development;2014;"Revenue Optimization
+20";Privately Held;wiremind.io;
 Bim;Paris, Paris, Île-De-France, France, Europe;126;Technology, Information and Internet;2015;"Mobile App
+4";Privately Held;bim-w.com;
 Dealt;Levallois-Perret, Hauts-de-Seine, Île-De-France, France, Nanterre, Europe;53;Software Development;2017;"RetailE-commerce
+2";Privately Held;dealt.fr;
 ORIGEEN CAPITAL;Paris, Paris, Île-De-France, France, Europe;21;Financial Services;2022;"Investissements
+4";Self-Owned;origeen-capital.com;
 Prysm Software;Le Cannet, Alpes-Maritimes, Provence-Alpes-Côte D'Azur, France, Grasse, Europe;56;Software Development;;"Alarm Monitoring
+5";Privately Held;prysmsoftware.com;
 ssp;Paris, Paris, Île-De-France, France, Europe;66;Financial Services;;"Monetary compensation
+4";Self-Owned;ssp.fr;
 VNCA Consulting;Paris, Paris, Île-De-France, France, Europe;79;Financial Services;2012;"Conseil
+15";Partnership;vnca.fr;
 Othrys;Paris, Paris, Île-De-France, France, Europe;23;Financial Services;2013;"Real Estate Investment
+8";Privately Held;othrys.fr;
 U-Need Consulting;Toulouse, Haute-Garonne, Occitanie, France, Toulouse, Europe;52;IT Services and IT Consulting;;"Informatique
+12";Privately Held;u-need-consulting.com;
 Sylob;Albi, Tarn, Occitanie, France, Albi, Europe;60;Software Development;1991;"Editeur de logiciels ERP
+17";Partnership;sylob.com;
 Apside Infrastructure;France, Europe;22;IT Services and IT Consulting;2004;"IT Service Management
+5";Privately Held;apside-infrastructure.com;
 imagino;Cachan, Val-de-Marne, Île-De-France, France, L'Haÿ-les-Roses, Europe;114;Software Development;2017;"CRMRCU
+18";Privately Held;imagino.com;
 Delia Technologies;Nantes, Loire-Atlantique, Pays de la Loire, France, Nantes, Europe;54;IT Services and IT Consulting;2019;DevOps;Privately Held;delia.tech;
 ONE LOGIC CONSULTING;Meudon, Hauts-de-Seine, Île-De-France, France, Boulogne-Billancourt, Europe;27;IT Services and IT Consulting;2014;"Web Developement
+8";Privately Held;onelogic.fr;
 Pricing HUB;Paris, Paris, Île-De-France, France, Europe;42;Software Development;2018;"Dynamic Pricing SaaS
+6";Privately Held;pricinghub.net;
 FIDUCIAL Gérance;Hauts-de-Seine, Île-De-France, France, Nanterre, Europe;73;Financial Services;;;Partnership;fiducial-gerance.fr;
 SoWell;Montpellier, Hérault, Occitanie, France, Montpellier, Europe;26;Software Development;2017;"Application
+6";Partnership;sowell.fr;
 NukkAI;Paris, Paris, Île-De-France, France, Europe;38;Software Development;2018;"Artificial Intelligence
+3";Privately Held;lajauneetlarouge.com;
 Wimi;Paris, Paris, Île-De-France, France, Europe;87;Software Development;2010;"Software as a Service
+9";Privately Held;wimi-teamwork.com;
 Yeap;Lyon, Rhône, Auvergne-Rhône-Alpes, France, Lyon, Europe;55;Software Development;2019;"payepaie
+6";Privately Held;yeap.com;
 Adictiz;Lille, Hauts-De-France, France;53;Technology, Information and Internet;2009;"social gaming
+12";Privately Held;adictiz.com;
 Ekinox;Paris, Paris, Île-De-France, France, Europe;39;IT Services and IT Consulting;2019;"Intelligence Artitifielle
+4";Privately Held;ekinox.com;
 Sesterce;Marseille, Bouches-du-Rhône, Provence-Alpes-Côte D'Azur, France, 1er Arr., Europe;23;IT Services and IT Consulting;2018;"Datacenters
+3";Partnership;sesterce.com;
 Raizers;Paris, Paris, Île-De-France, France, Europe;29;Financial Services;;;Privately Held;raizers.com;
 DELTIC;Lagord, Charente-Maritime, Nouvelle-Aquitaine, France, La Rochelle, Europe;21;Software Development;2013;"Dématérialisation de documents
+19";Privately Held;deltic.fr;
 INFIDIS;Malakoff, Hauts-de-Seine, Île-De-France, France, Antony, Europe;35;IT Services and IT Consulting;2015;;Privately Held;spie.com;
 FACIL'iti;Limoges, Haute-Vienne, Nouvelle-Aquitaine, France, Limoges, Europe;27;Technology, Information and Internet;2018;"Accessibilité numérique
+11";Privately Held;facil-iti.fr;
 Geolid;Lyon, Rhône, Auvergne-Rhône-Alpes, France, Lyon, Europe;53;Software Development;2008;"Référencement naturel (SEO)
+15";Privately Held;geolid.com;
 Hero;Paris, Paris, Île-De-France, France, Europe;152;Financial Services;2021;"FintechFactoring
+6";Privately Held;hero.fr;
 Refty;Paris, Île-De-France, France;29;Technology, Information and Internet;;reference checks and recruitment;Privately Held;refty.com;
 Association Webcup;La Réunion, France, Europe;52;Technology, Information and Internet;2009;"La Webcup
+6";Nonprofit;webcup.fr;
 Orikio (ex OSO-AI);Brest, Bretagne, France;34;IT Services and IT Consulting;;"acoustique monitoring
+3";Privately Held;orikio.fr;
 PROJETLYS;Lyon, Rhône, Auvergne-Rhône-Alpes, France, Lyon, Europe;79;IT Services and IT Consulting;2006;"Expertise technique MicrosoftCloud
+9";Partnership;distributique.com;
 KYOCERA Document Solutions France;Massy, Essonne, Île-De-France, France, Palaiseau, Europe;112;IT Services and IT Consulting;;"Solutions d'impression
+7";Public Company;kyoceradocumentsolutions.fr;
 UTI Investments (UTI International Limited);Paris, Paris, Île-De-France, France, Europe;47;Financial Services;1996;"Mutual Funds
+8";Privately Held;utifunds.com;
 TrustBuilder;Paris, Paris, Île-De-France, France, Europe;54;IT Services and IT Consulting;2010;"Identity and Access Management (IAM)
+10";Privately Held;trustbuilder.com;
 Dashdoc;Paris, Paris, Île-De-France, France, Europe;136;Software Development;2018;"TMSApplication conducteur
+9";Privately Held;dashdoc.com;
 ILEX-International;Clichy, Hauts-de-Seine, Île-De-France, France, Nanterre, Europe;45;IT Services and IT Consulting;1970;"IAM - Identity and Access Management
+5";Partnership;ilex-international.com;
 Pledg;Paris, Paris, Île-De-France, France, Europe;33;Financial Services;2016;"fintech
+13";Privately Held;pledg.co;
 Keljob;Paris, Paris, Île-De-France, France, Europe;37;Technology, Information and Internet;;;Privately Held;mappy.com;
 9altitudes France;Paris, Paris, Île-De-France, France, Europe;24;IT Services and IT Consulting;2000;"PLMWindchill
+23";Self-Owned;9altitudes.com;
 Images & Réseaux;Cesson-Sévigné, Ille-et-Vilaine, Bretagne, France, Rennes, Europe;27;IT Services and IT Consulting;2005;"pôle de compétitivité
+6";Nonprofit;imagesreseaux.com;
 Mercedes-Benz Financial Services France;Montigny-le-Bretonneux, Yvelines, Île-De-France, France, Versailles, Europe;144;Financial Services;1988;"Crédit automobile
+3";Privately Held;mercedes-benz.com;
 AdExcel Consulting;Villeneuve, Alpes-Maritimes, Provence-Alpes-Côte D'Azur, France, Grasse, Europe;27;IT Services and IT Consulting;2013;"Open Source
+29";Privately Held;adexcel-consulting.com;
 CACD2 - Crédit Agricole Conseil & Développement Digital;Paris, Paris, Île-De-France, France, Europe;76;IT Services and IT Consulting;2017;;Self-Owned;cacd2.fr;
 Connectcrédit;Paris, Paris, Île-De-France, France, Europe;27;Financial Services;2020;;Partnership;connectcredit.fr;
 Sancare;Paris, Paris, Île-De-France, France, Europe;44;Software Development;2016;"Machine LearningHealth
+4";Privately Held;sancare.fr;
 PROMEPAR ASSET MANAGEMENT;Hauts-de-Seine, Île-De-France, France, Nanterre, Europe;47;Financial Services;1974;"Asset Management
+13";Privately Held;promepar.fr;
 TOPSOLID Corporate;Évry, Essonne, Île-De-France, France, Évry, Europe;25;Software Development;1984;;Privately Held;topsolid.com;
 Bechtle Comsoft;Antony, Hauts-de-Seine, Île-De-France, France, Antony, Europe;71;Software Development;1990;"Conseils en licensing logicielCloud
+5";Public Company;bechtle-comsoft.fr;
 LOOM CONSULTING;Bordeaux, Gironde, Nouvelle-Aquitaine, France, Bordeaux, Europe;42;IT Services and IT Consulting;2018;;Partnership;weareloom.fr;
 Majoby;Saint-Cloud, Hauts-de-Seine, Île-De-France, France, Boulogne-Billancourt, Europe;23;IT Services and IT Consulting;2020;"Commerce
+3";Privately Held;majoby.fr;
 OPCORE;Paris, Paris, Île-De-France, France, Europe;72;IT Services and IT Consulting;1999;;Privately Held;opcore.com;
 Magma Technology;Paris, Paris, Île-De-France, France, Europe;21;Software Development;2018;"Predictive Visibility
+6";Privately Held;magma-technology.com;
 Texeï;Paris, Paris, Île-De-France, France, Europe;83;IT Services and IT Consulting;2016;"Salesforce
+19";Privately Held;texei.fr;
 Kessel;Paris, Île-De-France, France;25;Technology, Information and Internet;2022;"sociétéculture
+10";Privately Held;kessel.fr;
 MN santé (Nouveal et Maela);Lyon, Rhône, Auvergne-Rhône-Alpes, France, Lyon, Europe;37;Software Development;2013;"Services informatiques aux établissements de santé
+9";Partnership;mnsante.com;
 Winlassie by Imagine Human;Lyon, Rhône, Auvergne-Rhône-Alpes, France, Lyon, Europe;34;Software Development;1997;"Santé Sécurité au travail
+4";Privately Held;winlassie.com;
 Bellman;Paris, Paris, Île-De-France, France, Europe;38;Software Development;2019;;Privately Held;bellman.com;
 OCTAVE;Angers, Maine-et-Loire, Pays de la Loire, France, Angers, Europe;53;Software Development;1996;"Agence Web E-commerce
+2";Privately Held;octave.com;
 Episto;Paris, Paris, Île-De-France, France, Europe;28;Technology, Information and Internet;2018;"études de marché
+18";Privately Held;episto.fr;
 Biborne - Expert en bornes de commande;Herblay, Val-d'Oise, Île-De-France, France, Argenteuil, Europe;36;Software Development;;"borne de commande
+6";Privately Held;biborne.com;
 Aive;Paris, Paris, Île-De-France, France, Europe;79;Software Development;2019;"artificial intelligence
+4";Self-Owned;aive.com;
 Gatling;Neuilly-sur-Seine, Hauts-de-Seine, Île-De-France, France, Nanterre, Europe;48;Software Development;;"load testing
+11";Privately Held;gatling.com;
 AISI - Expert Cybersécurité, Infrastructure & Gouvernance;Saint-Mandé, Val-de-Marne, Île-De-France, France, Nogent-sur-Marne, Europe;56;IT Services and IT Consulting;2010;"firewallNAC
+41";Privately Held;aisi.fr;
 Solutions India Systems Pvt Ltd;Marseille, Bouches-du-Rhône, Provence-Alpes-Côte D'Azur, France, 1er Arr., Europe;102;IT Services and IT Consulting;1995;"Audio Visual Systems Integration
+17";Privately Held;retortsoft.com;
 Marigny Capital;Paris, Paris, Île-De-France, France, Europe;30;Financial Services;2012;"Financial solutions
+4";Privately Held;marignycapital.com;
 ISALT;Paris, Paris, Île-De-France, France, Europe;27;Financial Services;2019;;Partnership;isalt-gestion.com;
 ACREOS;Metz, Moselle, Grand Est, France, Europe;56;Software Development;2007;"Simulation
+7";Partnership;acreos.eu;
 Jint (ex-Mozzaik365);Paris, Paris, Île-De-France, France, Europe;44;Software Development;2017;"Office 365
+13";Privately Held;jint.co;
 Bankin';Paris, Paris, Île-De-France, France, Europe;69;Technology, Information and Internet;2011;"Application IOS
+4";Partnership;bankin.com;
 MicroEJ;Nantes, Loire-Atlantique, Pays de la Loire, France, Nantes, Europe;57;Software Development;2012;"Virtualization
+12";Privately Held;microej.com;
 Immopret;Saint-Denis, Seine-Saint-Denis, Île-De-France, France, Saint-Denis, Europe;260;Financial Services;;;Partnership;immopret.fr;
 Access IT;Villeneuve-d'Ascq, Nord, Hauts-de-France, France, Lille, Europe;86;Software Development;1993;"Microsoft Consulting Training
+10";Privately Held;accessit.fr;
 eXalt IT;Paris, Paris, Île-De-France, France, Europe;95;IT Services and IT Consulting;2020;"JavaC#C++
+5";Privately Held;exalt-company.com;
 Polaria;Paris, Paris, Île-De-France, France, Europe;27;Software Development;;;Partnership;polaria.ai;
 FPT Malaysia;Champgenéteux, Mayenne, Pays de la Loire, France, Mayenne, Europe;130;IT Services and IT Consulting;;"Digital consulting
+24";Public Company;ouest-france.fr;
 Forterro FR;Caen, Calvados, Normandie, France, Caen, Europe;354;Software Development;2021;;Self-Owned;forterro.com;
 ALDEMIA | Testing, prestation et formation;Levallois-Perret, Île-De-France, France;37;IT Services and IT Consulting;2000;"testautomatisation
+28";Privately Held;aldemia.fr;
 Smappen;Toulouse, Haute-Garonne, Occitanie, France, Toulouse, Europe;23;Technology, Information and Internet;2018;;Partnership;smappen.fr;
 ASAP Technologies;Paris, Paris, Île-De-France, France, Europe;78;IT Services and IT Consulting;2008;"Conseil
+2";Privately Held;hugedomains.com;
 Alchimie.;Paris, Paris, Île-De-France, France, Europe;50;Technology, Information and Internet;2016;"Digital Distribution
+8";Privately Held;alchimie-paris.fr;
 SLIB;Paris, Paris, Île-De-France, France, Europe;173;IT Services and IT Consulting;1988;"securities software solutions
+10";Privately Held;slib.com;
 EQUITIM;Boulogne-Billancourt, Hauts-de-Seine, Île-De-France, France, Boulogne-Billancourt, Europe;43;Financial Services;2007;"Placements financiers
+2";Privately Held;equitim.fr;
 Toporder by myPOS;Écully, Rhône, Auvergne-Rhône-Alpes, France, Lyon, Europe;51;Software Development;2019;"Productivité
+12";Partnership;toporder.fr;
 CPage;Dijon, Bourgogne-Franche-Comté, France;244;Software Development;2003;"Système d'Information Hospitalière
+16";Government Agency;cpage.fr;
 FINELOG-BISEUM;Issy-les-Moulineaux, Hauts-de-Seine, Île-De-France, France, Boulogne-Billancourt, Europe;30;IT Services and IT Consulting;2004;"Automatisation des Reportings Financiers
+13";Privately Held;finelog-biseum.com;
 FINOPTI;Paris, Paris, Île-De-France, France, Europe;166;Financial Services;;"poste client
+4";Privately Held;finopti.fr;
 FICHORGA;Templemars, Nord, Hauts-de-France, France, Lille, Europe;180;Software Development;1972;"Informatique notarialeHotline
+6";Privately Held;fichorga.fr;
 JustRelate France;Ronchin, Nord, Hauts-de-France, France, Lille, Europe;32;Software Development;2014;"Marketing Digital
+19";Self-Owned;justrelate.com;
 UltraEdge;Courbevoie, Hauts-de-Seine, Île-De-France, France, Nanterre, Europe;97;Technology, Information and Internet;2024;"datacentersedge
+3";Privately Held;ultraedge.com;
 Wiztivi;France, Europe;101;Software Development;;"Connected TVVOD
+18";Privately Held;wiztivi.com;
 TimTek;Lyon, Rhône, Auvergne-Rhône-Alpes, France, Lyon, Europe;22;IT Services and IT Consulting;2019;"datainfrastructure
+2";Privately Held;tim-tek.com;
 Shipup;Paris, Paris, Île-De-France, France, Europe;55;Technology, Information and Internet;2016;"Logistics
+10";Privately Held;visiwise.co;
 Dastra;Paris, Paris, Île-De-France, France, Europe;47;Software Development;2020;"Data Management
+30";Privately Held;dastra.com;
 PEARL Infrastructure Capital;Paris, Paris, Île-De-France, France, Europe;23;Financial Services;2019;"Private Equity
+10";Partnership;hugedomains.com;
 Qyyp Medical;Vénissieux, Rhône, Auvergne-Rhône-Alpes, France, Lyon, Europe;44;IT Services and IT Consulting;2009;"Suivi de patientèle
+5";Privately Held;qyyp.fr;
 EVEREST Finance;Annonay, Ardèche, Auvergne-Rhône-Alpes, France, Tournon-sur-Rhône, Europe;25;Financial Services;2015;;Self-Employed;mesfinancesprecieuses.fr;
 Kolet;Paris, Paris, Île-De-France, France, Europe;35;Technology, Information and Internet;2024;;Privately Held;kolet.com;
 DARYL Social Software;Annecy, Haute-Savoie, Auvergne-Rhône-Alpes, France, Annecy, Europe;38;Software Development;2001;logiciel;Partnership;darylsoftware.com;
 Orasio;Paris, Paris, Île-De-France, France, Europe;21;Technology, Information and Internet;;;Privately Held;orasio.com;
 AxeoBIM;Villeurbanne, Rhône, Auvergne-Rhône-Alpes, France, Lyon, Europe;20;Software Development;2005;"BIMSoftware
+18";Privately Held;axeobim.fr;
 EPF Projets;Cachan, Val-de-Marne, Île-De-France, France, L'Haÿ-les-Roses, Europe;49;Software Development;2006;"Conseil
+24";Nonprofit;epfprojets.com;
 Beeldi;Paris, Paris, Île-De-France, France, Europe;44;Software Development;2018;"diagnostic énergétiqueaudit
+18";Partnership;beeldi.com;
 The ORDRE Group;France, Europe;20;Technology, Information and Internet;2014;"fashionluxury
+2";Public Company;theordregroup.com;
 My Digital Buildings;Meylan, Isère, Auvergne-Rhône-Alpes, France, Grenoble, Europe;47;IT Services and IT Consulting;2019;"IoTBâtiment numérique
+5";Privately Held;mydigitalbuildings.com;
 SARDEL Conseil;Noisy-le-Grand, Seine-Saint-Denis, Île-De-France, France, Le Raincy, Europe;58;Software Development;2016;;Privately Held;sardel.fr;
 L'AGENT X;Croix, Nord, Hauts-de-France, France, Lille, Europe;24;Technology, Information and Internet;2012;"GROWTHCRO
+24";Privately Held;lagentx.com;
 Le Sphinx;Chavanod, Haute-Savoie, Auvergne-Rhône-Alpes, France, Annecy, Europe;93;Software Development;1985;"Enquête en ligne
+20";Privately Held;sphinx.com;
 Prodesk IT;Le Blanc, Indre, Centre-Val de Loire, France, Le Blanc, Europe;115;IT Services and IT Consulting;2006;"Software Development
+12";Privately Held;prodeskit.com;
 Okeiro;Paris, Paris, Île-De-France, France, Europe;38;Software Development;;;Privately Held;okeiro.com;
 BK Systèmes;Vaulx-Milieu, Isère, Auvergne-Rhône-Alpes, France, La Tour-du-Pin, Europe;70;Software Development;1998;"Logiciel de gestion d'entrepôt / de stock (WMS)WMS
+11";Privately Held;bksystemes.fr;
 SoHoft;Toulouse, Haute-Garonne, Occitanie, France, Toulouse, Europe;27;IT Services and IT Consulting;2023;"DevTest
+9";Privately Held;sohoft.fr;
 Theodo FinTech;Paris, Paris, Île-De-France, France, Europe;64;IT Services and IT Consulting;;"FintechFinance
+18";Privately Held;theodo.com;
 Black & White Bridging;Montigny, Cher, Centre-Val de Loire, France, Bourges, Europe;42;Financial Services;2013;Development Finance and Non Regulated Residential Finance;Privately Held;bnwburger.com;
 AS-TECH Solutions;Lattes, Occitanie, France;78;Software Development;1981;;Privately Held;astech.com;
 ITINOV;Asnières-sur-Seine, Hauts-de-Seine, Île-De-France, France, Nanterre, Europe;30;IT Services and IT Consulting;2022;"DEVOPSDigital
+9";Privately Held;itinov.fr;
 Kizeo;France, Europe;68;Software Development;2011;"Applications Mobiles
+5";Privately Held;kizeo.com;
 LUNDI MATIN Group;Montpellier, Hérault, Occitanie, France, Montpellier, Europe;135;Software Development;2007;"Gestion Commerciale
+14";Partnership;lundimatin.fr;
 TRIMANE | Expert BI et Big Data;Puteaux, Hauts-de-Seine, Île-De-France, France, Nanterre, Europe;60;IT Services and IT Consulting;2005;"BI Décisionnel
+7";Self-Owned;trimane.fr;
 INVIVOO;Hauts-de-Seine, Île-De-France, France, Nanterre, Europe;102;IT Services and IT Consulting;2004;IT and Finance;Privately Held;invivoo.com;
 Y Meadows;Paris, Paris, Île-De-France, France, Europe;22;Software Development;2020;"AI-Powered Order Entry Automation
+20";Privately Held;ymeadows.com;
 AU Group;Paris, Paris, Île-De-France, France, Europe;191;Financial Services;1929;"Assurance-Crédit
+10";Privately Held;au-group.com;
 SERYCE;Saint-Mandé, Val-de-Marne, Île-De-France, France, Nogent-sur-Marne, Europe;24;IT Services and IT Consulting;2019;"BanqueFinance
+8";Privately Held;seryce.com;
 Tinubu;Issy-les-Moulineaux, Hauts-de-Seine, Île-De-France, France, Boulogne-Billancourt, Europe;213;Software Development;;"Credit insurance management
+19";Privately Held;tinubu.com;
 Egerie;Toulon, Var, Provence-Alpes-Côte D'Azur, France, Toulon, Europe;97;Software Development;2016;"Cybersecurity
+15";Privately Held;egerie.com;
 act digital EMEA - Alter Solutions;Versailles, Yvelines, Île-De-France, France, Versailles, Europe;289;IT Services and IT Consulting;;"IT consulting
+5";Privately Held;actdigital.fr;
 Web-atrio;Paris, Paris, Île-De-France, France, Europe;106;IT Services and IT Consulting;2012;"Conseil
+35";Privately Held;web-atrio.com;
 Crédit Mutuel Equity;Paris, Paris, Île-De-France, France, Europe;148;Financial Services;;;Privately Held;creditmutuel-equity.eu;
 ABSYS CYBORG;Issy-les-Moulineaux, Hauts-de-Seine, Île-De-France, France, Boulogne-Billancourt, Europe;600;IT Services and IT Consulting;1987;"Solutions de GestionERP
+18";Privately Held;absyscyborg.com;
 ARKANCE;Saint-Denis, Seine-Saint-Denis, Île-De-France, France, Saint-Denis, Europe;677;IT Services and IT Consulting;;;Partnership;arkance.world;
 agap2IT France;Boulogne-Billancourt, Hauts-de-Seine, Île-De-France, France, Boulogne-Billancourt, Europe;159;IT Services and IT Consulting;;"Développement
+25";Partnership;agap2-it.fr;
 Trace One;Le Pré-Saint-Gervais, Seine-Saint-Denis, Île-De-France, France, Bobigny, Europe;529;Software Development;2001;"SaaS Software
+11";Privately Held;traceone.com;
 Axialys;Levallois-Perret, Hauts-de-Seine, Île-De-France, France, Nanterre, Europe;51;Software Development;1999;"Call tracking
+25";Privately Held;axialys.com;
 Quai Alpha;Châtel-sur-Moselle, Vosges, Grand Est, France, Épinal, Europe;24;Technology, Information and Internet;2018;"french tech
+18";Government Agency;quai-alpha.com;
 Rue du Commerce;Paris, Paris, Île-De-France, France, Europe;163;Technology, Information and Internet;1999;"e-commerce
+3";Privately Held;rueducommerce.fr;
 Andex International;Paris, Paris, Île-De-France, France, Europe;31;IT Services and IT Consulting;2016;;Privately Held;andex.fr;
 Iliade Consulting;Paris, Paris, Île-De-France, France, Europe;214;IT Services and IT Consulting;2004;;Privately Held;iliadeconsulting.com;
 MINDIII Systems Pvt. Ltd.;Guidel, Morbihan, Bretagne, France, Lorient, Europe;69;IT Services and IT Consulting;2015;"Mobile App Development
+36";Privately Held;mindiii.com;
 Rise Up;Paris, Paris, Île-De-France, France, Europe;158;Software Development;2014;"E-learning
+16";Privately Held;riseup.ai;
 Daveo;Paris, Paris, Île-De-France, France, Europe;188;IT Services and IT Consulting;;;Privately Held;daveo.fr;
 HEREST - Family Office;Marcq-en-Barœul, Nord, Hauts-de-France, France, Lille, Europe;26;Financial Services;2011;"Family Office
+19";Partnership;herest.fr;
 Aktio (Apave Group);Paris, Paris, Île-De-France, France, Europe;74;Software Development;2020;"Bilan Carbone
+10";Privately Held;aktio.ai;
 Padam Mobility;Paris, Paris, Île-De-France, France, Europe;104;IT Services and IT Consulting;2014;"Mobile applications
+20";Privately Held;padam-mobility.com;
 SYMOLIA GROUPE;Courbevoie, Hauts-de-Seine, Île-De-France, France, Nanterre, Europe;56;IT Services and IT Consulting;2013;"Paiements digitaux
+12";Privately Held;symolia.com;
 Groupe Quintésens - marque de Pluralle Groupe;Paris, Paris, Île-De-France, France, Europe;237;Financial Services;2009;"Gestion de patrimoine
+12";Privately Held;pluralle.fr;
 maeva;Paris, Paris, Île-De-France, France, Europe;251;Technology, Information and Internet;2014;"Vacances en France
+6";Public Company;maeva.com;
 BayBridgeDigital;Paris, Paris, Île-De-France, France, Europe;118;IT Services and IT Consulting;2017;"TechnologyISV
+23";Privately Held;baybridgedigital.com;
 HR Team Group;Paris, Paris, Île-De-France, France, Europe;149;IT Services and IT Consulting;2005;;Partnership;hr-team.com;
 Cegid for Accountants;Lyon, Rhône, Auvergne-Rhône-Alpes, France, Lyon, Europe;89;Software Development;;;;cegid.com;
 Covéa Finance;Paris, Paris, Île-De-France, France, Europe;191;Financial Services;2006;"Gestion d'actifs
+5";Partnership;covea-finance.com;
 French Tech Bordeaux;Villenave-d'Ornon, Gironde, Nouvelle-Aquitaine, France, Bordeaux, Europe;31;IT Services and IT Consulting;2014;"DigitalStartup
+2";Nonprofit;frenchtechbordeaux.com;
 DOXALLIA;Bozouls, Aveyron, Occitanie, France, Rodez, Europe;352;IT Services and IT Consulting;1994;"Archivage
+15";Privately Held;doxallia.com;
 LightOn;Paris, Paris, Île-De-France, France, Europe;79;Software Development;2016;"Transformative AI
+12";Privately Held;lighton.ai;
 Jus Mundi;Paris, Paris, Île-De-France, France, Europe;125;Technology, Information and Internet;2019;"international law
+12";Privately Held;jusmundi.com;
 Lendys;Paris, Paris, Île-De-France, France, Europe;130;Financial Services;2009;"Banque & Assurance
+17";Privately Held;lendys.fr;
 Modjo;Paris, Paris, Île-De-France, France, Europe;82;Software Development;2019;;Privately Held;modjo.fr;
 Arianee;Paris, Paris, Île-De-France, France, Europe;46;IT Services and IT Consulting;2018;;Privately Held;arianee.com;
 Lojelis;Clermont-Ferrand, Puy-de-Dôme, Auvergne-Rhône-Alpes, France, Clermont-Ferrand, Europe;88;IT Services and IT Consulting;2005;"Oracle E-Business SuiteSAP
+7";Partnership;lojelis.com;
 Talentia Software;Puteaux, Hauts-de-Seine, Île-De-France, France, Nanterre, Europe;456;Software Development;1988;"Corporate Performance Management Software
+13";Privately Held;talentia-software.com;
 Petit BamBou;Tourcoing, Nord, Hauts-de-France, France, Lille, Europe;50;Technology, Information and Internet;2014;"Méditation
+10";Privately Held;petitbambou.com;
 TALYS;Issy-les-Moulineaux, Hauts-de-Seine, Île-De-France, France, Boulogne-Billancourt, Europe;152;IT Services and IT Consulting;2006;"Assistance à la maîtrise d'ouvrage
+13";Privately Held;talys.fr;
 Logidoo;Tulle, Corrèze, Nouvelle-Aquitaine, France, Tulle, Europe;47;IT Services and IT Consulting;2019;"Logistique
+11";Privately Held;logidoo.co;
 Pitchy;France, Europe;69;Software Development;2013;"InternetVidéo
+9";Privately Held;pitchy.fr;
 Societe Generale - FORGE;Puteaux, Hauts-de-Seine, Île-De-France, France, Nanterre, Europe;32;Financial Services;2018;;Privately Held;doctrine.fr;
 Arondor;Paris, Paris, Île-De-France, France, Europe;157;IT Services and IT Consulting;2002;"ECMBPM
+16";Partnership;arondor.com;
 Shares;Paris, Paris, Île-De-France, France, Europe;156;Financial Services;2021;;Privately Held;shares.com;
 Randstad Digital France;Issy-les-Moulineaux, Hauts-de-Seine, Île-De-France, France, Boulogne-Billancourt, Europe;976;IT Services and IT Consulting;;"Intelligence ArtificielleCloud
+6";Public Company;randstaddigital.fr;
 AXELITES;Paris, Paris, Île-De-France, France, Europe;28;IT Services and IT Consulting;2012;"e-commerce
+11";Privately Held;axelites.com;
 Photoroom;Paris, Paris, Île-De-France, France, Europe;688;Technology, Information and Internet;2019;"Product PhotographySMBs
+4";Privately Held;photoroom.fr;
 BASSETTI Group;Grenoble, Isère, Auvergne-Rhône-Alpes, France, Grenoble, Europe;137;Software Development;1992;;Privately Held;bassetti-group.com;
 Dendreo;Paris, Paris, Île-De-France, France, Europe;51;IT Services and IT Consulting;;"centre de formation
+10";Privately Held;dendreo.com;
 Fleeti;Bidart, Pyrénées-Atlantiques, Nouvelle-Aquitaine, France, Bayonne, Europe;84;Software Development;2020;"fleetmanagement
+7";Privately Held;fleeti.co;
 Braincube;Issoire, Puy-de-Dôme, Auvergne-Rhône-Alpes, France, Issoire, Europe;168;Software Development;2007;"Manufacturing Intelligence
+15";Privately Held;braincube.com;
 TEAMWILL;Courbevoie, Hauts-de-Seine, Île-De-France, France, Nanterre, Europe;743;IT Services and IT Consulting;;"CreditLeasing
+4";Privately Held;teamwill.ai;
 evoteo;Lyon, Rhône, Auvergne-Rhône-Alpes, France, Lyon, Europe;20;IT Services and IT Consulting;2017;"Intelligence ArtificielleBI
+12";Partnership;evoteo.fr;
 Scoop.it, a Meltwater Offering;Paris, Paris, Île-De-France, France, Europe;35;Technology, Information and Internet;2011;"Content Marketing
+16";Privately Held;scoop-it.fr;
 Horizon Trading Solutions;Paris, Paris, Île-De-France, France, Europe;135;Financial Services;1998;"Electronic Trading
+6";Privately Held;horizontrading.com;
 Direction du numérique du Ministère du travail, de la santé, des solidarités et des familles (MTSSF);Montrouge, Hauts-de-Seine, Île-De-France, France, Antony, Europe;149;IT Services and IT Consulting;2020;Direction numérique;Government Agency;welcometothejungle.com;
 Dext France;Paris, Paris, Île-De-France, France, Europe;35;Software Development;2015;"automatisation
+8";Self-Owned;dext.com;
 Informatique et Technologies - Caisse d'Epargne;Paris, Paris, Île-De-France, France, Europe;392;Software Development;;Informatique bancaire;Self-Owned;chooseyourboss.com;
 LBP AM;Paris, Paris, Île-De-France, France, Europe;294;Financial Services;1988;"Actions thématiques
+6";Privately Held;lbpam.com;
 Infranity;Paris, Paris, Île-De-France, France, Europe;94;Financial Services;2018;Sustainable Infrastructure;Privately Held;infranity.com;
 Ikighia;Lille, Nord, Hauts-de-France, France, Lille, Europe;50;IT Services and IT Consulting;2022;"ConseilIT
+7";Privately Held;ikivia.com;
 Boost Bank;Tollevast, Manche, Normandie, France, Cherbourg-Octeville, Europe;215;Financial Services;2023;;Privately Held;boostbank.com;
 StarClay;Puteaux, Hauts-de-Seine, Île-De-France, France, Nanterre, Europe;32;IT Services and IT Consulting;2011;"Décisionnel
+17";Partnership;starclay.fr;
 Heliaq Solutions;Le Haillan, Gironde, Nouvelle-Aquitaine, France, Bordeaux, Europe;492;IT Services and IT Consulting;;;Partnership;heliaq.fr;
 Eskimoz;Boulogne-Billancourt, Hauts-de-Seine, Île-De-France, France, Boulogne-Billancourt, Europe;237;Technology, Information and Internet;2015;;Privately Held;eskimoz.fr;
 Financial Networking Group;Paris, Paris, Île-De-France, France, Europe;89;Financial Services;2018;"Financial Market
+7";Public Company;dfcg.fr;
 Groupe HLi;Nanterre, Hauts-de-Seine, Île-De-France, France, Nanterre, Europe;77;IT Services and IT Consulting;1985;"Solutions sectorielles Télécom
+23";Privately Held;groupe-hli.com;
 Alsinova CRO;Boulogne-Billancourt, Hauts-de-Seine, Île-De-France, France, Boulogne-Billancourt, Europe;57;IT Services and IT Consulting;;"Statistiques
+8";Partnership;alsinova.com;
 Qualineo;Lille, Nord, Hauts-de-France, France, Lille, Europe;46;Software Development;2018;"Gestion de documents
+15";Privately Held;qualineo.io;
 LittleBigCode;Paris, Paris, Île-De-France, France, Europe;101;IT Services and IT Consulting;2018;;Privately Held;diametral.com;
 theTribe;Nantes, Loire-Atlantique, Pays de la Loire, France, Nantes, Europe;61;Technology, Information and Internet;2014;"WebNodeJS
+11";Privately Held;thetribe.fr;
 BK CONSULTING;Puteaux, Hauts-de-Seine, Île-De-France, France, Nanterre, Europe;255;IT Services and IT Consulting;;"Asset Management
+20";Partnership;bk-consulting.com;
 SOPHIA Engineering;Alpes-Maritimes, Provence-Alpes-Côte D'Azur, France, Grasse, Europe;192;IT Services and IT Consulting;2005;"engineering
+7";Privately Held;sophiaengineering.com;
 Sellsy;La Rochelle, Charente-Maritime, Nouvelle-Aquitaine, France, La Rochelle, Europe;171;Software Development;2009;"CRMTimetracking
+23";Privately Held;sellsy.com;
 Ippon Technologies;Paris, Paris, Île-De-France, France, Europe;539;IT Services and IT Consulting;2002;"JavaScrum
+24";Privately Held;ippon.tech;
 Training Orchestra;Paris, Paris, Île-De-France, France, Europe;106;Software Development;2001;"Management Software for Corporate University
+13";Privately Held;trainingorchestra.com;
 Linkurious;Montreuil, Seine-Saint-Denis, Île-De-France, France, Bobigny, Europe;46;Software Development;2013;"data visualization
+7";Privately Held;linkurious.com;
 La Cité de l'IA - Tech & Business Day;Marcq-en-Barœul, Nord, Hauts-de-France, France, Lille, Europe;20;IT Services and IT Consulting;2019;IAAIand Intelligence Artificielle;Nonprofit;cite-ia-summit.fr;
 Konexio;Paris, Paris, Île-De-France, France, Europe;148;IT Services and IT Consulting;2016;"digital learning
+16";Nonprofit;konexio.eu;
 Yoopies;Paris, Paris, Île-De-France, France, Europe;172;Technology, Information and Internet;2012;"Childcare
+5";Privately Held;yoopies.fr;
 Mediaveille - MV Group;Cesson-Sévigné, Bretagne, France;192;Technology, Information and Internet;1999;"Ergonomie / webdesign
+17";Partnership;mv-group.fr;
 Qorus;Paris, Paris, Île-De-France, France, Europe;85;Financial Services;1971;"marketing
+12";Nonprofit;qorusdocs.com;
 Callbell;Paris, Paris, Île-De-France, France, Europe;40;Software Development;2018;Customer Support and SaaS;Privately Held;callbell.eu;
 iQanto;Marseille, Bouches-du-Rhône, Provence-Alpes-Côte D'Azur, France, 1er Arr., Europe;345;IT Services and IT Consulting;;"Robotique
+6";Privately Held;lindustrie-recrute.fr;
 Broadpeak;Cesson-Sévigné, Ille-et-Vilaine, Bretagne, France, Rennes, Europe;269;Software Development;2010;"MulticastABRCDN
+10";Public Company;broadpeak.com;
 Student Pop;Paris, Paris, Île-De-France, France, Europe;497;Technology, Information and Internet;2016;"Marketing
+13";Partnership;studentpop.fr;
 Lemonway;Paris, Paris, Île-De-France, France, Europe;187;Financial Services;2007;"Payment Institution
+13";Privately Held;lemonway.com;
 Stych;Paris, Paris, Île-De-France, France, Europe;243;Technology, Information and Internet;2014;"techmobilité
+4";Privately Held;stych.fr;
 Synanto;Montpellier, Hérault, Occitanie, France, Montpellier, Europe;75;IT Services and IT Consulting;2007;"Ingénierie applicative
+10";Partnership;synanto.fr;
 Fédération Nationale du Crédit Agricole;Paris, Paris, Île-De-France, France, Europe;144;Financial Services;1945;;Nonprofit;ca-fnca.fr;
 Gravitas;Neuilly-sur-Seine, Hauts-de-Seine, Île-De-France, France, Nanterre, Europe;182;IT Services and IT Consulting;1998;"RIsk & Portfolio Analytics
+5";Public Company;gravitas.fr;
 EBP Business management solutions;Rambouillet, Yvelines, Île-De-France, France, Rambouillet, Europe;523;Software Development;1984;"logiciels de comptabilité
+6";Partnership;ebp.com;
 ChooseMyCompany;Paris, Paris, Île-De-France, France, Europe;92;Software Development;2008;"employer branding
+9";Privately Held;choosemycompany.com;
 A2MAC1 - Decode the future;Boulogne-Billancourt, Hauts-de-Seine, Île-De-France, France, Boulogne-Billancourt, Europe;620;Software Development;1997;"Competitive Analysis
+12";Privately Held;a2mac1.com;
 Mobelite;Paris, Paris, Île-De-France, France, Europe;73;IT Services and IT Consulting;2012;"Conseil en Stratégie Mobile
+3";Privately Held;mobelite.fr;
 Publicis Sapient France;Paris, Paris, Île-De-France, France, Europe;131;IT Services and IT Consulting;;;Privately Held;publicissapient.com;
 Ataway;Paris, Paris, Île-De-France, France, Europe;420;IT Services and IT Consulting;2000;"Strategy
+19";Privately Held;ataway.com;
 CoderPad;Montpellier, Hérault, Occitanie, France, Montpellier, Europe;85;Software Development;;;Privately Held;coderpad.io;
 Hardis Supply Chain | formerly Reflex;Seyssinet-Pariset, Isère, Auvergne-Rhône-Alpes, France, Grenoble, Europe;334;Software Development;;"InventoryDrone
+13";Privately Held;sitl.eu;
 Flatchr;Boulogne-Billancourt, Hauts-de-Seine, Île-De-France, France, Boulogne-Billancourt, Europe;35;Software Development;2015;"recrutement
+22";Privately Held;flatchr.io;
 Witekio;Lyon, Rhône, Auvergne-Rhône-Alpes, France, Lyon, Europe;132;Software Development;2001;"LinuxAndroid
+22";Privately Held;witekio.com;
 EVOLUCARE;Villers-Bretonneux, Somme, Hauts-de-France, France, Amiens, Europe;329;Software Development;1996;"Système d'Information Hospitalier
+11";Privately Held;evolucare.com;
 BlueKanGo;Cesson-Sévigné, Ille-et-Vilaine, Bretagne, France, Rennes, Europe;165;Software Development;1998;"QHSEGestion de la Qualité
+15";Partnership;bluekango.com;
 LOptimisme.com;Paris, Paris, Île-De-France, France, Europe;99;Technology, Information and Internet;2016;"OptimismeMédia
+9";Partnership;loptimisme.com;
 Octopus HACCP;Paris, Paris, Île-De-France, France, Europe;43;Software Development;2015;"HACCP
+9";Privately Held;octopus-haccp.com;
 Fifteen - Augmented Bike Networks;Vanves, Hauts-de-Seine, Île-De-France, France, Antony, Europe;103;Technology, Information and Internet;2008;"Vélos en Libre-Service
+21";Privately Held;fifteen.eu;
 Neoxia;Paris, Paris, Île-De-France, France, Europe;171;IT Services and IT Consulting;2000;"Architecture
+18";Privately Held;distributique.com;
 Swapcard;Paris, Paris, Île-De-France, France, Europe;180;Software Development;2014;"Networking
+5";Privately Held;swapcard.com;
 ITELIOS;Paris, Paris, Île-De-France, France, Europe;26;IT Services and IT Consulting;2003;"Datamining & organic growth
+19";Privately Held;developpez.com;
 Maviance PLC;Poule de Marans, Charente-Maritime, Nouvelle-Aquitaine, France, La Rochelle, Europe;128;Financial Services;2012;Fintech and payments;Public Company;maviance.cm;
 Ostrum Asset Management;Paris, Paris, Île-De-France, France, Europe;376;Financial Services;;Asset Management;Self-Owned;ostrum.com;
 QuantCube Technology;Paris, Paris, Île-De-France, France, Europe;82;Financial Services;2013;;Privately Held;quant-cube.com;
 Teach Up;Lyon, Rhône, Auvergne-Rhône-Alpes, France, Lyon, Europe;34;Software Development;2020;"E-learning
+11";Privately Held;teachup.com;
 Powens Group;Paris, Paris, Île-De-France, France, Europe;82;Financial Services;2012;;Privately Held;powens.com;
 OuiWin;Paris, Paris, Île-De-France, France, Europe;38;IT Services and IT Consulting;2020;"Conseil
+13";Privately Held;ouiwin.com;
 MyHome;Marseille, Bouches-du-Rhône, Provence-Alpes-Côte D'Azur, France, 1er Arr., Europe;282;Technology, Information and Internet;2018;Project Quotations and Maintenance;Privately Held;myhome.fr;
 Koperasi Kakitangan PETRONAS (KOPETRO);Parigné-sur-Braye, Mayenne, Pays de la Loire, France, Mayenne, Europe;294;Financial Services;1980;"Investment
+8";Public Company;jobstreet.com;
 XRAYS TRADING;Paris, Île-De-France, France;27;Financial Services;2004;;Privately Held;xrays.fr;
 Kolsquare | B Corp;Paris, Paris, Île-De-France, France, Europe;149;IT Services and IT Consulting;;"Influence Marketing
+4";Privately Held;bcorporation.fr;
 Teolia;Neuilly-sur-Seine, Hauts-de-Seine, Île-De-France, France, Nanterre, Europe;60;IT Services and IT Consulting;2014;"chefferie de projet
+11";Partnership;teolia.fr;
 Skello;Paris, Paris, Île-De-France, France, Europe;434;Software Development;2016;;Privately Held;skello.io;
 StarOfService;Courbevoie, Hauts-de-Seine, Île-De-France, France, Nanterre, Europe;40;Technology, Information and Internet;2012;marketplace and services;Public Company;starofservice.com;
 C2S;Issy-les-Moulineaux, Hauts-de-Seine, Île-De-France, France, Boulogne-Billancourt, Europe;255;IT Services and IT Consulting;;;Partnership;guide-eau.com;
 Finance Innovation;Paris, Paris, Île-De-France, France, Europe;97;Financial Services;2008;"FintechFinance
+15";Nonprofit;financeinnovation.fr;
 TRANSVALOR;Biot, Alpes-Maritimes, Provence-Alpes-Côte D'Azur, France, Grasse, Europe;124;Software Development;1984;"FORGE®
+18";Privately Held;transvalor.com;
 Sightness;Paris, Paris, Île-De-France, France, Europe;87;Technology, Information and Internet;2019;"Pilotage transport
+17";Privately Held;sightness.com;
 ADAPT1;Courbevoie, Hauts-de-Seine, Île-De-France, France, Nanterre, Europe;37;IT Services and IT Consulting;2018;"LEANFP&A
+15";Privately Held;adapt1.fr;
 Digisap Solutions;Paris, Paris, Île-De-France, France, Europe;83;Software Development;;;Self-Owned;digisap-solutions.com;
 Digital League;Charbonnières-les-Bains, Rhône, Auvergne-Rhône-Alpes, France, Lyon, Europe;44;Software Development;2017;Cluster logiciel et services numériques;Nonprofit;hugedomains.com;
 Actinvision;Strasbourg, Bas-Rhin, Grand Est, France, Strasbourg, Europe;115;IT Services and IT Consulting;2014;"Business Intelligence
+17";Privately Held;actinvision.com;
 BAZARCHIC;Clichy, Hauts-de-Seine, Île-De-France, France, Nanterre, Europe;188;Technology, Information and Internet;2006;;Privately Held;bazarchic.com;
 Kicklox;Paris, Paris, Île-De-France, France, Europe;20;IT Services and IT Consulting;2015;"ingénierie
+6";Partnership;kicklox.com;
 Cafeyn;Paris, Paris, Île-De-France, France, Europe;163;Technology, Information and Internet;2006;;Privately Held;cafeyn.co;
 Xelians;Paris, Paris, Île-De-France, France, Europe;414;IT Services and IT Consulting;;"dématérialisation
+9";Self-Owned;xelians.com;
 Viadeo;Paris, Paris, Île-De-France, France, Europe;81;Technology, Information and Internet;2004;"Networking
+10";Privately Held;journaldunet.com;
 guiild;Lille, Nord, Hauts-de-France, France, Lille, Europe;54;Software Development;2022;"reactjsnodejs
+21";Self-Owned;guiild.com;
 Sinequa by ChapsVision;Paris, Paris, Île-De-France, France, Europe;138;Software Development;2002;"Enterprise Search
+20";Privately Held;sinequa.com;
 Famoco;Paris, Paris, Île-De-France, France, Europe;99;IT Services and IT Consulting;2010;"Android Device
+25";Privately Held;famoco.com;
 Enablon;Bois-Colombes, Hauts-de-Seine, Île-De-France, France, Nanterre, Europe;479;Software Development;;"Sustainability Performance Management
+17";Public Company;enablon.fr;
 Vianova I/O;Paris, Paris, Île-De-France, France, Europe;20;Technology, Information and Internet;2019;"Mobility Intelligence Software
+10";Privately Held;vianovai.com;
 Direction du numérique des Ministères Sociaux (DNUM);Montrouge, Hauts-de-Seine, Île-De-France, France, Antony, Europe;154;IT Services and IT Consulting;2020;Direction numérique;Government Agency;welcometothejungle.com;
 FININFO SOLUTIONS;Colombes, Hauts-de-Seine, Île-De-France, France, Nanterre, Europe;41;IT Services and IT Consulting;2019;éditeur and ESN;Privately Held;fininfosolutions.com;
 The Galion Project;Paris, Paris, Île-De-France, France, Europe;140;Technology, Information and Internet;2015;"Think Tank
+2";Privately Held;thegalionproject.fr;
 Shift Technology;Paris, Paris, Île-De-France, France, Europe;606;Software Development;2014;"Mathematics
+11";Privately Held;shift-technology.com;
 isahit;Paris, Paris, Île-De-France, France, Europe;285;IT Services and IT Consulting;2017;"impact sourcing
+13";Privately Held;isahit.com;
 immodvisor;Nantes, Loire-Atlantique, Pays de la Loire, France, Nantes, Europe;35;Technology, Information and Internet;2014;"#e-reputation
+11";Partnership;immodvisor.com;
 WHIZE;Neuilly-sur-Seine, Hauts-de-Seine, Île-De-France, France, Nanterre, Europe;20;IT Services and IT Consulting;2022;"Architecture Serverless
+4";Partnership;whize.fr;
 itops;Paris, Paris, Île-De-France, France, Europe;33;IT Services and IT Consulting;;;Privately Held;itops.com;
 VOUSFINANCER - Groupe ASSU 2000;Saint-Martin-le-Vinoux, Isère, Auvergne-Rhône-Alpes, France, Grenoble, Europe;323;Financial Services;;;Privately Held;vousfinancer.com;
 fulll;Lyon, Rhône, Auvergne-Rhône-Alpes, France, Lyon, Europe;258;Software Development;2021;"solutions saas
+9";Privately Held;fulll.fr;
 Comet;Neuilly-sur-Seine, Hauts-de-Seine, Île-De-France, France, Nanterre, Europe;100;IT Services and IT Consulting;2016;"Mobilité
+8";Partnership;comet.com;
 Pacte Novation;Clichy, Hauts-de-Seine, Île-De-France, France, Nanterre, Europe;45;IT Services and IT Consulting;1994;"JAVAJ2EE
+11";Privately Held;pactenovation.fr;
 Avanquest;Courbevoie, Hauts-de-Seine, Île-De-France, France, Nanterre, Europe;345;Software Development;1984;"onlineavanquest
+12";Privately Held;avanquestgroup.com;
 Cofidis France;Villeneuve-d'Ascq, Nord, Hauts-de-France, France, Lille, Europe;646;Financial Services;;;Self-Owned;cofidis.fr;
 L&A Finance;Paris, Paris, Île-De-France, France, Europe;156;Financial Services;2004;"Finance
+4";Privately Held;la-finance.fr;
 Lùkla;Paris, Paris, Île-De-France, France, Europe;409;IT Services and IT Consulting;;"AMOAAMOE
+19";Self-Owned;lukla.ai;
 FOKUS;Lyon, Rhône, Auvergne-Rhône-Alpes, France, Lyon, Europe;76;IT Services and IT Consulting;2018;"developpement
+2";Privately Held;fokus.fr;
 EthiFinance;Paris, Paris, Île-De-France, France, Europe;136;Financial Services;;"ISRRSE
+9";Privately Held;ethifinance.com;
 NUMERYX;Meudon, Hauts-de-Seine, Île-De-France, France, Boulogne-Billancourt, Europe;96;IT Services and IT Consulting;2012;"Engineering and R&D Services
+12";Self-Owned;numeryx.fr;
 Bien'ici;Paris, Paris, Île-De-France, France, Europe;187;Technology, Information and Internet;2015;"Immobilier
+4";Privately Held;bienici.com;
 Tunisian Cloud;Le Vibal, Aveyron, Occitanie, France, Rodez, Europe;28;IT Services and IT Consulting;2014;"Cloud Computing
+10";Privately Held;b2b.tn;
 In Extenso Finance;Paris, Paris, Île-De-France, France, Europe;50;Financial Services;2003;"Finance
+4";Partnership;inextenso.fr;
 Fairly Made;Paris, Paris, Île-De-France, France, Europe;83;Software Development;2018;"fashion
+13";Partnership;fairlymade.com;
 Keys REIM;Paris, Paris, Île-De-France, France, Europe;26;Financial Services;2016;"Immobilier d'entreprise
+10";Privately Held;keys-reim.fr;
 SQORUS;Paris, Paris, Île-De-France, France, Europe;349;IT Services and IT Consulting;1990;"SIRHRH
+23";Privately Held;sqorus.com;
 STEP UP;St.-Priest, Rhône, Auvergne-Rhône-Alpes, France, Lyon, Europe;143;IT Services and IT Consulting;2014;"Systèmes d'informations
+16";Privately Held;stepup.fr;
 Bodyguard;Paris, Paris, Île-De-France, France, Europe;162;Software Development;2018;"AIBrand protection
+9";Self-Owned;fruits.co;
 APOLLO | CODING LIFE;Lyon, Rhône, Auvergne-Rhône-Alpes, France, Lyon, Europe;111;IT Services and IT Consulting;2004;"Microsoft Partner Développement d'application
+10";Privately Held;apollossc.com;
 Precicom Technologies;Marles-les-Mines, Pas-de-Calais, Hauts-de-France, France, Béthune, Europe;104;IT Services and IT Consulting;2000;"Intelligence numérique
+6";Self-Employed;precicom.com;
 Plan A Web Design;Uckange, Moselle, Grand Est, France, Thionville, Europe;60;Software Development;2016;"Website Design & Development
+12";Self-Owned;plana.com;
 Samsung Electronics France;France, Europe;678;IT Services and IT Consulting;;;Public Company;samsung.com;
 Fintecture;Paris, Paris, Île-De-France, France, Europe;48;Financial Services;2018;"FinTech
+14";Privately Held;fintecture.com;
 CCL CONSULTING.;Toulouse, Haute-Garonne, Occitanie, France, Toulouse, Europe;88;IT Services and IT Consulting;2017;"CloudPoste de travail
+12";Privately Held;hugedomains.com;
 Frichti;Paris, Paris, Île-De-France, France, Europe;238;Technology, Information and Internet;2015;"Kits recettes
+7";Partnership;frichti.co;
 SensioLabs;Asnières-sur-Seine, Hauts-de-Seine, Île-De-France, France, Nanterre, Europe;91;Software Development;2012;"Open-source solutions editor
+10";Privately Held;sensiolabs.com;
 MURENA;Paris, Paris, Île-De-France, France, Europe;45;IT Services and IT Consulting;2018;;Privately Held;murena.fr;
 Meetic;Paris, Paris, Île-De-France, France, Europe;247;Software Development;;"DatingMatchmaking
+2";Privately Held;meetic.fr;
 SYNETIS;Paris, Paris, Île-De-France, France, Europe;353;IT Services and IT Consulting;2010;"IAM/IAGGRC
+18";Partnership;synetis.com;
 Systancia;Levallois-Perret, Hauts-de-Seine, Île-De-France, France, Nanterre, Europe;103;Software Development;1998;"IT security
+12";Privately Held;systancia.fr;
 ARKAMYS;Levallois-Perret, Hauts-de-Seine, Île-De-France, France, Nanterre, Europe;80;Software Development;1998;"Audio enhancement software
+19";Privately Held;arkamys.fr;
 Hubvisory;Paris, Paris, Île-De-France, France, Europe;133;IT Services and IT Consulting;2016;"Product Management
+8";Partnership;hubvisory.com;
 EGYM Wellpass (ex Gymlib);Paris, Paris, Île-De-France, France, Europe;135;Technology, Information and Internet;2013;;Partnership;egym-wellpass.com;
 Tiime;Paris, Paris, Île-De-France, France, Europe;321;Software Development;2015;;Privately Held;tiime.fr;
 OCTO Technology;Paris, Paris, Île-De-France, France, Europe;841;IT Services and IT Consulting;1998;"IT consulting and expertise
+12";Privately Held;ibm.com;
 FLOA;Bordeaux, Gironde, Nouvelle-Aquitaine, France, Bordeaux, Europe;655;Financial Services;2001;"Solution de paiement pour E-commerçant
+7";Privately Held;floa.com;
 Ditto (ex-Beavr);Paris, Paris, Île-De-France, France, Europe;28;Software Development;2023;"CSRDESG Reporting
+10";Privately Held;ditto.com;
 HIGHTEAM;Neuilly-sur-Seine, Hauts-de-Seine, Île-De-France, France, Nanterre, Europe;45;IT Services and IT Consulting;;;Privately Held;emagine.org;
 EBG;Paris, Paris, Île-De-France, France, Europe;315;Technology, Information and Internet;1998;;Self-Employed;ebg.net;
 kanoma;Nantes, Loire-Atlantique, Pays de la Loire, France, Nantes, Europe;129;IT Services and IT Consulting;2018;"AgileTransformation digitale
+9";Privately Held;kanoma.fr;
 Tenexa;Les Pennes-Mirabeau, Bouches-du-Rhône, Provence-Alpes-Côte D'Azur, France, Aix-en-Provence, Europe;620;IT Services and IT Consulting;1985;"utilisateurs Finaux: Transition Infogérance
+20";Self-Owned;tenexa.com;
 BGFi - Data & Analytics;Paris, Paris, Île-De-France, France, Europe;22;IT Services and IT Consulting;;"Business Intelligence
+14";Privately Held;societeinfo.com;
 Rofim;Marseille, Bouches-du-Rhône, Provence-Alpes-Côte D'Azur, France, 1er Arr., Europe;56;Technology, Information and Internet;2018;;Privately Held;rofim.fr;
 OODA World;Suresnes, Hauts-de-Seine, Île-De-France, France, Nanterre, Europe;43;Technology, Information and Internet;2018;"Command & Control
+20";Partnership;oodaworld.com;
 Omicrone;La Garenne-Colombes, Hauts-de-Seine, Île-De-France, France, Nanterre, Europe;31;IT Services and IT Consulting;2011;"Assistance Technique
+14";Privately Held;omicrone.fr;
 Clearwater France - Belgium;Paris, Paris, Île-De-France, France, Europe;75;Financial Services;2009;"M&A advisory
+3";Privately Held;clearwatercf.com;
 LOCAM;Saint-Étienne, Loire, Auvergne-Rhône-Alpes, France, Saint-Étienne, Europe;386;Financial Services;1976;"Financement des ventes
+17";Privately Held;locam.fr;
 Paragon France & Roumanie;Bourgneuf-en-Retz, Loire-Atlantique, Pays de la Loire, France, Saint-Nazaire, Europe;320;IT Services and IT Consulting;1916;"dématérialisation
+17";Privately Held;paragon.world;
 L'Atelier BNP Paribas;Paris, Paris, Île-De-France, France, Europe;40;Financial Services;1978;"Prospective
+7";Privately Held;latelier.com;
 Shadow;Paris, Paris, Île-De-France, France, Europe;238;Software Development;2015;"Cloud computing
+3";Privately Held;shadow.fr;
 Synology France;Puteaux, Hauts-de-Seine, Île-De-France, France, Nanterre, Europe;27;IT Services and IT Consulting;2012;;Privately Held;synology.com;
 Synacktiv;Paris, Paris, Île-De-France, France, Europe;181;IT Services and IT Consulting;2012;"Penetration Tests
+10";Privately Held;synacktiv.com;
 Sofinnova Partners;Paris, Paris, Île-De-France, France, Europe;111;Financial Services;1972;"Pharmaceutical / biotech
+9";Partnership;sofinnovapartners.com;
 ELaunch Solution Pvt. Ltd.;Gabat, Pyrénées-Atlantiques, Nouvelle-Aquitaine, France, Bayonne, Europe;107;IT Services and IT Consulting;2009;"Custom Web Design
+10";Privately Held;elaunchinfotech.com;
 My Job Glasses;Paris, Paris, Île-De-France, France, Europe;432;Software Development;2015;;Privately Held;myjobglasses.com;
 Opash Software;Bangor, Morbihan, Bretagne, France, Lorient, Europe;43;IT Services and IT Consulting;2021;;Partnership;opashsoftware.com;
 Devflovv;Damvillers, Meuse, Grand Est, France, Verdun, Europe;78;IT Services and IT Consulting;2021;;Privately Held;devflovv.com;
 FAUME;Paris, Paris, Île-De-France, France, Europe;46;Software Development;2019;expert de la seconde main;Privately Held;faume.co;
 Attineos Applications;Rouen, Seine-Maritime, Normandie, France, Rouen, Europe;150;Technology, Information and Internet;2014;"Conseil & expertises
+7";Privately Held;attineos.com;
 Sogelink;Caluire-et-Cuire, Rhône, Auvergne-Rhône-Alpes, France, Lyon, Europe;374;Software Development;;;Self-Owned;sogelink.com;
 EBA CLEARING;Paris, Paris, Île-De-France, France, Europe;137;Financial Services;1998;;Privately Held;ebaclearing.eu;
 EOS France;Paris, Paris, Île-De-France, France, Europe;380;Financial Services;1993;;Privately Held;eos-solutions.com;
 EXOMIND;Boulogne-Billancourt, Hauts-de-Seine, Île-De-France, France, Boulogne-Billancourt, Europe;81;IT Services and IT Consulting;2019;"AgilitéDevops
+17";Privately Held;exomind.fr;
 73 Strings;Paris, Paris, Île-De-France, France, Europe;331;Financial Services;2019;"Venture Capital
+18";Privately Held;73strings.com;
 EPIGONE;Boulogne-Billancourt, Hauts-de-Seine, Île-De-France, France, Boulogne-Billancourt, Europe;41;IT Services and IT Consulting;1999;"Assitance Maitrise d'Ouvrage Assurance
+3";Partnership;epigone.fr;
 NFT Factory;Paris, Paris, Île-De-France, France, Europe;45;Technology, Information and Internet;2022;;Privately Held;hugedomains.com;
 Letsignit;Marseille, Bouches-du-Rhône, Provence-Alpes-Côte D'Azur, France, 1er Arr., Europe;92;Technology, Information and Internet;2013;"digitalcommunication
+9";Privately Held;letsignit.com;
 Welink;Paris, Paris, Île-De-France, France, Europe;130;Technology, Information and Internet;2018;"marketing digitalsaas
+3";Partnership;welink.fr;
 Hornetsecurity France;Ourlet, Nord, Hauts-de-France, France, Lille, Europe;190;IT Services and IT Consulting;;"Antispam
+20";Privately Held;hornetsecurity.com;
 Vneuron Risk & Compliance;Paris, Paris, Île-De-France, France, Europe;114;Software Development;2007;"AML Compliance
+10";Privately Held;vneuron.com;
 Izicap;Paris, Paris, Île-De-France, France, Europe;26;IT Services and IT Consulting;2013;"Marketing Payment Services
+10";Privately Held;izicap.com;
 LINAGORA;Issy-les-Moulineaux, Hauts-de-Seine, Île-De-France, France, Boulogne-Billancourt, Europe;141;Software Development;2000;"Open Source
+12";Privately Held;linagora.com;
 IT Link Group;Le Kremlin-Bicêtre, Val-de-Marne, Île-De-France, France, L'Haÿ-les-Roses, Europe;878;IT Services and IT Consulting;;"Conseil en innovation
+9";Public Company;itlink.fr;
 AssoConnect;Paris, Paris, Île-De-France, France, Europe;65;Technology, Information and Internet;2014;"Logiciel Saas
+4";Privately Held;assoconnect.com;
 Sinay;Caen, Calvados, Normandie, France, Caen, Europe;143;IT Services and IT Consulting;2008;"BIG DATA
+21";Privately Held;sinay.ai;
 ATLANSE;Rueil-Malmaison, Hauts-de-Seine, Île-De-France, France, Nanterre, Europe;20;IT Services and IT Consulting;;"Infrastructure IT
+8";Privately Held;atlanse.com;
 WenakLabs;Étupes, Doubs, Bourgogne-Franche-Comté, France, Montbéliard, Europe;50;IT Services and IT Consulting;2014;"Incubation
+3";Nonprofit;wenaklabs.org;
 Alphabet France;Montigny-le-Bretonneux, Yvelines, Île-De-France, France, Versailles, Europe;239;Financial Services;;"Location Longue Durée
+7";Partnership;alphabet.com;
 INFOGENE;Neuilly-sur-Seine, Hauts-de-Seine, Île-De-France, France, Nanterre, Europe;320;IT Services and IT Consulting;2013;;Privately Held;infogene.fr;
 Cashbee;Paris, Paris, Île-De-France, France, Europe;44;Financial Services;2018;"Financial Services
+12";Privately Held;cashbee.fr;
 N2F - Smart spend management;Montagnat, Ain, Auvergne-Rhône-Alpes, France, Bourg-en-Bresse, Europe;63;Software Development;2015;"note de frais
+14";Privately Held;n2f.com;
 AirFund;Paris, Paris, Île-De-France, France, Europe;38;Financial Services;2021;"Asset Management
+14";Privately Held;airfund.io;
 Cloud Temple;Puteaux, Hauts-de-Seine, Île-De-France, France, Nanterre, Europe;303;IT Services and IT Consulting;2017;"Cloud Public
+7";Privately Held;cloud-temple.com;
 Hexa;Paris, Paris, Île-De-France, France, Europe;150;Software Development;2011;;Privately Held;hexa.fr;
 IT Link Group;Le Kremlin-Bicêtre, Val-de-Marne, Île-De-France, France, L'Haÿ-les-Roses, Europe;656;IT Services and IT Consulting;1986;"Conseil en innovation
+9";Public Company;itlink.fr;
 EDITIONS TISSOT;Annecy, Haute-Savoie, Auvergne-Rhône-Alpes, France, Annecy, Europe;124;Software Development;1972;"Documentation juridique
+8";Privately Held;editions-tissot.fr;
 Groupe maeva&co;Paris, Paris, Île-De-France, France, Europe;259;Technology, Information and Internet;;"Vacances en France
+6";Public Company;groupepvcp.com;
 Koala Interactive;Levallois-Perret, Hauts-de-Seine, Île-De-France, France, Nanterre, Europe;49;Software Development;2004;;Privately Held;koala-interactive.com;
 Epsor;Paris, Paris, Île-De-France, France, Europe;100;Financial Services;2017;"épargne salariale
+3";Privately Held;epsor.fr;
 Kaiko;Paris, Paris, Île-De-France, France, Europe;140;Financial Services;2014;"bitcoindata
+11";Privately Held;kaiko.com;
 Silvr;Neuilly-sur-Seine, Hauts-de-Seine, Île-De-France, France, Nanterre, Europe;20;Financial Services;2020;"financingfintech
+5";Privately Held;silvr.fr;
 MyEasyFarm;Bézannes, Marne, Grand Est, France, Reims, Europe;29;Software Development;2017;"FMISAGTech
+8";Privately Held;myeasyfarm.com;
 GO & DEV;Neuilly-sur-Seine, Hauts-de-Seine, Île-De-France, France, Nanterre, Europe;74;IT Services and IT Consulting;2014;;Privately Held;joobaz.com;
 Zei;Paris, Paris, Île-De-France, France, Europe;59;Software Development;2017;"Environnement
+11";Self-Owned;zei-world.com;
 Eurécia;Castanet-Tolosan, Haute-Garonne, Occitanie, France, Toulouse, Europe;238;Software Development;2006;"Gestion RH et Management
+19";Self-Owned;eurecia.com;
 DIRISI : Direction Interarmées des Réseaux d'Infrastructure et des Systèmes d'Information;Le Kremlin-Bicêtre, Val-de-Marne, Île-De-France, France, L'Haÿ-les-Roses, Europe;372;Software Development;2003;"Cybersécurité
+14";Government Agency;cegelec-defense.com;
 Silae;Aix-en-Provence, Bouches-du-Rhône, Provence-Alpes-Côte D'Azur, France, Aix-en-Provence, Europe;457;Software Development;;;Privately Held;silae.fr;
 365Talents;Lyon, Rhône, Auvergne-Rhône-Alpes, France, Lyon, Europe;63;Software Development;2015;"Internal Talent Marketplace
+9";Privately Held;365talents.com;
 Prima Solutions;Paris, Paris, Île-De-France, France, Europe;137;Software Development;2000;"Software d'assurance
+10";Privately Held;primasolutions.fr;
 VO2 GROUP;Paris, Paris, Île-De-France, France, Europe;380;IT Services and IT Consulting;2011;"SalesforceCRM
+19";Privately Held;vo2-group.com;
 Doctrine;Paris, Paris, Île-De-France, France, Europe;302;Software Development;2016;IA juridique and Legal AI;Privately Held;doctrine.fr;
 DRIVECO;Paris, Paris, Île-De-France, France, Europe;190;Technology, Information and Internet;2010;;Privately Held;driveco.com;
 Commercial Bank;Carrières-sous-Poissy, Yvelines, Île-De-France, France, Saint-Germain-en-Laye, Europe;262;Financial Services;1997;"CréditCrédit scolaire
+2";Public Company;commercial-bank.com;
 Mobility Work CMMS;Paris, Paris, Île-De-France, France, Europe;105;Software Development;2016;"Computer Software
+10";Privately Held;atom.com;
 METALINE;Nanterre, Hauts-de-Seine, Île-De-France, France, Nanterre, Europe;508;IT Services and IT Consulting;1983;"HELP DESK
+14";Self-Owned;metaline.fr;
 Cegid for SMB;Lyon, Rhône, Auvergne-Rhône-Alpes, France, Lyon, Europe;264;Software Development;;;;cegid.com;
 Yousign;Paris, Paris, Île-De-France, France, Europe;250;Software Development;2013;"SécuritéSaaS
+22";Partnership;yousign.com;
 PKF Arsilon;Paris, Paris, Île-De-France, France, Europe;805;Financial Services;2016;"ComptabilitéAudit
+8";Partnership;pkfarsilon.fr;
 Bergamotte;Paris, Paris, Île-De-France, France, Europe;47;Technology, Information and Internet;2015;;Partnership;bergamotte.fr;
 Evolem;Lyon, Rhône, Auvergne-Rhône-Alpes, France, Lyon, Europe;36;Financial Services;1997;;Partnership;evolem.com;
 SOFTWAY MEDICAL;Fuveau, Bouches-du-Rhône, Provence-Alpes-Côte D'Azur, France, Aix-en-Provence, Europe;754;Software Development;2006;"Système d'Information Hospitalier (SIH)
+8";Privately Held;groupesoftwaymedical.com;
 BDM;Rennes, Ille-et-Vilaine, Bretagne, France, Rennes, Europe;204;Technology, Information and Internet;2007;;Self-Employed;bdmslt.com;
 isatech;Vannes, Morbihan, Bretagne, France, Vannes, Europe;157;IT Services and IT Consulting;;;Partnership;isatech.ai;
 GLOBAL Technologies;Clichy, Hauts-de-Seine, Île-De-France, France, Nanterre, Europe;117;IT Services and IT Consulting;2004;"Telecom
+3";Self-Owned;globaltechnologies.com;
 Quantmetry - Part of Capgemini Invent;Paris, Paris, Île-De-France, France, Europe;46;IT Services and IT Consulting;2011;"Data Mining
+21";Privately Held;capgemini.com;
 French Society of Financial Analysts (SFAF);Paris, Paris, Île-De-France, France, Europe;58;Financial Services;1961;;Partnership;frenchsociety.fr;
 Batch;Paris, Paris, Île-De-France, France, Europe;125;Software Development;2015;"push notifications
+13";Privately Held;batch.fr;
 Mailinblack;Marseille, Bouches-du-Rhône, Provence-Alpes-Côte D'Azur, France, 1er Arr., Europe;134;Software Development;2003;"cybersécurité
+8";Partnership;mailinblack.com;
 Almond;Sèvres, Hauts-de-Seine, Île-De-France, France, Boulogne-Billancourt, Europe;409;IT Services and IT Consulting;2006;"Cybersécurité
+21";Privately Held;almond.com;
 Weda - Logiciel médical;Pérols, Hérault, Occitanie, France, Montpellier, Europe;118;Software Development;2010;"Logiciel médical
+14";Partnership;weda.fr;
 Inpulse;Paris, Paris, Île-De-France, France, Europe;59;Software Development;2018;"SaaSCoût matière en temps réel
+8";Privately Held;inpulse.fr;
 Messier & Associés;Paris, Paris, Île-De-France, France, Europe;86;Financial Services;2003;;Self-Owned;messier-associes.fr;
 Nemesis Partners;Paris, Paris, Île-De-France, France, Europe;21;IT Services and IT Consulting;2004;;Privately Held;nemesispartners.com;
 Crystal;Montpellier, Hérault, Occitanie, France, Montpellier, Europe;795;Financial Services;;;Self-Owned;crystal.fr;
 Jiliti;Rungis, Val-de-Marne, Île-De-France, France, L'Haÿ-les-Roses, Europe;335;IT Services and IT Consulting;;;Privately Held;jiliti-group.com;
 kodemade;France, Europe;32;IT Services and IT Consulting;2011;"DataBI
+4";Privately Held;alternance-professionnelle.fr;
 Octopia;Bordeaux, Gironde, Nouvelle-Aquitaine, France, Bordeaux, Europe;252;Technology, Information and Internet;;"E-commerce
+11";Privately Held;octopia.com;
 Karré;Paris, Paris, Île-De-France, France, Europe;95;IT Services and IT Consulting;;;Partnership;karre.io;
 IGE+XAO is now ETAP;Colomiers, Haute-Garonne, Occitanie, France, Toulouse, Europe;367;Software Development;1986;"Electrical Digital Twin
+19";Privately Held;ige-xao.com;
 Maiia;Boulogne-Billancourt, Hauts-de-Seine, Île-De-France, France, Boulogne-Billancourt, Europe;47;Software Development;;"SantéInnovation
+8";Public Company;maiia.com;
 Heliaq Solutions;Nantes, Loire-Atlantique, Pays de la Loire, France, Nantes, Europe;485;IT Services and IT Consulting;;;Partnership;heliaq.fr;
 HP France;Meudon, Hauts-de-Seine, Île-De-France, France, Boulogne-Billancourt, Europe;551;IT Services and IT Consulting;;;Public Company;hp.com;
 Chargemap;Levallois-Perret, Hauts-de-Seine, Île-De-France, France, Nanterre, Europe;101;IT Services and IT Consulting;2015;"Electric cars
+4";Partnership;chargemap.com;
 Groupe Mind7 Consulting;Paris, Paris, Île-De-France, France, Europe;102;IT Services and IT Consulting;;"Business and Operations Monitoring
+5";Privately Held;mind7-consulting.com;
 Synapsys;Paris, Paris, Île-De-France, France, Europe;143;IT Services and IT Consulting;2012;"Infrastructure
+14";Privately Held;inventis.it;
 INGELINE TECHNOLOGIES;Neuilly-sur-Seine, Hauts-de-Seine, Île-De-France, France, Nanterre, Europe;24;IT Services and IT Consulting;2022;"Ingénierie numériqueDigital
+11";Privately Held;ingeline.fr;
 Myriad;Paris, Paris, Île-De-France, France, Europe;63;Technology, Information and Internet;;"Mobile Money Services
+17";Privately Held;myriad.fr;
 Cenareo - Création & Gestion de Projet Vidéo;Paris, Paris, Île-De-France, France, Europe;23;Software Development;;"SaaSKnowledge Sharing
+10";Privately Held;cenareo.com;
 NEVERHACK France;Paris, Paris, Île-De-France, France, Europe;160;IT Services and IT Consulting;;"Data et réseaux
+8";Privately Held;neverhack.com;
 WIZBII;Grenoble, Isère, Auvergne-Rhône-Alpes, France, Grenoble, Europe;118;Technology, Information and Internet;2010;"Aides Financières
+6";Privately Held;wizbii.com;
 NeoLedge;Longueval, Somme, Hauts-de-France, France, Péronne, Europe;173;Software Development;1993;"Software publisher
+12";Privately Held;neoledge.fr;
 Tanke - Creative Influencer Marketing;Paris, Paris, Île-De-France, France, Europe;26;Technology, Information and Internet;2014;"Influencer Marketing
+10";Privately Held;tanke.fr;
 MINOTORE;Paris, Paris, Île-De-France, France, Europe;81;Software Development;2013;"Finance
+7";Privately Held;minotore.com;
 Qwant;Paris, Paris, Île-De-France, France, Europe;128;Technology, Information and Internet;;;Partnership;qwant.com;
 Web Developer;France, Europe;209;Technology, Information and Internet;2013;"Conception de site web
+3";Privately Held;webdeveloper.com;
 Centum T&S;Écully, Rhône, Auvergne-Rhône-Alpes, France, Lyon, Europe;412;IT Services and IT Consulting;;;Privately Held;usinenouvelle.com;
 Tiller by SumUp;Paris, Paris, Île-De-France, France, Europe;23;Software Development;;;Privately Held;tillersystems.com;
 SensCritique;Paris, Paris, Île-De-France, France, Europe;31;Technology, Information and Internet;;;Privately Held;senscritique.com;
 iAdvize;Nantes, Loire-Atlantique, Pays de la Loire, France, Nantes, Europe;191;Technology, Information and Internet;2010;"Conversational Commerce
+7";Privately Held;iadvize.com;
 Winside Technology;Paris, Paris, Île-De-France, France, Europe;91;IT Services and IT Consulting;2020;"Informatique
+12";Privately Held;winside.fr;
 Worklife;Paris, Paris, Île-De-France, France, Europe;112;Financial Services;2021;;Privately Held;worklife.io;
 FRANFINANCE;Paris, Île-De-France, France;884;Financial Services;1990;"financement des ventes
+13";Privately Held;franfinance.fr;
 COLAS DIGITAL SOLUTIONS;Vélizy-Villacoublay, Yvelines, Île-De-France, France, Versailles, Europe;371;IT Services and IT Consulting;1929;"Information Technology
+2";Privately Held;118712.fr;
 Favikon;Paris, Paris, Île-De-France, France, Europe;192;Technology, Information and Internet;2018;;Partnership;favikon.com;
 TOP TECH;Issy-les-Moulineaux, Hauts-de-Seine, Île-De-France, France, Boulogne-Billancourt, Europe;173;IT Services and IT Consulting;2014;"ciscodevops
+4";Privately Held;toptechfrance.eu;
 OCUS;Paris, Paris, Île-De-France, France, Europe;356;Technology, Information and Internet;2016;"Marketing
+15";Partnership;ocus.fr;
 Natixis Partners;Paris, Paris, Île-De-France, France, Europe;136;Financial Services;2000;;Privately Held;natixispartners.com;
 MONEXT;Aix-en-Provence, Bouches-du-Rhône, Provence-Alpes-Côte D'Azur, France, Aix-en-Provence, Europe;451;Financial Services;2008;;Privately Held;monext.com;
 DatalakeGroup;Colombes, Hauts-de-Seine, Île-De-France, France, Nanterre, Europe;24;IT Services and IT Consulting;2017;"Recrutement
+8";Partnership;rocketreach.co;
 WSHOP;Paris, Paris, Île-De-France, France, Europe;67;Software Development;2018;"Phygital
+13";Privately Held;wshop.com;
 Agorastore;Montreuil, Seine-Saint-Denis, Île-De-France, France, Bobigny, Europe;96;Technology, Information and Internet;2005;"e-commerce
+10";Privately Held;agorastore.fr;
 H4H Humans4Help;Puteaux, Hauts-de-Seine, Île-De-France, France, Nanterre, Europe;46;IT Services and IT Consulting;;"Consulting
+19";Self-Owned;humans4help.com;
 Crédit Agricole Titres;Mer, Loir-et-Cher, Centre-Val de Loire, France, Blois, Europe;703;Financial Services;2002;"Conservateur titres retail
+3";Privately Held;credit-agricole.com;
 Goodwill Consulting;Neuilly-sur-Seine, Hauts-de-Seine, Île-De-France, France, Nanterre, Europe;31;IT Services and IT Consulting;2011;"BIBIGDATA
+16";Privately Held;goodwill-management.com;
 Joko;Paris, Paris, Île-De-France, France, Europe;169;Technology, Information and Internet;2018;;Privately Held;joko.com;
 Pixpay;Paris, Paris, Île-De-France, France, Europe;62;Financial Services;2019;"Banking
+7";Privately Held;pixpay.fr;
 Market Pay;Paris, Paris, Île-De-France, France, Europe;432;Financial Services;2016;;Privately Held;market-pay.com;
 Cegedim Business Services - Human Resources;Boulogne-Billancourt, Hauts-de-Seine, Île-De-France, France, Boulogne-Billancourt, Europe;506;IT Services and IT Consulting;;"BPOExternalisation Paie
+4";Public Company;cegedim-business-services.com;
 GS1 France;Paris, Paris, Île-De-France, France, Europe;154;IT Services and IT Consulting;1972;"Code à barresRFID
+12";Nonprofit;gs1.fr;
 Opsealog;Marseille, Bouches-du-Rhône, Provence-Alpes-Côte D'Azur, France, 1er Arr., Europe;36;Software Development;2015;"Performance Management
+16";Privately Held;opsealog.fr;
 Cegedim Santé;Boulogne-Billancourt, Hauts-de-Seine, Île-De-France, France, Boulogne-Billancourt, Europe;455;Software Development;2021;"Solutions e-santé
+9";Public Company;cegedim-sante.com;
 Valeuriad;Nantes, Loire-Atlantique, Pays de la Loire, France, Nantes, Europe;155;IT Services and IT Consulting;2015;"DevOps
+16";Partnership;valeuriad.net;
 H2A - Haute autorité de l'audit;Courbevoie, Hauts-de-Seine, Île-De-France, France, Nanterre, Europe;86;Financial Services;2024;;Government Agency;h2a-france.org;
 Access Capital Partners;Paris, Paris, Île-De-France, France, Europe;115;Financial Services;1998;;Privately Held;access-capital-partners.com;
 Norsys;Pas-de-Calais, Hauts-de-France, France, Europe;539;IT Services and IT Consulting;1994;"Maitrise d'ouvrage : recette
+13";Privately Held;norsys.fr;
 papernest;France, Europe;832;Technology, Information and Internet;2015;;Privately Held;papernest.com;
 Mirakl;Paris, Paris, Île-De-France, France, Europe;894;Software Development;2012;"e-Commerce
+7";Privately Held;mirakl.com;
 Mon Petit Placement;Lyon, Rhône, Auvergne-Rhône-Alpes, France, Lyon, Europe;75;Financial Services;2017;"Plateforme d'investissement
+4";Partnership;monpetitplacement.fr;
 United Heroes;Paris, Paris, Île-De-France, France, Europe;51;Software Development;2014;"bien-être
+12";Privately Held;unitedheroes.com;
 Resilience Care;Paris, Paris, Île-De-France, France, Europe;212;Software Development;;;Privately Held;resilience.care;
 Carac;Neuilly-Sur-Seine, Île-De-France, France;550;Financial Services;1924;"ÉpargneRetraite
+3";Privately Held;carac.fr;
 WeWeb;Paris, Paris, Île-De-France, France, Europe;57;Software Development;2017;"webweb development
+8";Partnership;weweb.com;
 Prolival;Colombes, Hauts-de-Seine, Île-De-France, France, Nanterre, Europe;181;IT Services and IT Consulting;1994;;Partnership;tenexa.com;
 Groupe Primonial;Paris, Paris, Île-De-France, France, Europe;250;Financial Services;1989;;Privately Held;laplace-groupe.com;
 acteos;Roubaix, Nord, Hauts-de-France, France, Lille, Europe;74;Software Development;1986;"Demand and Replenishment Planning
+6";Public Company;acteos.fr;
 Fluid Topics;Lyon, Rhône, Auvergne-Rhône-Alpes, France, Lyon, Europe;98;Software Development;2012;"Self Service Portal
+22";Privately Held;fluidtopics.com;
 VPWhite;Boulogne-Billancourt, Hauts-de-Seine, Île-De-France, France, Boulogne-Billancourt, Europe;82;Technology, Information and Internet;;;Self-Owned;vpwhite.com;
 ITS Group S.A.;Boulogne-Billancourt, Hauts-de-Seine, Île-De-France, France, Boulogne-Billancourt, Europe;861;IT Services and IT Consulting;;;Public Company;itsgroup.com;
 Proservia - ManpowerGroup;Mathieu, Calvados, Normandie, France, Caen, Europe;75;IT Services and IT Consulting;;;Privately Held;manpowergroup.fr;
 Proxym Group;Paris, Paris, Île-De-France, France, Europe;258;Financial Services;2006;"Smart Government
+20";Self-Owned;proxym.fr;
 FINAXYS;Puteaux, Île-De-France, France;157;Financial Services;2008;"Informatique
+10";Public Company;finaxys.com;
 Agence Web Lemon Interactive - Lille Paris;Lezennes, Nord, Hauts-de-France, France, Lille, Europe;28;Software Development;2009;"Référencement Naturel
+6";Privately Held;agenceweb.fr;
 Realease capital;Suresnes, Hauts-de-Seine, Île-De-France, France, Nanterre, Europe;97;Financial Services;1986;"Location évolutive
+18";Self-Owned;realease-capital.fr;
 IORGA Group;Puteaux, Hauts-de-Seine, Île-De-France, France, Nanterre, Europe;101;IT Services and IT Consulting;1999;;Privately Held;iorga.com;
 SILAMIR GROUP;Paris, Paris, Île-De-France, France, Europe;230;IT Services and IT Consulting;;;Privately Held;silamir.com;
 Atempo;Massy, Essonne, Île-De-France, France, Palaiseau, Europe;222;Software Development;1992;"backup
+19";Privately Held;atempo.com;
 Beetween;Rennes, Ille-et-Vilaine, Bretagne, France, Rennes, Europe;93;Software Development;2007;"Digitalisation des recrutements
+16";Privately Held;beetween.fr;
 The Blockchain Group;Puteaux, Hauts-de-Seine, Île-De-France, France, Nanterre, Europe;27;IT Services and IT Consulting;2018;"Blockchain
+7";Public Company;atom.com;
 Alltech Consulting;Bordeaux, Gironde, Nouvelle-Aquitaine, France, Bordeaux, Europe;153;IT Services and IT Consulting;2015;;Partnership;alltechconsulting.fr;
 Zeendoc;Afa, Corse-du-Sud, Corse, France, Ajaccio, Europe;156;IT Services and IT Consulting;2001;"GEDArchivage à valeur probante
+21";Privately Held;zeendoc.com;
 Jobomas;Le Mans, Sarthe, Pays de la Loire, France, Le Mans, Europe;31;Technology, Information and Internet;2007;"Empleos
+6";Privately Held;jobomas.com;
 Tomorro;Paris, Paris, Île-De-France, France, Europe;137;Technology, Information and Internet;2020;"LegalContract
+4";Privately Held;tomorro.com;
 C2S;Hauts-de-Seine, Île-De-France, France, Nanterre, Europe;242;IT Services and IT Consulting;;;Privately Held;ameli.fr;
 Comforth Easyfront;Paris, Paris, Île-De-France, France, Europe;213;IT Services and IT Consulting;;"Salesforce
+4";Partnership;comforth-easyfront.eu;
 Planity;Paris, Île-De-France, France;521;Technology, Information and Internet;2016;"Portail de réservation Beauté
+4";Self-Owned;planity.com;
 CARBON IT;Neuilly-sur-Seine, Hauts-de-Seine, Île-De-France, France, Nanterre, Europe;125;IT Services and IT Consulting;2013;"AgilitéDevOps
+5";Privately Held;carbonit.com;
 Septeo Solutions Notaires;Lattes, Occitanie, France;431;Software Development;1988;"Informatique notariale
+9";Partnership;septeo.com;
 Fabriq;Paris, Paris, Île-De-France, France, Europe;137;Software Development;;;Privately Held;fabriq.tech;
 VALORIA CAPITAL;Paris, Paris, Île-De-France, France, Europe;114;Financial Services;2012;;Self-Owned;valoriacapital.fr;
 Direction du numérique des Ministères Sociaux;Montrouge, Hauts-de-Seine, Île-De-France, France, Antony, Europe;159;IT Services and IT Consulting;2020;Direction numérique;Government Agency;welcometothejungle.com;
 Oderis Consulting;Paris, Paris, Île-De-France, France, Europe;236;Financial Services;2006;"Assistance financière spécifique
+12";Partnership;oderis.fr;
 OPPSCIENCE;Paris, Paris, Île-De-France, France, Europe;51;Software Development;2018;"Machine Learning
+14";Partnership;oppscience.com;
 GUARANÍ;Lyon, Rhône, Auvergne-Rhône-Alpes, France, Lyon, Europe;300;IT Services and IT Consulting;;;Privately Held;guarani.fr;
 Ingram Micro North Africa;Villelongue-dels-Monts, Pyrénées-Orientales, Occitanie, France, Céret, Europe;29;IT Services and IT Consulting;1979;"Technology Solutions
+15";Privately Held;ingrammicro.fr;
 Karmen;Paris, Paris, Île-De-France, France, Europe;54;Financial Services;2021;"SaaSFintech
+6";Privately Held;karmen.fr;
 ekino;Pantin, Seine-Saint-Denis, Île-De-France, France, Bobigny, Europe;330;IT Services and IT Consulting;2010;"User Experience
+33";Privately Held;ekino.fr;
 ASI;St.-Herblain, Loire-Atlantique, Pays de la Loire, France, Nantes, Europe;596;IT Services and IT Consulting;1993;"Services IT Métiers
+23";Privately Held;asi.fr;
 l'Oiseau Rare;Paris, Paris, Île-De-France, France, Europe;42;IT Services and IT Consulting;2016;"Conseil Innovation
+5";Privately Held;loiseaurare.fr;
 CELAD;Balma, Haute-Garonne, Occitanie, France, Toulouse, Europe;637;IT Services and IT Consulting;1990;"IoTInfrastructure
+28";Privately Held;celad.com;
 BOCASAY;Neuilly-sur-Seine, Hauts-de-Seine, Île-De-France, France, Nanterre, Europe;108;IT Services and IT Consulting;2012;"développement Web
+17";Privately Held;bocasay.com;
 Snips;Paris, Paris, Île-De-France, France, Europe;58;Software Development;2013;"Artificial Intelligence
+23";Privately Held;snips.com;
 KRYPTOSPHERE;Paris, Paris, Île-De-France, France, Europe;206;Technology, Information and Internet;2017;"BitcoinAI
+3";Nonprofit;kryptosphere.org;
 Maincare;Canéjan, Gironde, Nouvelle-Aquitaine, France, Bordeaux, Europe;555;IT Services and IT Consulting;1999;"Systèmes d'information hospitaliers
+10";Privately Held;docaposte-sante.com;
 Polyconseil;Paris, Paris, Île-De-France, France, Europe;244;IT Services and IT Consulting;1989;"Télécommunications
+10";Privately Held;polycea.fr;
 Upply;Levallois-Perret, Hauts-de-Seine, Île-De-France, France, Nanterre, Europe;65;Software Development;2018;"Freight Transportation
+22";Privately Held;upply.com;
 Coinhouse;Paris, Paris, Île-De-France, France, Europe;69;Financial Services;2015;"Crypto Assets
+24";Privately Held;coinhouse.com;
 Listen too;Paris, Paris, Île-De-France, France, Europe;99;IT Services and IT Consulting;2013;"pilotage de projets et PMOAMOA
+15";Privately Held;listen-too.com;
 Capitole Énergie (by EPSA);Balma, Haute-Garonne, Occitanie, France, Toulouse, Europe;33;Financial Services;2017;"Gaz naturel
+12";Privately Held;capitole-energie.com;
 CADFEM France & Suisse;Lyon, Rhône, Auvergne-Rhône-Alpes, France, Lyon, Europe;21;Software Development;2000;"FEMSimulation
+20";Public Company;cadfem.net;
 IT&M Stats;Boulogne-Billancourt, Hauts-de-Seine, Île-De-France, France, Boulogne-Billancourt, Europe;61;IT Services and IT Consulting;;"Statistiques
+8";Partnership;itmstats.com;
 ClubFunding;Paris, Paris, Île-De-France, France, Europe;102;Financial Services;;;Partnership;clubfunding.eu;
 ObjectWare;Paris, Paris, Île-De-France, France, Europe;405;IT Services and IT Consulting;1999;"Conseil et ingénierie informatique
+4";Partnership;objectware.fr;
 WEVIOO;Paris, Paris, Île-De-France, France, Europe;367;IT Services and IT Consulting;2000;"Management Consulting
+7";Privately Held;wevioo.com;
 Kiln;Paris, Paris, Île-De-France, France, Europe;127;Software Development;2018;;Privately Held;kiln.com;
 Dedale Intelligence;Paris, Paris, Île-De-France, France, Europe;398;Technology, Information and Internet;2020;"Technology
+17";Privately Held;dedale.com;
 WiSEED;Balma, Haute-Garonne, Occitanie, France, Toulouse, Europe;37;Financial Services;2008;"seed capital
+4";Privately Held;wiseed.com;
 Polynom;Rueil-Malmaison, Hauts-de-Seine, Île-De-France, France, Nanterre, Europe;48;IT Services and IT Consulting;2017;"Agentic AI
+16";Partnership;polynom.com;
 Kili Technology;Paris, Paris, Île-De-France, France, Europe;48;Software Development;2018;"Entities recognitionnlp
+1";Privately Held;wordpress.com;
 Staff & Go;Mulhouse, Haut-Rhin, Grand Est, France, Mulhouse, Europe;59;Software Development;2020;"Plateforme collaborative
+11";Privately Held;staffngo.com;
 CORELIA;Saint-Denis, Seine-Saint-Denis, Île-De-France, France, Saint-Denis, Europe;418;IT Services and IT Consulting;1985;"Architecture SI
+12";Partnership;domaineasy.com;
 OPTIMUM;Aix-en-Provence, Bouches-du-Rhône, Provence-Alpes-Côte D'Azur, France, Aix-en-Provence, Europe;115;IT Services and IT Consulting;2006;"Géolocalisation de véhicules
+15";Privately Held;optimum.fr;
 10000 CODEURS;Lyon, Rhône, Auvergne-Rhône-Alpes, France, Lyon, Europe;317;IT Services and IT Consulting;2015;"education
+6";Nonprofit;10000codeurs.com;
 Beev | Certified B Corp;Marseille, Bouches-du-Rhône, Provence-Alpes-Côte D'Azur, France, 1er Arr., Europe;51;Technology, Information and Internet;2020;"Environnement
+4";Privately Held;beev.co;
 dydu;Paris, Paris, Île-De-France, France, Europe;34;Software Development;2009;"software publishernlp
+15";Partnership;dydu.com;
 delaware France;Villeurbanne, Rhône, Auvergne-Rhône-Alpes, France, Lyon, Europe;428;IT Services and IT Consulting;2003;"SAPDigital
+30";Partnership;delaware.pro;
 CAPFI Groupe;Paris, Paris, Île-De-France, France, Europe;164;IT Services and IT Consulting;2005;"IT Quant
+27";Privately Held;capfi.fr;
 La Javaness;Paris, Paris, Île-De-France, France, Europe;42;Technology, Information and Internet;2015;"Artificial Intelligence
+10";Privately Held;hugedomains.com;
 T-Systems France;Rueil-Malmaison, Hauts-de-Seine, Île-De-France, France, Nanterre, Europe;69;IT Services and IT Consulting;;"SAPSAP HANA
+14";Public Company;t-systems.com;
 Eurazeo;Paris, Paris, Île-De-France, France, Europe;630;Financial Services;;"Private Equity
+8";Public Company;eurazeo.com;
 padoa;Paris, Paris, Île-De-France, France, Europe;321;Software Development;2016;"Médecine du travail 2.0
+7";Partnership;padoa.fr;
 Banking Frontiers;Massangis, Yonne, Bourgogne-Franche-Comté, France, Avallon, Europe;57;Financial Services;2002;"Publishing
+10";Privately Held;google.com;
 Orisha Healthcare;Paris, Paris, Île-De-France, France, Europe;138;Software Development;;;Privately Held;orisha.com;
 Captivea;Le Bourget-du-Lac, Savoie, Auvergne-Rhône-Alpes, France, Chambéry, Europe;188;Software Development;;"Solutions de gestion de la relation client (GRC ou CRM)
+11";Privately Held;captivea.com;
 FORMIND;Issy-les-Moulineaux, Hauts-de-Seine, Île-De-France, France, Boulogne-Billancourt, Europe;251;IT Services and IT Consulting;2010;"Politiques de sécurité
+10";Privately Held;formind.fr;
 Crédit Mutuel Asset Management;Paris, Paris, Île-De-France, France, Europe;213;Financial Services;;"Asset management
+5";Partnership;creditmutuel.fr;
 Zenika;Paris, Paris, Île-De-France, France, Europe;518;IT Services and IT Consulting;2006;"Java/JEE consulting
+16";Privately Held;zenika.com;
 Digital Virgo;Lyon, Rhône, Auvergne-Rhône-Alpes, France, Lyon, Europe;833;Financial Services;2008;"DigitalAd Tech
+27";Privately Held;digitalvirgo.com;
 Hexagone Digitale;Paris, Paris, Île-De-France, France, Europe;21;IT Services and IT Consulting;2016;"Application Web
+6";Partnership;hexagonedigitale.com;
 Transfez (YC W22);Cercy-la-Tour, Nièvre, Bourgogne-Franche-Comté, France, Chateau-Chinon, Europe;76;Financial Services;;"money transfer
+8";Privately Held;transfez.com;
 ACD;Tours, Indre-et-Loire, Centre-Val de Loire, France, Tours, Europe;375;Software Development;1981;"Logiciels de gestion et de production
+11";Privately Held;suiteexpert.fr;
 Digitaleo;Rennes, Ille-et-Vilaine, Bretagne, France, Rennes, Europe;131;Software Development;2004;"plateforme marketing en ligne
+25";Privately Held;digitaleo.com;
 Harvest Groupe;Paris, Paris, Île-De-France, France, Europe;388;Software Development;1989;"éditeur solutions digitales
+14";Privately Held;harvest.fr;
 Edifixio;Bezons, Val-d'Oise, Île-De-France, France, Argenteuil, Europe;203;IT Services and IT Consulting;2000;"Salesforce
+5";Privately Held;salesforce.com;
 MARGO;Courbevoie, Hauts-de-Seine, Île-De-France, France, Nanterre, Europe;360;IT Services and IT Consulting;2005;"ITArtificial Intelligence
+14";Partnership;margo.eu;
 Exaprobe;France, Europe;183;IT Services and IT Consulting;;"Sécurité Informatique
+8";Public Company;exaprobe.com;
 Opendatasoft;Paris, Paris, Île-De-France, France, Europe;99;Software Development;2011;"data marketplace
+16";Privately Held;huwise.com;
 French Tech Méditerranée;Montpellier, Occitanie, France;22;Technology, Information and Internet;2019;;Nonprofit;lafrenchtechmed.com;
 Augusta Reeves - SAP Global Partner;Paris, Paris, Île-De-France, France, Europe;147;IT Services and IT Consulting;1998;"SAPERP
+20";Partnership;augustareeves.fr;
 SeaBird;Paris, Paris, Île-De-France, France, Europe;256;Financial Services;2005;"Assurance
+23";Partnership;seabird.fr;
 Studely;Puteaux, Hauts-de-Seine, Île-De-France, France, Nanterre, Europe;157;Financial Services;2016;"Spécialiste de la caution pour études
+5";Privately Held;studely.com;
 engIT;Valbonne, Alpes-Maritimes, Provence-Alpes-Côte D'Azur, France, Grasse, Europe;100;IT Services and IT Consulting;2017;"Innovation IT
+14";Privately Held;engit.fr;
 Ailancy Technology;Paris, Paris, Île-De-France, France, Europe;56;Financial Services;;;Partnership;ailancytech.com;
 iM Global Partner;Paris, Paris, Île-De-France, France, Europe;84;Financial Services;2015;"hedge funds
+16";Privately Held;imglobalpartner.fr;
 AKUR8;Paris, Paris, Île-De-France, France, Europe;234;Software Development;2019;"pricing
+11";Privately Held;akur8.com;
 Klaxoon, a Wrike company;Cesson-Sévigné, Ille-et-Vilaine, Bretagne, France, Rennes, Europe;148;Software Development;;"edtech
+20";Partnership;klaxoon.com;
 Sidetrade;Boulogne-Billancourt, Hauts-de-Seine, Île-De-France, France, Boulogne-Billancourt, Europe;401;Software Development;2000;"FinanceSales
+19";Public Company;sidetrade.eu;
 ApsideTOP;Saint-Pierre-des-Corps, Indre-et-Loire, Centre-Val de Loire, France, Tours, Europe;106;IT Services and IT Consulting;;Information Systems;Partnership;loirevalley.co;
 Metrologic Group;Montbonnot-Saint-Martin, Isère, Auvergne-Rhône-Alpes, France, Grenoble, Europe;179;Software Development;1980;"3D Measuring Software
+14";Privately Held;metrologicdcs.com;
 CodeMax IT Solutions Pvt. Ltd.;Costa, Haute-Corse, Corse, France, Calvi, Europe;82;IT Services and IT Consulting;2016;"FintechServer Security
+5";Privately Held;cdmx.in;
 Exiom Partners;Paris, Paris, Île-De-France, France, Europe;205;Financial Services;2019;"Banking
+9";Partnership;exiompartners.com;
 IT&M STATS;Boulogne-Billancourt, Hauts-de-Seine, Île-De-France, France, Boulogne-Billancourt, Europe;73;IT Services and IT Consulting;;"Statistiques
+8";Partnership;itmstats.com;
 Adagio;Montpellier, Hérault, Occitanie, France, Montpellier, Europe;86;Technology, Information and Internet;2016;"Advertising
+14";Privately Held;adagio.fr;
 Dokeos;Paris, Paris, Île-De-France, France, Europe;46;Software Development;;"elearning
+9";Privately Held;dokeos.com;
 Kardinal;Paris, Paris, Île-De-France, France, Europe;57;Software Development;2015;"intelligence artificielle
+11";Privately Held;kardinal.fr;
 Alma;Neuilly-sur-Seine, Hauts-de-Seine, Île-De-France, France, Nanterre, Europe;627;Financial Services;2018;"BNPLRetail
+5";Privately Held;alma.fr;
 Ecritel;Clichy, Hauts-de-Seine, Île-De-France, France, Nanterre, Europe;203;IT Services and IT Consulting;1985;"Managed hosting
+10";Privately Held;ecritel.fr;
 Orisha Real Estate;Saint-Denis, Seine-Saint-Denis, Île-De-France, France, Saint-Denis, Europe;216;Software Development;;;Privately Held;orisha.com;
 Ossia Conseil;Neuilly-sur-Seine, Hauts-de-Seine, Île-De-France, France, Nanterre, Europe;31;IT Services and IT Consulting;2006;"finance
+3";Privately Held;ossia-conseil.com;
 Focus Corporation;Paris, Paris, Île-De-France, France, Europe;856;IT Services and IT Consulting;2003;"Software development and engineering
+6";Privately Held;focus-corporation.com;
 Redbridge Debt & Treasury Advisory;Paris, Paris, Île-De-France, France, Europe;127;Financial Services;1999;"Debt Advisory
+6";Privately Held;redbridgedta.com;
 Coexya;Saint-Didier-au-Mont-d'Or, Rhône, Auvergne-Rhône-Alpes, France, Lyon, Europe;826;IT Services and IT Consulting;;;Privately Held;coexya.eu;
 Spark-it;Courbevoie, Hauts-de-Seine, Île-De-France, France, Nanterre, Europe;110;IT Services and IT Consulting;2013;"Business Intelligence
+19";Privately Held;spark-it.com;
 Clearwater France - Belgium;Paris, Paris, Île-De-France, France, Europe;85;Financial Services;2009;"M&A advisory
+3";Privately Held;clearwatercf.com;
 Luni;Bordeaux, Gironde, Nouvelle-Aquitaine, France, Bordeaux, Europe;65;Software Development;2017;"BtoCMobile apps
+3";Self-Owned;luni.com;
 ECMA;Paris, Paris, Île-De-France, France, Europe;42;IT Services and IT Consulting;2001;"jedeclare.com
+22";Privately Held;ecma.com;
 La Centrale de Financement;Paris, Paris, Île-De-France, France, Europe;469;Financial Services;2013;"Crédit immobilier
+10";Partnership;lacentraledefinancement.fr;
 NORGAY;Paris, Paris, Île-De-France, France, Europe;155;IT Services and IT Consulting;2020;"DevopsData
+10";Privately Held;norgay.be;
 Hello bank!;Paris, Paris, Île-De-France, France, Europe;340;Financial Services;2013;"Banking
+12";Privately Held;hellobank.fr;
 crème de la crème;Paris, Paris, Île-De-France, France, Europe;256;Technology, Information and Internet;2015;"Services aux entreprises
+10";Privately Held;brandsly.com;
 MEGA International;Paris, Paris, Île-De-France, France, Europe;921;Software Development;1991;"Enterprise architecture
+12";Privately Held;megainternational.com;
 CloudNausor Technologies;Paris, Paris, Île-De-France, France, Europe;36;IT Services and IT Consulting;2019;"Salesforce
+30";Privately Held;cloudnausor.com;
 majelan X;Paris, Paris, Île-De-France, France, Europe;124;Software Development;2000;"content production
+17";Privately Held;majelanx.com;
 Electra;Paris, Paris, Île-De-France, France, Europe;557;Technology, Information and Internet;2020;"Mobilité électrique
+15";Privately Held;electra.fr;
 Topito;Paris, Paris, Île-De-France, France, Europe;27;Technology, Information and Internet;2010;;Privately Held;topito.com;
 White Mirror;Lyon, Rhône, Auvergne-Rhône-Alpes, France, Lyon, Europe;41;Technology, Information and Internet;2017;"Social Media
+19";Privately Held;white-mirror.fr;
 Monk AI;Paris, Paris, Île-De-France, France, Europe;29;Software Development;2019;"Artificial Intelligence
+11";Privately Held;monkai.io;
 Septeo Hospitality;Lattes, Hérault, Occitanie, France, Montpellier, Europe;238;IT Services and IT Consulting;;;Privately Held;septeohospitality.com;
 Groupe Cegi;Paris, Paris, Île-De-France, France, Europe;355;Software Development;1976;"Logiciels metiers
+7";Privately Held;cegi.fr;
 Collective.work;Paris, Paris, Île-De-France, France, Europe;21;Software Development;2021;;Privately Held;collectivework.com;
 Geev;Bordeaux, Gironde, Nouvelle-Aquitaine, France, Bordeaux, Europe;73;Technology, Information and Internet;2016;"Application mobileESS
+4";Partnership;geev.com;
 SESAN;Paris, Paris, Île-De-France, France, Europe;151;IT Services and IT Consulting;2008;"Healthcare
+4";Nonprofit;sesan.fr;
 Keley Consulting;Paris, Paris, Île-De-France, France, Europe;79;Technology, Information and Internet;;"Stratégie digitale
+16";Privately Held;cgi.com;
 PariSanté Campus;Paris, Paris, Île-De-France, France, Europe;33;Technology, Information and Internet;2021;"santérecherche
+6";Government Agency;parisantecampus.fr;
 Acestar Sdn Bhd;Tourcoing, Nord, Hauts-de-France, France, Lille, Europe;29;IT Services and IT Consulting;2008;"AdobeApple
+8";Privately Held;com.my;
 Héméra;Bordeaux, Gironde, Nouvelle-Aquitaine, France, Bordeaux, Europe;49;Technology, Information and Internet;2016;"start-up
+23";Privately Held;hemera.fr;
 VIF, Editeur Intégrateur de solutions logicielles ERP, Supply Chain Planning, MES;La Chapelle-sur-Erdre, Loire-Atlantique, Pays de la Loire, France, Nantes, Europe;322;Software Development;1981;"éditeur de logiciels destinés à l'agroalimentaire
+15";Privately Held;vif.fr;
 KEONYS;Suresnes, Hauts-de-Seine, Île-De-France, France, Nanterre, Europe;142;IT Services and IT Consulting;2008;"CAD3DEXPERIENCE Platform
+13";Privately Held;keonys.com;
 Esker;Villeurbanne, Rhône, Auvergne-Rhône-Alpes, France, Lyon, Europe;703;Software Development;;"Document Process Automation
+19";Public Company;esker.com;
 eFront;Paris, Paris, Île-De-France, France, Europe;129;Software Development;1999;"Alternative Investment Software
+9";Privately Held;efront.com;
 ETIX;St.-Herblain, Loire-Atlantique, Pays de la Loire, France, Nantes, Europe;89;IT Services and IT Consulting;2012;"Datacenters
+2";Privately Held;etix.com;
 Mind7 Consulting;Paris, Paris, Île-De-France, France, Europe;79;IT Services and IT Consulting;2011;"Business and Operations Monitoring
+5";Privately Held;mind7-consulting.com;
 Square IT Services;Asnières-sur-Seine, Hauts-de-Seine, Île-De-France, France, Nanterre, Europe;70;IT Services and IT Consulting;2006;"informatique
+8";Privately Held;square-it-services.com;
 NEURONES;Nanterre, Hauts-de-Seine, Île-De-France, France, Nanterre, Europe;253;IT Services and IT Consulting;1985;;Public Company;neurones.net;
 Noota;Paris, Paris, Île-De-France, France, Europe;52;IT Services and IT Consulting;2020;;Privately Held;noota.io;
 Cellenza;Boulogne-Billancourt, Hauts-de-Seine, Île-De-France, France, Boulogne-Billancourt, Europe;234;IT Services and IT Consulting;2011;"CloudAgilité
+25";Partnership;cellenza.com;
 Experteam;Nanterre, Hauts-de-Seine, Île-De-France, France, Nanterre, Europe;124;IT Services and IT Consulting;2008;"Digital Workplace
+19";Privately Held;domainseller.site;
 ITNOVEM.;Saint-Denis, Seine-Saint-Denis, Île-De-France, France, Saint-Denis, Europe;77;IT Services and IT Consulting;2011;"Transformation Digitale
+14";Privately Held;groupe-sncf.com;
 MERITIS;Paris, Paris, Île-De-France, France, Europe;585;IT Services and IT Consulting;;;Privately Held;meritis.fr;
 Carat Capital;Paris, Paris, Île-De-France, France, Europe;40;Financial Services;2006;"patrimoine financier
+4";Privately Held;caratcapital.fr;
 IT&M Consulting;Boulogne-Billancourt, Hauts-de-Seine, Île-De-France, France, Boulogne-Billancourt, Europe;40;IT Services and IT Consulting;;"Assurance
+20";Privately Held;itmconsulting.com;
 Goodays;Paris, Paris, Île-De-France, France, Europe;83;Software Development;2012;"Customer Experience
+14";Privately Held;goodays.co;
 RCK Analytics - Global Research and Analytics Company;Magny-sur-Tille, Côte-d'Or, Bourgogne-Franche-Comté, France, Dijon, Europe;38;Financial Services;2017;"Equity Research
+7";Privately Held;rckanalytics.com;
 Econocom France;Puteaux, Hauts-de-Seine, Île-De-France, France, Nanterre, Europe;133;IT Services and IT Consulting;;;Public Company;econocom.com;
 ADEX Technology;Saint-Maximin-la-Sainte-Baume, Var, Provence-Alpes-Côte D'Azur, France, Brignoles, Europe;39;IT Services and IT Consulting;2009;"Solution TIC
+12";Privately Held;triemploi.com;
 Eulidia;Paris, Paris, Île-De-France, France, Europe;86;IT Services and IT Consulting;2008;"Business Intelligence
+16";Privately Held;eulidia.com;
 GROUPE LR TECHNOLOGIES;Versailles, Yvelines, Île-De-France, France, Versailles, Europe;390;IT Services and IT Consulting;2014;"Mécanique
+15";Partnership;lrtechnologies.fr;
 Anakot;Levallois-Perret, Hauts-de-Seine, Île-De-France, France, Nanterre, Europe;21;IT Services and IT Consulting;2019;"Cloud Expert
+9";Partnership;anakot.com;
 eXo Platform;Paris, Paris, Île-De-France, France, Europe;95;IT Services and IT Consulting;2003;"Employee Engagement
+10";Privately Held;exoplatform.com;
 Groupe ADAMING;Courbevoie, Hauts-de-Seine, Île-De-France, France, Nanterre, Europe;83;IT Services and IT Consulting;2010;"La filière Mainframe et ses déclinaisons
+3";Privately Held;adaming.com;
 Xpollens;Paris, Paris, Île-De-France, France, Europe;137;Financial Services;;;Privately Held;xpollens.com;
 Cheerz.com;Paris, Paris, Île-De-France, France, Europe;143;Technology, Information and Internet;2012;"Printing Services
+6";Partnership;cheerz.com;
 Wemanity Reply Paris;Paris, Paris, Île-De-France, France, Europe;165;IT Services and IT Consulting;;"DEVOPS
+10";Privately Held;wemanity.com;
 Antipodes Médical;Paris, Paris, Île-De-France, France, Europe;35;Technology, Information and Internet;2011;"Sites web
+13";Privately Held;antipodes-medical.com;
 Codeur.com;La Roche-sur-Foron, Haute-Savoie, Auvergne-Rhône-Alpes, France, Bonneville, Europe;70;Software Development;2006;"Freelance
+7";Privately Held;codeur.com;
 Easy Partner;Paris, Paris, Île-De-France, France, Europe;32;IT Services and IT Consulting;2012;"recrutementtech
+8";Privately Held;easypartner.fr;
 Reworld Media;Boulogne-Billancourt, Hauts-de-Seine, Île-De-France, France, Boulogne-Billancourt, Europe;838;Technology, Information and Internet;;"Internet
+13";Public Company;reworldmedia.com;
 CA Com Groupe;Clichy, Hauts-de-Seine, Île-De-France, France, Nanterre, Europe;35;IT Services and IT Consulting;1990;"MarketingRetail
+21";Privately Held;aristid.com;
 Webnet;Sèvres, Hauts-de-Seine, Île-De-France, France, Boulogne-Billancourt, Europe;270;Software Development;;"Développement : .NetPHP
+10";Privately Held;webnet.fr;
 Synertrade;Puteaux, Hauts-de-Seine, Île-De-France, France, Nanterre, Europe;118;Software Development;1999;"Source to Contract
+5";Privately Held;synertrade.com;
 ClimeFi;Paris, Paris, Île-De-France, France, Europe;31;Financial Services;2022;"Carbon Removal as a Service
+13";Privately Held;climefi.com;
 HUBSIDE;Paris, Paris, Île-De-France, France, Europe;306;Technology, Information and Internet;2000;"Développement
+10";Partnership;lsa-conso.fr;
 Capital B;Puteaux, Hauts-de-Seine, Île-De-France, France, Nanterre, Europe;29;IT Services and IT Consulting;2018;"DeepTech
+7";Public Company;capitalb.fr;
 Kepler Cheuvreux;Paris, Paris, Île-De-France, France, Europe;868;Financial Services;;"Equities
+7";Privately Held;keplercheuvreux.com;
 Skeepers;Marseille, Bouches-du-Rhône, Provence-Alpes-Côte D'Azur, France, 1er Arr., Europe;404;Software Development;2012;;Partnership;skeepers.io;
 El Djazair Information Technology (ELIT);Calvados, Normandie, France, Lisieux, Europe;346;IT Services and IT Consulting;2009;"Information Technology
+4";Public Company;eldjazair.com;
 PAARLY;Toulouse, Haute-Garonne, Occitanie, France, Toulouse, Europe;51;IT Services and IT Consulting;2013;"veille tarifaire
+14";Partnership;paarly.com;
 Fluxym;Paris, Paris, Île-De-France, France, Europe;159;IT Services and IT Consulting;2002;"BASWARE
+15";Privately Held;fluxym.com;
 Rakuten France;Paris, Paris, Île-De-France, France, Europe;248;Technology, Information and Internet;;"e-commerce
+6";Privately Held;rakuten.com;
 Ouidou;Paris, Paris, Île-De-France, France, Europe;387;IT Services and IT Consulting;2017;"JAVA JEE
+32";Privately Held;ouidou.fr;
 ELEPHANT Technologies;Nantes, Loire-Atlantique, Pays de la Loire, France, Nantes, Europe;61;IT Services and IT Consulting;2017;"Objets connectés
+27";Partnership;elephanttechnologies.com;
 Platform.sh;Paris, Paris, Île-De-France, France, Europe;273;Software Development;2015;"Cloud Hosting
+17";Privately Held;upsun.com;
 Streamlink;Levallois-Perret, Hauts-de-Seine, Île-De-France, France, Nanterre, Europe;70;IT Services and IT Consulting;2016;"Business IntelligenceSAP BI
+6";Partnership;streamlink.fr;
 Airbus Defence and Space Cyber;Élancourt, Yvelines, Île-De-France, France, Rambouillet, Europe;308;IT Services and IT Consulting;;"Crypto and Key Management Systems
+9";Public Company;airbusdefence.com;
 Kraaft;Paris, Paris, Île-De-France, France, Europe;54;IT Services and IT Consulting;2020;;Privately Held;kraaft.com;
 Asys;Lyon, Rhône, Auvergne-Rhône-Alpes, France, Lyon, Europe;191;Software Development;1987;"Editeur de logiciels
+16";Self-Owned;asys.fr;
 mobiappsFr;Orvault, Loire-Atlantique, Pays de la Loire, France, Nantes, Europe;75;Software Development;2014;"mobile
+13";Privately Held;mobiapps.fr;
 i-Oasis - VR Trainings;Villeneuve-Saint-Georges, Val-de-Marne, Île-De-France, France, Créteil, Europe;24;Software Development;2018;"Réalité Virtuelle
+10";Privately Held;i-oasis.fr;
 AOS Saqara;Paris, Paris, Île-De-France, France, Europe;50;Software Development;2017;"Appels d'OffresBTP
+12";Partnership;saqara.com;
 Cegid for HR;Lyon, Rhône, Auvergne-Rhône-Alpes, France, Lyon, Europe;272;Software Development;;"HR Intelligence
+14";Privately Held;myrhline.com;
 Les Joies du Code;Paris, Paris, Île-De-France, France, Europe;39;Software Development;2012;"Développeur
+6";Privately Held;lesjoiesducode.fr;
 EVERIAL;Rillieux-la-Pape, Rhône, Auvergne-Rhône-Alpes, France, Lyon, Europe;356;IT Services and IT Consulting;1989;"Archivage physique
+8";Privately Held;everial.com;
 Maison Herez;Paris, Paris, Île-De-France, France, Europe;31;Financial Services;1995;"Conseil en investissements
+10";Self-Employed;cyrus-herez.fr;
 Entreprise DU FUTUR;Paris, Paris, Île-De-France, France, Europe;139;IT Services and IT Consulting;2014;"networking
+11";Privately Held;entreprisedufutur.com;
 helios.do;Paris, Paris, Île-De-France, France, Europe;99;Financial Services;2019;"fintech
+10";Privately Held;helios.do;
 Flowbird Group;Neuilly-sur-Seine, Hauts-de-Seine, Île-De-France, France, Nanterre, Europe;651;Software Development;;;Privately Held;flowbird.fr;
 Amala Partners;Paris, Paris, Île-De-France, France, Europe;79;Financial Services;2020;"M&AFusions-Acquisitions
+3";Privately Held;amala-partners.com;
 Nomadia;Créteil, Val-de-Marne, Île-De-France, France, Créteil, Europe;245;Software Development;2021;"SaaSSmart Mobility
+13";Privately Held;nomadia.com;
 Audensiel;Boulogne-Billancourt, Hauts-de-Seine, Île-De-France, France, Boulogne-Billancourt, Europe;390;IT Services and IT Consulting;2013;"conseil
+20";Partnership;audensiel.com;
 BeMyApp;Paris, Paris, Île-De-France, France, Europe;31;IT Services and IT Consulting;2010;"Hackathons
+10";Privately Held;bemyapp.com;
 AB Tasty;Paris, Paris, Île-De-France, France, Europe;346;Software Development;2009;"A/B testing
+11";Privately Held;abtasty.ai;
 Heptasys Group;Paris, Paris, Île-De-France, France, Europe;25;IT Services and IT Consulting;2016;;Privately Held;heptasys.com;
 LAUXERA CAPITAL PARTNERS;Paris, Paris, Île-De-France, France, Europe;26;Financial Services;2020;;Partnership;lauxera.com;
 Younup;Nantes, Loire-Atlantique, Pays de la Loire, France, Nantes, Europe;220;IT Services and IT Consulting;2019;;Self-Owned;younup.fr;
 Horoquartz;Massy, Essonne, Île-De-France, France, Palaiseau, Europe;564;Software Development;1971;;Public Company;horoquartz.com;
 Equasens;Villers-lès-Nancy, Meurthe-et-Moselle, Grand Est, France, Nancy, Europe;283;IT Services and IT Consulting;;;Public Company;equasens.fr;
 ACENSI;Courbevoie, Hauts-de-Seine, Île-De-France, France, Nanterre, Europe;838;IT Services and IT Consulting;2003;"AMOADécisionnel
+15";Privately Held;acensi.group;
 Virgil;Paris, Paris, Île-De-France, France, Europe;23;Financial Services;2019;;Privately Held;virgil.fr;
 NEOBRAIN;Paris, Paris, Île-De-France, France, Europe;73;Software Development;2018;"ITMobile Applications
+13";Privately Held;neobrain.io;
 Exelmans;France, Europe;109;Financial Services;2006;"Due diligence
+5";Privately Held;exelmans.fr;
 moOngy Digital Lab;Boulogne-Billancourt, Hauts-de-Seine, Île-De-France, France, Boulogne-Billancourt, Europe;61;IT Services and IT Consulting;2023;;Privately Held;moongy.group;
 Ikivia;Lille, Nord, Hauts-de-France, France, Lille, Europe;56;IT Services and IT Consulting;;;Privately Held;ikivia.fr;
 Dalet;Levallois-Perret, Hauts-de-Seine, Île-De-France, France, Nanterre, Europe;449;Software Development;1990;"Media Asset Management (MAM)
+10";Privately Held;dalet.com;
 Infopro Digital Automotive;Gentilly, Val-de-Marne, Île-De-France, France, L'Haÿ-les-Roses, Europe;486;Software Development;;"Car Technical Data
+5";Privately Held;infopro-digital-automotive.com;
 Equans Digital;Courbevoie, Hauts-de-Seine, Île-De-France, France, Nanterre, Europe;489;IT Services and IT Consulting;;;Privately Held;equans-digital.fr;
 KAIZEN Solutions (KZS);Montbonnot-Saint-Martin, Isère, Auvergne-Rhône-Alpes, France, Grenoble, Europe;274;IT Services and IT Consulting;2013;;Privately Held;kaizensolutions.com;
 Naxxum Group;Hauts-de-Seine, Île-De-France, France, Nanterre, Europe;75;Software Development;2016;"ITDigital Marketing
+18";Public Company;naxxum.com;
 Ennov;Paris, Paris, Île-De-France, France, Europe;305;Software Development;1999;"Quality Management Software (QMS)
+15";Privately Held;ennov.com;
 IPH Technologies - A Software & Mobile App Development Company;Roissy-en-Brie, Seine-et-Marne, Île-De-France, France, Torcy, Europe;99;Software Development;2013;"iOS Apps Developement Services
+31";Privately Held;iphtechnologies.com;
 OneSide Technologies;Levallois-Perret, Hauts-de-Seine, Île-De-France, France, Nanterre, Europe;58;IT Services and IT Consulting;2018;"Conseil en ingénierie
+5";Privately Held;oneside.fr;
 Glady;Paris, Paris, Île-De-France, France, Europe;218;Financial Services;2014;"Chèques cadeauxBtoB
+18";Privately Held;pluxee.fr;
 FINASDDEE Credit Line Cameroon S.A.;Liévin, Pas-de-Calais, Hauts-de-France, France, Lens, Europe;139;Financial Services;;"Savings accounts
+14";Public Company;finasddee-creditline.com;
 Cheval Blanc Patrimoine;Paris, Paris, Île-De-France, France, Europe;53;Financial Services;2014;Gestion de Patrimoine;Partnership;chevalblanc.com;
 Sopra Real Estate Software;Limonest, Rhône, Auvergne-Rhône-Alpes, France, Lyon, Europe;86;IT Services and IT Consulting;;;Privately Held;soprarealestate.com;
 Portzamparc Groupe BNP Paribas;Paris, Paris, Île-De-France, France, Europe;193;Financial Services;1864;"Broker Small&Mid Caps (Research
+11";Privately Held;portzamparc.bnpparibas;
 Sunstice;Boulogne-Billancourt, Hauts-de-Seine, Île-De-France, France, Boulogne-Billancourt, Europe;234;Software Development;1994;"Supply Chain Planning (SCP)
+20";Privately Held;sunstice.fr;
 Vicinity;Lyon, Rhône, Auvergne-Rhône-Alpes, France, Lyon, Europe;33;IT Services and IT Consulting;2020;;Privately Held;domaineasy.com;
 SPACEFOOT;Levallois-Perret, Hauts-de-Seine, Île-De-France, France, Nanterre, Europe;128;IT Services and IT Consulting;2008;"socialE-commerce
+2";Partnership;spacefoot.com;
 GLOBALIS media systems;Paris, Paris, Île-De-France, France, Europe;33;IT Services and IT Consulting;1997;"application webPHP
+12";Partnership;globalismedia.com;
 Altaroc;Paris, Paris, Île-De-France, France, Europe;65;Financial Services;2021;"Private Equity
+2";Privately Held;altaroc.fr;
 Bonitasoft;Paris, Paris, Île-De-France, France, Europe;91;Software Development;2009;"BPMWorkflow
+13";Privately Held;ofelia.com;
 InsideBoard AI;Paris, Paris, Île-De-France, France, Europe;41;IT Services and IT Consulting;2024;"Business Transformation
+20";Privately Held;insideboard.com;
 DATASOLUTION - Partner of your digital transformation;France, Europe;324;IT Services and IT Consulting;;;Partnership;datasolution.fr;
 ARISTID Retail Technology;Clichy, Hauts-de-Seine, Île-De-France, France, Nanterre, Europe;309;IT Services and IT Consulting;;"technologyretail
+10";Privately Held;aristid.com;
 Urban AI;Paris, Paris, Île-De-France, France, Europe;27;IT Services and IT Consulting;2019;;Privately Held;urbanai.fr;
 METEOJOB by CleverConnect;Paris, Paris, Île-De-France, France, Europe;22;Technology, Information and Internet;2007;;Privately Held;meteojob.com;
 iMSA;Montauban, Tarn-et-Garonne, Occitanie, France, Montauban, Europe;726;Software Development;2019;"informatiqueagilité
+16";Nonprofit;imsa.fr;
 OMS;Sauzet, Lot, Occitanie, France, Cahors, Europe;122;Technology, Information and Internet;1999;;Privately Held;sauzet-drome.fr;
 Key Performance Consulting (KPC);Aix-en-Provence, Bouches-du-Rhône, Provence-Alpes-Côte D'Azur, France, Aix-en-Provence, Europe;464;IT Services and IT Consulting;2010;"FINANCE
+23";Privately Held;keyperformance.net;
 COSA;Paris, Paris, Île-De-France, France, Europe;83;Technology, Information and Internet;2013;"DesignDéveloppement
+6";Privately Held;cosa.fr;
 Goodvest;Paris, Paris, Île-De-France, France, Europe;60;Financial Services;2020;;Privately Held;goodvest.fr;
 Advans International;Paris, Paris, Île-De-France, France, Europe;232;Financial Services;2005;"Microfinance
+5";Privately Held;advansinternational.com;
 Lise;Paris, Paris, Île-De-France, France, Europe;254;Financial Services;2024;"fintech
+9";Partnership;lise.fr;
 Omi;Paris, Paris, Île-De-France, France, Europe;122;Technology, Information and Internet;2020;"VideoPackshots
+9";Privately Held;baromi.fr;
 ViaAduc;Paris, Paris, Île-De-France, France, Europe;30;IT Services and IT Consulting;2005;"CRMAccompagnement du changement
+17";Privately Held;viaaduc.com;
 namR;Paris, Paris, Île-De-France, France, Europe;41;IT Services and IT Consulting;2017;"innovation
+26";Public Company;namr.com;
 Ublo.immo;Paris, Paris, Île-De-France, France, Europe;38;Software Development;;;Privately Held;ublo.immo;
 Rtone;Vaulx-en-Velin, Rhône, Auvergne-Rhône-Alpes, France, Lyon, Europe;77;IT Services and IT Consulting;2007;"IOThardware
+21";Privately Held;rtone.fr;
 KUPU ID;La Réunion, France, Europe;217;Technology, Information and Internet;;;Privately Held;reunion.fr;
 SES-imagotag;Nanterre, Hauts-de-Seine, Île-De-France, France, Nanterre, Europe;172;Software Development;1992;"Electronic Shelf Labels
+12";Public Company;vusion.com;
 WeTransact;Lyon, Rhône, Auvergne-Rhône-Alpes, France, Lyon, Europe;56;Software Development;2023;"GTM StrategyGTM
+6";Privately Held;hugedomains.com;
 Zitouna Tamkeen;Moirans-en-Montagne, Jura, Bourgogne-Franche-Comté, France, Saint-Claude, Europe;396;Financial Services;2015;;Partnership;zitounatamkeen.com;
 SeaBird;Paris, Paris, Île-De-France, France, Europe;275;Financial Services;2005;"Assurance
+19";Partnership;seabird.fr;
 GLPI Developed by Teclib';Paris, Paris, Île-De-France, France, Europe;35;Software Development;2015;"Software Development
+20";Partnership;glpi-project.org;
 Lokad;Paris, Paris, Île-De-France, France, Europe;67;Software Development;2008;"demand planning
+12";Privately Held;lokad.fr;
 Andera Partners;Paris, Paris, Île-De-France, France, Europe;155;Financial Services;;private equity and capital investissement;Partnership;anderapartners.com;
 Wimbee;Paris, Paris, Île-De-France, France, Europe;79;IT Services and IT Consulting;2019;"DigitalData
+6";Privately Held;wimbee.fr;
 Expensya;Paris, Paris, Île-De-France, France, Europe;90;Software Development;2014;"FintechSaaS
+6";Privately Held;expensya.com;
 ADAXIS;Bayonne, Pyrénées-Atlantiques, Nouvelle-Aquitaine, France, Bayonne, Europe;28;Software Development;2021;"Robotic
+2";Privately Held;adaxis.eu;
 Cardiologs;Paris, Paris, Île-De-France, France, Europe;65;Software Development;2014;"Machine Learning
+7";Privately Held;co.uk;
 Visian;Courbevoie, Hauts-de-Seine, Île-De-France, France, Nanterre, Europe;78;IT Services and IT Consulting;2017;"DataConseil
+4";Privately Held;visian.tech;
 eekem group;Lyon, Rhône, Auvergne-Rhône-Alpes, France, Lyon, Europe;33;IT Services and IT Consulting;2019;"Transformation Digitale
+6";Privately Held;eekem.fr;
 Eliis;Clapiers, Hérault, Occitanie, France, Montpellier, Europe;113;Software Development;2007;"Seismic interpretation
+3";Partnership;eliis-geo.com;
 Spendesk;Paris, Paris, Île-De-France, France, Europe;327;Software Development;2016;"FintechCards
+4";Privately Held;spendesk.com;
 Hiboo;Paris, Paris, Île-De-France, France, Europe;71;IT Services and IT Consulting;2017;"Asset tracking
+8";Privately Held;hiboo.fr;
 Abby;Nancy, Meurthe-et-Moselle, Grand Est, France, Nancy, Europe;90;Software Development;2021;;Partnership;abby.fr;
 WERIN GROUP - Quality Engineering;Paris, Paris, Île-De-France, France, Europe;36;IT Services and IT Consulting;2015;"SourcingQA
+12";Privately Held;weringroup.com;
 B/Acceptance;Paris, Paris, Île-De-France, France, Europe;150;IT Services and IT Consulting;2011;"QualificationDigital
+8";Privately Held;b-acceptance.com;
 CrediPro;Lyon, Rhône, Auvergne-Rhône-Alpes, France, Lyon, Europe;109;Financial Services;2009;"courtage
+7";Partnership;credipro.com;
 Elevation Capital Partners;Paris, Paris, Île-De-France, France, Europe;30;Financial Services;2015;"Capital-investissement
+15";Privately Held;elevationcapital.com;
 Swile;Paris, Paris, Île-De-France, France, Europe;726;Financial Services;;;Privately Held;swile.co;
 Carmine Capital;Paris, Paris, Île-De-France, France, Europe;39;Financial Services;2013;"Transmission d'entreprise
+5";Partnership;carminecapital.com;
 DIGILINKS;Paris, Paris, Île-De-France, France, Europe;58;Software Development;;"Logiciel Force Vente
+3";Privately Held;digilinks.io;
 SIJO;Levallois-Perret, Hauts-de-Seine, Île-De-France, France, Nanterre, Europe;44;IT Services and IT Consulting;2017;"ITSécurité
+15";Privately Held;sijo.fr;
 SECURINFOR;Rungis, Val-de-Marne, Île-De-France, France, L'Haÿ-les-Roses, Europe;355;IT Services and IT Consulting;1986;"Infogérance
+13";Public Company;securinfor.fr;
 Hunteed;Paris, Paris, Île-De-France, France, Europe;198;Technology, Information and Internet;2015;"HRtech
+9";Partnership;hunteed.fr;
 MARGO;Courbevoie, Hauts-de-Seine, Île-De-France, France, Nanterre, Europe;380;IT Services and IT Consulting;2005;"ITArtificial Intelligence
+14";Partnership;margo.eu;
 Free2move;Paris, Paris, Île-De-France, France, Europe;500;Technology, Information and Internet;2016;;Partnership;free2move.com;
 Pigment;Paris, Paris, Île-De-France, France, Europe;696;Software Development;2019;"Financial planning
+11";Privately Held;pigment.fr;
 Prismic;Paris, Paris, Île-De-France, France, Europe;97;Software Development;2013;"Content Management
+19";Privately Held;prismiclife.com;
 Revevol;Paris, Paris, Île-De-France, France, Europe;99;IT Services and IT Consulting;;"Advisory and consulting
+4";Privately Held;revevol.com;
 Oscaro;Gennevilliers, Hauts-de-Seine, Île-De-France, France, Nanterre, Europe;436;Technology, Information and Internet;2001;"Auto parts
+2";Privately Held;oscaro.com;
 Kuba Group;Miserey-Salines, Doubs, Bourgogne-Franche-Comté, France, Besançon, Europe;338;IT Services and IT Consulting;2019;"Mobility Payments
+8";Privately Held;kuba.com;
 Renault Digital;Boulogne-Billancourt, Hauts-de-Seine, Île-De-France, France, Boulogne-Billancourt, Europe;394;IT Services and IT Consulting;2017;;Privately Held;chooseyourboss.com;
 GRAITEC GROUP;Paris, Paris, Île-De-France, France, Europe;377;Software Development;;"Building Design SoftwareBIM
+15";Privately Held;graitec.com;
 PrestaShop;Paris, Paris, Île-De-France, France, Europe;345;Software Development;2007;php and website design;Privately Held;prestashop.fr;
 DiliTrust;Île-De-France, France, Europe;345;Software Development;;"governance
+22";Privately Held;dilitrust.com;
 Prelys Courtage 2.0;Tours, Indre-et-Loire, Centre-Val de Loire, France, Tours, Europe;152;Financial Services;2013;"Courtage
+4";Privately Held;prelys-courtage.com;
 numeum;Paris, Paris, Île-De-France, France, Europe;121;IT Services and IT Consulting;1970;"Faire reconnaître l’importance économique et sociale du numérique
+5";Nonprofit;numeum.fr;
 Synchrone Fr;Paris, Paris, Île-De-France, France, Europe;838;IT Services and IT Consulting;2001;"Ingénierie Banque/Finance
+10";Self-Owned;synchrone.fr;
 Pandat Finance;Paris, Paris, Île-De-France, France, Europe;71;Financial Services;2009;;Privately Held;pandat-finance.fr;
 AQUITI Gestion;Bordeaux, Gironde, Nouvelle-Aquitaine, France, Bordeaux, Europe;27;Financial Services;1998;"Capital-risque
+8";Privately Held;aquiti.fr;
 Unlatch;Paris, Paris, Île-De-France, France, Europe;33;Software Development;2018;;Privately Held;unlatch.ai;
 Kolecto;Paris, Paris, Île-De-France, France, Europe;185;Technology, Information and Internet;2023;"fintechcomptatech
+1";Privately Held;kolecto.fr;
 Quicktext;Paris, Paris, Île-De-France, France, Europe;127;IT Services and IT Consulting;2017;"Chatbot
+7";Privately Held;quinta.im;
 France FinTech;Paris, Paris, Île-De-France, France, Europe;34;Technology, Information and Internet;2015;"Fintech
+36";Nonprofit;fintech.fr;
 Brevo;Paris, Paris, Île-De-France, France, Europe;898;Technology, Information and Internet;2012;"Email Marketing
+10";Privately Held;sof.tl;
 ALD Automotive France;Clichy, Hauts-de-Seine, Île-De-France, France, Nanterre, Europe;92;Financial Services;;"ALDAutomotiveFrance
+5";Privately Held;mappy.com;
 Numspot;Courbevoie, Hauts-de-Seine, Île-De-France, France, Nanterre, Europe;104;Software Development;2023;;Privately Held;numspot.com;
 Oslandia;Paris, Paris, Île-De-France, France, Europe;26;Software Development;2009;"gispostgis
+19";Privately Held;oslandia.com;
 Audit Révision EXpertise Comptable (AREXC);France, Europe;38;Financial Services;1989;"AuditConseil
+6";Privately Held;rocketreach.co;
 BNP Paribas Partners for Innovation (BP2I);Montreuil, Seine-Saint-Denis, Île-De-France, France, Bobigny, Europe;566;IT Services and IT Consulting;2004;;Privately Held;group.bnpparibas;
 UX-Republic;Asnières-sur-Seine, Hauts-de-Seine, Île-De-France, France, Nanterre, Europe;123;Technology, Information and Internet;2013;"USER EXPERIENCE
+11";Privately Held;uxrepublic.co;
 FINERGREEN;Paris, Paris, Île-De-France, France, Europe;108;Financial Services;2013;;Privately Held;finergreen.com;
 SQUAD - Cabinet de conseils et dexpertises;Paris, Paris, Île-De-France, France, Europe;803;IT Services and IT Consulting;;;Privately Held;squadgroup.com;
 ICEBERG DATA LAB;Paris, Paris, Île-De-France, France, Europe;52;IT Services and IT Consulting;;;Privately Held;icebergdatalab.com;
 Gireve;Sèvres, Hauts-de-Seine, Île-De-France, France, Boulogne-Billancourt, Europe;65;IT Services and IT Consulting;2013;"e-mobility
+13";Privately Held;gireve.com;
 European Banking Authority (EBA);Courbevoie, Île-De-France, France;349;Financial Services;2011;"banking regulation
+5";Government Agency;europa.eu;
 Climb;Paris, Paris, Île-De-France, France, Europe;67;Financial Services;2016;"Fiscalité
+17";Partnership;climb.fr;
 Overlord;Paris, Paris, Île-De-France, France, Europe;20;Financial Services;;"Investment funds
+4";Privately Held;overlord.fr;
 Norman K.;Paris, Paris, Île-De-France, France, Europe;61;Financial Services;;"Club Deals Immobiliers
+6";Self-Owned;norman-k.fr;
 Conserto;St.-Herblain, Loire-Atlantique, Pays de la Loire, France, Nantes, Europe;542;IT Services and IT Consulting;2013;"Services InformatiquesCloud
+18";Self-Owned;conserto.fr;
 Qonto | Experts-comptables;Paris, Paris, Île-De-France, France, Europe;63;Financial Services;;;Privately Held;qonto.com;
 ChapsVision for Retailers;Suresnes, Hauts-de-Seine, Île-De-France, France, Nanterre, Europe;37;Software Development;;;Privately Held;chapsvision.com;
 QuantHouse;Paris, Paris, Île-De-France, France, Europe;74;Financial Services;2003;"Low latency market data
+11";Privately Held;quanthouse.com;
 Future4care;Paris, Paris, Île-De-France, France, Europe;31;Technology, Information and Internet;2021;;Partnership;future4care.com;
 Oaklins France;Paris, Paris, Île-De-France, France, Europe;39;Financial Services;2004;"M&ALBO - Leveraged buyouts
+18";Privately Held;oaklins.com;
 B2P;Cavaillon, Vaucluse, Provence-Alpes-Côte D'Azur, France, Apt, Europe;133;Software Development;2006;"Bourse de Fret
+18";Privately Held;b2pweb.com;
 Toute La Franchise;Lyon, Rhône, Auvergne-Rhône-Alpes, France, Lyon, Europe;38;Technology, Information and Internet;2005;"Franchise
+6";Privately Held;toute-la-franchise.com;
 Zaion;Paris, Paris, Île-De-France, France, Europe;100;Software Development;2017;"callbot
+15";Self-Owned;zaion.ai;
 Alta Ares;Paris, Paris, Île-De-France, France, Europe;55;Software Development;2024;Surveillance and Formation;Privately Held;altaares.com;
 Envinergy;Frontignan, Hérault, Occitanie, France, Montpellier, Europe;30;Financial Services;1977;"energie renouvelable
+11";Privately Held;envinergy.com;
 Opteamis;Paris, Paris, Île-De-France, France, Europe;67;IT Services and IT Consulting;2005;"Optimisation des achats de prestations intellectuelles
+6";Self-Employed;opteamis.com;
 Norma Capital;Paris, Paris, Île-De-France, France, Europe;52;Financial Services;2015;;Privately Held;normacapital.fr;
 Dext France;Paris, Paris, Île-De-France, France, Europe;36;Software Development;2010;"automatisation
+8";Self-Owned;dext.com;
 Aria;Paris, Paris, Île-De-France, France, Europe;91;Financial Services;2019;"freelancefintech
+7";Privately Held;aria.fr;
 Groupe Kardol;Saint-Cyr-au-Mont-d'Or, Rhône, Auvergne-Rhône-Alpes, France, Lyon, Europe;200;Software Development;1981;"Solutions informatiques de gestion
+20";Partnership;groupe-kardol.fr;
 HelloCSE;Lyon, Rhône, Auvergne-Rhône-Alpes, France, Lyon, Europe;108;IT Services and IT Consulting;2017;"Comité d'entreprise
+9";Privately Held;hellocse.fr;
 DELETEC;Paris, Paris, Île-De-France, France, Europe;87;IT Services and IT Consulting;2000;;Privately Held;deletec.fr;
 AdaCore;Paris, Paris, Île-De-France, France, Europe;171;Software Development;1994;"Software tools and expertise for safety-critical
+2";Privately Held;adacore.com;
 DELANE SI;Boulogne-Billancourt, Hauts-de-Seine, Île-De-France, France, Boulogne-Billancourt, Europe;123;IT Services and IT Consulting;2005;"MOAMOE
+12";Privately Held;delanesi.com;
 Capital Banking Solutions;Paris, Paris, Île-De-France, France, Europe;324;Technology, Information and Internet;1997;"Private Banking
+9";Privately Held;capitalbanking.com;
 Comptoirs;France, Europe;86;Technology, Information and Internet;2006;"Digital Strategy
+18";Privately Held;comptoirdesvoyages.fr;
 Ad's up Consulting | Groupe EDG;Paris, Paris, Île-De-France, France, Europe;151;Technology, Information and Internet;2012;"Search Engine Advertising
+21";Self-Owned;ads-up.fr;
 Eurécia;Castanet-Tolosan, Haute-Garonne, Occitanie, France, Toulouse, Europe;238;Software Development;2006;"Gestion RH et Management
+19";Self-Owned;eurecia.com;
 QUANTEAM (RAINBOW PARTNERS Group);Neuilly-sur-Seine, Hauts-de-Seine, Île-De-France, France, Nanterre, Europe;374;IT Services and IT Consulting;2007;;Self-Owned;quanteam.fr;
 C'PRO;Valence, Drôme, Auvergne-Rhône-Alpes, France, Valence, Europe;268;IT Services and IT Consulting;1991;"Informatique
+5";Partnership;koesio.com;
 Astek Consulting;Boulogne-Billancourt, Hauts-de-Seine, Île-De-France, France, Boulogne-Billancourt, Europe;39;IT Services and IT Consulting;;"Assurance
+20";Privately Held;astek-consulting.com;
 XXII;Puteaux, Hauts-de-Seine, Île-De-France, France, Nanterre, Europe;373;IT Services and IT Consulting;2015;"AIDeep Learning
+7";Privately Held;xxiiai.com;
 Treezor;Paris, Paris, Île-De-France, France, Europe;254;Financial Services;2016;"Payment Cards
+22";Privately Held;treezor.com;
 Posos;France, Europe;62;Software Development;2018;"Machine learning
+2";Privately Held;posos.co;
 Sogenial Immobilier;Paris, Paris, Île-De-France, France, Europe;47;Financial Services;1981;"SCPIOPCI
+12";Privately Held;sogenial.fr;
 Nextlane;Paris, Paris, Île-De-France, France, Europe;673;Software Development;;Automotive software;Privately Held;nextlane.com;
 ManoMano;Paris, Paris, Île-De-France, France, Europe;703;Software Development;2013;"Bricolage
+5";Partnership;manomano.com;
 Pentalog;Paris, Paris, Île-De-France, France, Europe;599;Software Development;1993;"Software engineering
+8";Privately Held;lesechos.fr;
 Deepki;Paris, Paris, Île-De-France, France, Europe;418;Software Development;2014;"Artificial Intelligence
+12";Privately Held;deepki.com;
 Up Technologies;Lyon, Rhône, Auvergne-Rhône-Alpes, France, Lyon, Europe;136;IT Services and IT Consulting;2015;"Conseil en ingénierie
+6";Partnership;uptechnologies.fr;
 Global Sovereign Advisory;Paris, Paris, Île-De-France, France, Europe;44;Financial Services;2019;;Partnership;globalsovereign.net;
 VitiBot;Reims, Marne, Grand Est, France, Reims, Europe;56;IT Services and IT Consulting;2015;"Robotique
+4";Partnership;vitibot.fr;
 Meteodyn;St.-Herblain, Loire-Atlantique, Pays de la Loire, France, Nantes, Europe;66;Software Development;2003;"Wind engineering
+18";Privately Held;meteodyn.fr;
 Lucem;Paris, Paris, Île-De-France, France, Europe;124;IT Services and IT Consulting;2008;"ERPSAP
+2";Self-Owned;lucem.com;
 Leanspace;Schiltigheim, Bas-Rhin, Grand Est, France, Strasbourg, Europe;33;Software Development;2020;;Privately Held;leanspace.io;
 Inqom;Tours, Indre-et-Loire, Centre-Val de Loire, France, Tours, Europe;136;Software Development;2015;;Privately Held;inqom.com;
 Octime;Biron, Pyrénées-Atlantiques, Nouvelle-Aquitaine, France, Pau, Europe;212;Software Development;1998;"Gestion des temps
+18";Privately Held;octime.com;
 La Banque Postale Leasing & Factoring;Issy-les-Moulineaux, Hauts-de-Seine, Île-De-France, France, Boulogne-Billancourt, Europe;226;Financial Services;2011;"Leasing
+8";Privately Held;affacturage.fr;
 PROTECTIC;Bièvres, Essonne, Île-De-France, France, Palaiseau, Europe;50;IT Services and IT Consulting;1983;"Aéronautique
+14";Privately Held;protectic.fr;
 STATION F;Paris, Paris, Île-De-France, France, Europe;279;Technology, Information and Internet;;Startups;Partnership;stationf.co;
 Les-Tilleuls.coop;Lille, Nord, Hauts-de-France, France, Lille, Europe;74;Software Development;2011;"Applications web
+18";Privately Held;les-tilleuls.coop;
 Septeo Hospitality;Valbonne, Alpes-Maritimes, Provence-Alpes-Côte D'Azur, France, Grasse, Europe;235;IT Services and IT Consulting;;;Privately Held;septeohospitality.com;
 Energisme;Boulogne-Billancourt, Hauts-de-Seine, Île-De-France, France, Boulogne-Billancourt, Europe;57;Technology, Information and Internet;2004;"Systèmes de gestion de l'énergie
+20";Privately Held;energisme.com;
 Groupe INGENA;Paris, Paris, Île-De-France, France, Europe;59;IT Services and IT Consulting;2019;"BanqueFinance
+8";Self-Owned;groupe-ingena.com;
 Beelix;Paris, Paris, Île-De-France, France, Europe;170;IT Services and IT Consulting;2016;;Privately Held;beelix.fr;
 4D Pipeline;Le Plessis-Bouchard, Val-d'Oise, Île-De-France, France, Pontoise, Europe;40;Software Development;2012;"Product Design
+8";Privately Held;4dpipeline.com;
 iQera;Paris, Paris, Île-De-France, France, Europe;803;Financial Services;1986;"recouvrement
+6";Privately Held;iqera.com;
 LittleBigCode;Paris, Paris, Île-De-France, France, Europe;93;IT Services and IT Consulting;2018;;Privately Held;diametral.com;
 Cosmo Tech;Lyon, Rhône, Auvergne-Rhône-Alpes, France, Lyon, Europe;119;Software Development;2010;"Utilities
+26";Privately Held;cosmotech.com;
 Ozitem;Levallois-Perret, Hauts-de-Seine, Île-De-France, France, Nanterre, Europe;288;IT Services and IT Consulting;1990;"Infrastructures
+22";Partnership;groupeozitem.com;
 VirtualExpo Group;Marseille, Bouches-du-Rhône, Provence-Alpes-Côte D'Azur, France, 1er Arr., Europe;253;Technology, Information and Internet;1999;"Online international exhibitions expertise
+12";Privately Held;virtualexpo.ai;
 H Company;Paris, Paris, Île-De-France, France, Europe;329;Technology, Information and Internet;;;Privately Held;hcompany.com;
 ARTURIA;Montbonnot-Saint-Martin, Isère, Auvergne-Rhône-Alpes, France, Grenoble, Europe;249;Software Development;1999;"Synthesizers
+5";Privately Held;arturia.fr;
 Delos;Paris, Paris, Île-De-France, France, Europe;47;Software Development;2023;"Intelligence artificielle générative
+3";Privately Held;delos.fr;
 Ntico;Sainghin-en-Mélantois, Nord, Hauts-de-France, France, Lille, Europe;137;IT Services and IT Consulting;2010;"Informatique
+16";Partnership;ntico.com;
 Discovery Intech;Puteaux, Hauts-de-Seine, Île-De-France, France, Nanterre, Europe;148;IT Services and IT Consulting;1993;;Partnership;discoveryintech.com;
 STATERA;Neuilly-sur-Seine, Hauts-de-Seine, Île-De-France, France, Nanterre, Europe;80;IT Services and IT Consulting;2023;"Life Sciences
+12";Privately Held;extraland.com;
 Lyra;Labège, Haute-Garonne, Occitanie, France, Toulouse, Europe;607;Financial Services;2001;"Monétique
+5";Privately Held;lyra.fr;
 DSI GROUP;Massy, Île-De-France, France;216;IT Services and IT Consulting;2007;"IT Space
+13";Partnership;group-dsi.com;
 Powersys;Sausset-les-Pins, Bouches-du-Rhône, Provence-Alpes-Côte D'Azur, France, Istres, Europe;80;Software Development;2002;;Privately Held;powersys-solutions.com;
 Zelros by Earnix;Paris, Paris, Île-De-France, France, Europe;21;Software Development;2001;"Machine Learning
+7";Privately Held;earnix.com;
 Inventiv IT;Levallois-Perret, Hauts-de-Seine, Île-De-France, France, Nanterre, Europe;58;IT Services and IT Consulting;2008;"Système d'InformationERP
+8";Privately Held;inventiv-it.fr;
 Kleros;Paris, Paris, Île-De-France, France, Europe;43;Technology, Information and Internet;2017;"Blockchain
+5";Partnership;kleros.com;
 Setel;Coutances, Manche, Normandie, France, Coutances, Europe;623;Software Development;2018;e-wallet and petrol payment;Privately Held;setel.com;
 SP3D;Gratentour, Haute-Garonne, Occitanie, France, Toulouse, Europe;78;Software Development;2016;"3D Printing
+16";Privately Held;spare-parts-3d.com;
 Qarnot;Montrouge, Île-De-France, France;64;IT Services and IT Consulting;;"Cloud HPC
+5";Partnership;qarnot.com;
 CREADEV - Grow your future;Paris, Paris, Île-De-France, France, Europe;60;Financial Services;;;Partnership;creadev.com;
 QESTIT France;Paris, Paris, Île-De-France, France, Europe;165;IT Services and IT Consulting;1998;Assurance Quality and Software Testing;Privately Held;qestit.com;
 EvaBssi;Paris, Paris, Île-De-France, France, Europe;127;IT Services and IT Consulting;;"Network
+18";Privately Held;conobium.com;
 Freshmile;Strasbourg, Bas-Rhin, Grand Est, France, Strasbourg, Europe;81;IT Services and IT Consulting;2010;"electric vehicles
+13";Privately Held;freshmile.com;
 Siteflow;Paris, Paris, Île-De-France, France, Europe;62;Software Development;2017;"nucléaire
+3";Partnership;siteflow.com;
 Famileo;Saint-Malo, Ille-et-Vilaine, Bretagne, France, Saint-Malo, Europe;77;Software Development;2015;;Partnership;famileo.com;
 2CFinance;Paris, Paris, Île-De-France, France, Europe;112;Financial Services;2008;"Diagnostic financierDAF
+5";Privately Held;2cfinance.net;
 Artemys;Paris, Paris, Île-De-France, France, Europe;430;IT Services and IT Consulting;1989;"CloudInfrastructures
+20";Privately Held;groupeartemys.com;
 galitt;Paris, Paris, Île-De-France, France, Europe;264;IT Services and IT Consulting;;payments and paiements;Privately Held;galitt.com;
 BlaBlaCar Daily;Paris, Paris, Île-De-France, France, Europe;61;Software Development;;"covoiturage domicile-travail
+7";Partnership;blablacardaily.com;
 Cafeyn;Paris, Paris, Île-De-France, France, Europe;137;Technology, Information and Internet;2006;;Privately Held;cafeyn.co;
 Woro;Saint-Avold, Moselle, Grand Est, France, Forbach, Europe;28;IT Services and IT Consulting;2015;"Paper Packaging
+3";Privately Held;woro.fr;
 Partoo;Paris, Paris, Île-De-France, France, Europe;456;Software Development;2014;"Web to store
+16";Partnership;partoo.co;
 Exakis Nelite;Bidart, Pyrénées-Atlantiques, Nouvelle-Aquitaine, France, Bayonne, Europe;667;IT Services and IT Consulting;;"MicrosoftAzure
+31";Privately Held;exakis-nelite.com;
 Catalyst;Sévérac-l'Église, Aveyron, Occitanie, France, Rodez, Europe;227;Technology, Information and Internet;2014;;Privately Held;catalyst.com;
 Stellantis Finance & Services - CREDIPAR;Poissy, Yvelines, Île-De-France, France, Saint-Germain-en-Laye, Europe;652;Financial Services;1979;;Privately Held;stellantisfinance.fr;
 Survision;Nanterre, Hauts-de-Seine, Île-De-France, France, Nanterre, Europe;45;Technology, Information and Internet;2001;"ANPR (Automatic Number Plate Recognition)
+13";Partnership;survisiongroup.com;
 Eres;Paris, Paris, Île-De-France, France, Europe;189;Financial Services;2005;"épargne salariale
+9";Partnership;eres.com;
 k-ciopé;Paris, Paris, Île-De-France, France, Europe;60;IT Services and IT Consulting;2002;"digitalux
+8";Partnership;kciope.com;
 La Première Brique;Lyon, Rhône, Auvergne-Rhône-Alpes, France, Lyon, Europe;41;Financial Services;2019;"Conseil
+13";Privately Held;premiere-brique.fr;
 Quobly;Grenoble, Isère, Auvergne-Rhône-Alpes, France, Grenoble, Europe;83;IT Services and IT Consulting;2022;"quantum
+11";Privately Held;quobly.com;
 Entrepreneur Invest;Paris, Paris, Île-De-France, France, Europe;127;Financial Services;2000;"Venture Capital
+19";Privately Held;entrepreneurinvest.com;
 IT&M Stats;Boulogne-Billancourt, Hauts-de-Seine, Île-De-France, France, Boulogne-Billancourt, Europe;71;IT Services and IT Consulting;;"Statistiques
+8";Partnership;itmstats.com;
 Valiantys;Toulouse, Occitanie, France;521;IT Services and IT Consulting;2005;"AtlassianJIRA
+13";Privately Held;valiantys.com;
 emraude;Paris, Paris, Île-De-France, France, Europe;38;Technology, Information and Internet;2018;"Escape Room Design
+14";Privately Held;emraude.com;
 Jarvi;Cesson-Sévigné, Ille-et-Vilaine, Bretagne, France, Rennes, Europe;56;Technology, Information and Internet;2023;"SaaSRecrutement
+2";Privately Held;jarvi.tech;
 Enerfip Group;Montpellier, Hérault, Occitanie, France, Montpellier, Europe;57;Financial Services;2014;"Energie renouvelable
+5";Privately Held;enerfip.eu;
 Polycea;Paris, Paris, Île-De-France, France, Europe;249;IT Services and IT Consulting;1989;"Télécommunications
+10";Privately Held;polycea.fr;
 Degetel;Boulogne-Billancourt, Hauts-de-Seine, Île-De-France, France, Boulogne-Billancourt, Europe;179;IT Services and IT Consulting;;"DéveloppementWeb
+10";Privately Held;degetel.com;
 ALFI : Financial Markets Consultancy Services;Boulogne-Billancourt, Hauts-de-Seine, Île-De-France, France, Boulogne-Billancourt, Europe;71;IT Services and IT Consulting;1998;"Conseil en processus et Systèmes d'Information
+6";Partnership;alfi.fr;
 Aryason Consulting;Massy, Essonne, Île-De-France, France, Palaiseau, Europe;26;Software Development;2013;;Self-Employed;aryason.fr;
 Southcomp Polaris;Orly, Val-de-Marne, Île-De-France, France, Créteil, Europe;72;IT Services and IT Consulting;;"distributeurafrique
+1";Privately Held;mindware.net;
 Scaleway;Paris, Paris, Île-De-France, France, Europe;654;Software Development;1999;"AICloud Computing
+5";Privately Held;scaleway.com;
 Veesion;Paris, Paris, Île-De-France, France, Europe;225;Software Development;2018;"Artificial Intelligence
+4";Privately Held;veesion.io;
 Novelis;Paris, Paris, Île-De-France, France, Europe;147;IT Services and IT Consulting;2017;"InnovationR&D
+14";Privately Held;novelis.fr;
 LOGIGROUP;Montrouge, Hauts-de-Seine, Île-De-France, France, Antony, Europe;71;IT Services and IT Consulting;2012;"Business Intelligence
+7";Privately Held;logigroup.co;
 PIXALIONE | SEO, PAID, IA, DATA & CRO;Paris, Paris, Île-De-France, France, Europe;101;Software Development;2007;"SEOSEA
+22";Partnership;pixalione.fr;
 MEGA International;Paris, Paris, Île-De-France, France, Europe;999;Software Development;1991;"Enterprise architecture
+12";Privately Held;megainternational.com;
 Smart Impulse;Paris, Paris, Île-De-France, France, Europe;72;Software Development;2011;;Privately Held;smart-impulse.com;
 Instant System - Enabling MaaS;Biot, Alpes-Maritimes, Provence-Alpes-Côte D'Azur, France, Grasse, Europe;117;Software Development;2013;"Information multimodale
+10";Partnership;instantsystem.eu;
 HiPay;Levallois-Perret, Hauts-de-Seine, Île-De-France, France, Nanterre, Europe;258;Technology, Information and Internet;;"e-payment
+16";Privately Held;hipay.com;
 AntemetA;Guyancourt, Yvelines, Île-De-France, France, Versailles, Europe;315;IT Services and IT Consulting;1995;"HPEVeritas
+18";Privately Held;antemeta.fr;
 Cigref;Paris, Paris, Île-De-France, France, Europe;25;IT Services and IT Consulting;1970;;Nonprofit;cigref.fr;
 adista;Maxéville, Meurthe-et-Moselle, Grand Est, France, Nancy, Europe;732;IT Services and IT Consulting;1981;"CloudTélécoms
+18";Privately Held;adista.fr;
 Viveris;Boulogne-Billancourt, Hauts-de-Seine, Île-De-France, France, Boulogne-Billancourt, Europe;890;Software Development;1986;"Systèmes d'information
+23";Privately Held;viveris.fr;
 Shodo;Paris, Paris, Île-De-France, France, Europe;101;IT Services and IT Consulting;2019;"TDDClean Code
+9";Partnership;shodo.com;
 Trustpair;Paris, Paris, Île-De-France, France, Europe;117;Software Development;2017;;Privately Held;trustpair.com;
 Enerfip Group;Montpellier, Hérault, Occitanie, France, Montpellier, Europe;52;Financial Services;2014;"Energie renouvelable
+5";Privately Held;enerfip.eu;
 Planisware;Fort de Châtillon, Hauts-de-Seine, Île-De-France, France, Antony, Europe;781;Software Development;1996;"PPMEPM
+17";Public Company;planisware.com;
 Devoteam | Google Cloud Partner;Levallois-Perret, Hauts-de-Seine, Île-De-France, France, Nanterre, Europe;583;IT Services and IT Consulting;;"Google Cloud
+40";Privately Held;devoteam.com;
 Jump;Paris, Paris, Île-De-France, France, Europe;172;Financial Services;2020;"Facturation
+4";Self-Owned;jump.fr;
 Accuracy;Paris, Paris, Île-De-France, France, Europe;896;Financial Services;2004;"Transaction Support & Advisory
+7";Privately Held;accuracy.com;
 Heuritech;Paris, Paris, Île-De-France, France, Europe;45;Technology, Information and Internet;2013;"Artificial Intelligence
+17";Privately Held;heuritech.com;
 Shipup by ZigZag;Paris, Paris, Île-De-France, France, Europe;55;Technology, Information and Internet;;"Logistics
+10";Privately Held;shipup.co;
 partners finances;France, Europe;336;Financial Services;;;Partnership;partners-finances.com;
 Symolia Technologies;Boulogne-Billancourt, Hauts-de-Seine, Île-De-France, France, Boulogne-Billancourt, Europe;60;IT Services and IT Consulting;2012;"recrutement
+12";Privately Held;symolia.com;
 H-Tech Supports;Saint-Leu-la-Forêt, Val-d'Oise, Île-De-France, France, Pontoise, Europe;103;IT Services and IT Consulting;2016;"Rollouts
+9";Privately Held;htechsupports.com;
 Weborama;Levallois-Perret, Hauts-de-Seine, Île-De-France, France, Nanterre, Europe;154;Technology, Information and Internet;1998;"TechnologyData
+11";Self-Owned;weborama.com;
 CyberVadis;Paris, Paris, Île-De-France, France, Europe;102;IT Services and IT Consulting;2016;"cybersecurity
+8";Privately Held;cybervadis.fr;
 BASSETTI France;Grenoble, Isère, Auvergne-Rhône-Alpes, France, Grenoble, Europe;221;Software Development;1992;Editing / Integration of software and Professional consulting;Privately Held;bassetti-group.com;
 Quicktext;Paris, Paris, Île-De-France, France, Europe;87;IT Services and IT Consulting;;"Artificial IntelligenceHotels
+8";Privately Held;quinta.im;
 DEODIS;Puteaux, Hauts-de-Seine, Île-De-France, France, Nanterre, Europe;172;IT Services and IT Consulting;2001;"ITSMITIL training
+22";Privately Held;deodis.com;
 Agorapulse;Paris, Paris, Île-De-France, France, Europe;194;Software Development;2010;"Facebook Marketing
+20";Privately Held;agorapulse.com;
 CosaVostra;Paris, Paris, Île-De-France, France, Europe;78;Technology, Information and Internet;2013;"DesignDéveloppement
+6";Privately Held;justcosa.com;
 STUDIA;Vitrolles, Bouches-du-Rhône, Provence-Alpes-Côte D'Azur, France, Istres, Europe;313;IT Services and IT Consulting;2009;"DatavizGED
+21";Partnership;studia.fr;
 Visibrain;Paris, Paris, Île-De-France, France, Europe;29;Technology, Information and Internet;;"Social Listening
+10";Privately Held;visibrain.com;
 Weglot;Paris, Paris, Île-De-France, France, Europe;82;Software Development;2016;"SaaSWordpress plugin
+8";Privately Held;weglot.com;
 Altersis Groupe;France, Europe;47;IT Services and IT Consulting;2008;"Hi-Tech Consulting
+8";Privately Held;altersis.com;
 Agorize;Paris, Paris, Île-De-France, France, Europe;60;Technology, Information and Internet;2011;"Open innovation
+32";Privately Held;agorize.com;
 Be-Softilys Tunisie;Carcans, Gironde, Nouvelle-Aquitaine, France, Lesparre-Médoc, Europe;125;Software Development;2017;Editeur Logiciels;Privately Held;be-softilys.com;
 FAO Consulting;Levallois-Perret, Hauts-de-Seine, Île-De-France, France, Nanterre, Europe;77;IT Services and IT Consulting;2014;;Partnership;fao-consulting.com;
 EIGHT ADVISORY;Paris, Paris, Île-De-France, France, Europe;988;Financial Services;2009;Financialoperational and strategic consulting;Partnership;8advisory.com;
 Unigrains;Paris, Paris, Île-De-France, France, Europe;109;Financial Services;1963;;Privately Held;unigrains.fr;
 AUDACIA;Paris, Paris, Île-De-France, France, Europe;66;Financial Services;2007;;Privately Held;audacia.fr;
 Inmac wstore;Roissy-en-France, Val-d'Oise, Île-De-France, France, Sarcelles, Europe;654;IT Services and IT Consulting;1998;"e-commerceIT
+7";Privately Held;inmac-wstore.com;
 Wedia;Paris, Paris, Île-De-France, France, Europe;79;Software Development;2001;"Web Publishing
+12";Privately Held;wedia-group.com;
 RIVE Private Investment;Paris, Paris, Île-De-France, France, Europe;34;Financial Services;;;Privately Held;rive-investment.com;
 Directskills;Paris, Paris, Île-De-France, France, Europe;46;IT Services and IT Consulting;2000;"Gestion du travail temporaire
+2";Privately Held;directskills.com;
 EY Fabernovel, part of EY Studio+;Paris, Paris, Île-De-France, France, Europe;266;IT Services and IT Consulting;2003;"Strategy
+6";Privately Held;ey.com;
 Intalio;Fontenay-sous-Bois, Val-de-Marne, Île-De-France, France, Nogent-sur-Marne, Europe;584;Software Development;1990;"Business Process Management
+12";Privately Held;intalio.com;
 Sinch Mailjet;France, Europe;46;Technology, Information and Internet;;"Email Marketing
+19";Privately Held;mailjet.com;
 abbeal;Paris, Paris, Île-De-France, France, Europe;62;Software Development;2015;"Artificial Intelligence
+19";Privately Held;abbeal.com;
 Regate by Qonto;Paris, Paris, Île-De-France, France, Europe;77;Financial Services;2019;;Privately Held;qonto.com;
 Nalo;Paris, Paris, Île-De-France, France, Europe;54;Financial Services;2016;"Assurance Vie
+8";Privately Held;nalo.fr;
 Profil Public;Toulouse, Haute-Garonne, Occitanie, France, Toulouse, Europe;27;Software Development;2018;"RHemploi
+16";Privately Held;profilpublic.fr;
 Infovista;Massy, Essonne, Île-De-France, France, Palaiseau, Europe;833;Software Development;1995;"Network Performance Management
+11";Privately Held;infovista.com;
 Esokia;Neuilly-sur-Seine, Hauts-de-Seine, Île-De-France, France, Nanterre, Europe;65;IT Services and IT Consulting;;;Privately Held;esokia.com;
 Combo;Paris, Paris, Île-De-France, France, Europe;165;IT Services and IT Consulting;2016;;Privately Held;combohr.com;
 Karos;Paris, Paris, Île-De-France, France, Europe;75;Technology, Information and Internet;2014;"Intelligence Artificielle
+3";Partnership;karos.fr;
 Inovéa;Mauguio, Hérault, Occitanie, France, Montpellier, Europe;622;Financial Services;2017;"gestion de patrimoine
+12";Partnership;inovea.com;
 QRC Assurance And Solutions;Foucarville, Manche, Normandie, France, Cherbourg-Octeville, Europe;183;IT Services and IT Consulting;2015;"ISO 27001
+39";Privately Held;qrcsolutionz.com;
 Mooncard;Paris, Paris, Île-De-France, France, Europe;104;Technology, Information and Internet;2016;"corporate cards
+22";Privately Held;mooncard.co;
 Esmoz;Levallois-Perret, Hauts-de-Seine, Île-De-France, France, Nanterre, Europe;25;IT Services and IT Consulting;2019;;Privately Held;esmoz.fr;
 INTER INVEST;Paris, Paris, Île-De-France, France, Europe;161;Financial Services;1991;"Opérations Girardin structurées par Inter Invest Outre-mer
+7";Privately Held;inter-invest.fr;
 Capital Fund Management (CFM);Paris, Paris, Île-De-France, France, Europe;501;Financial Services;1991;"Hedge Fund Management
+7";Privately Held;lcg.com;
 VPEX-IT;Levallois-Perret, Hauts-de-Seine, Île-De-France, France, Nanterre, Europe;27;IT Services and IT Consulting;2022;"Digital performances
+3";Privately Held;vpex-it.com;
 CLOSTERA;France, Europe;24;IT Services and IT Consulting;2017;"CloudITSM
+5";Self-Owned;clostera.com;
 Linxea;Paris, Paris, Île-De-France, France, Europe;106;Financial Services;2001;"Placements en ligne
+10";Self-Owned;linxea.com;
 WEENEO Consulting;Marseille, Bouches-du-Rhône, Provence-Alpes-Côte D'Azur, France, 1er Arr., Europe;59;IT Services and IT Consulting;2018;"ITR&D
+6";Privately Held;weeneoconsulting.com;
 Bootlin;Oullins, Rhône, Auvergne-Rhône-Alpes, France, Lyon, Europe;36;Software Development;2004;"Embedded Linux
+10";Privately Held;bootlin.com;
 Claranet France;Paris, Paris, Île-De-France, France, Europe;724;IT Services and IT Consulting;1996;"Infogérance applications critiques
+23";Privately Held;claranet.com;
 We+;Issy-les-Moulineaux, Hauts-de-Seine, Île-De-France, France, Boulogne-Billancourt, Europe;487;IT Services and IT Consulting;;"DigitalArchitecture IT
+17";Privately Held;we-plus.fr;
 Stellantis Financial Services;Poissy, Yvelines, Île-De-France, France, Saint-Germain-en-Laye, Europe;649;Financial Services;1919;;Privately Held;stellantis-finance-services.fr;
 UpSlide;Paris, Paris, Île-De-France, France, Europe;183;Software Development;2011;"ExcelPowerPoint
+12";Privately Held;upslide.com;
 ChapsVision for Unified Commerce;Suresnes, Hauts-de-Seine, Île-De-France, France, Nanterre, Europe;41;Software Development;;;Privately Held;chapsvision.com;
 Lita;Paris, Paris, Île-De-France, France, Europe;96;Financial Services;2015;"Crowdfunding
+8";Privately Held;lita.com;
 MyHome;Marseille, Bouches-du-Rhône, Provence-Alpes-Côte D'Azur, France, 1er Arr., Europe;260;Technology, Information and Internet;2018;Project Quotations and Maintenance;Privately Held;myhome.fr;
 Agyla.Cloud;Paris, Paris, Île-De-France, France, Europe;21;IT Services and IT Consulting;2013;"cloud consultingaws
+11";Privately Held;ibm.com;
 Adviso Partners;Paris, Paris, Île-De-France, France, Europe;59;Financial Services;2015;"Fusions - Acquisitions
+15";Privately Held;advisopartners.com;
 EasyVista;Noisy-le-Grand, Seine-Saint-Denis, Île-De-France, France, Le Raincy, Europe;360;Software Development;;"Service ManagementITIL
+15";Privately Held;easyvista.com;
 VINCI CONSTRUCTION SI;Nanterre, Hauts-de-Seine, Île-De-France, France, Nanterre, Europe;389;IT Services and IT Consulting;;"DIGITAL
+4";Public Company;vinci.com;
 October;Paris, Paris, Île-De-France, France, Europe;131;Financial Services;;"financefintech
+1";Privately Held;october.eu;
 Agicap;Saint-Didier-au-Mont-d'Or, Rhône, Auvergne-Rhône-Alpes, France, Lyon, Europe;801;Software Development;2016;"Treasury Management
+13";Privately Held;agicap.com;
 Skillup.co;Paris, Paris, Île-De-France, France, Europe;80;Software Development;2016;"DRHGestion des Talents
+7";Partnership;skillup-co.com;
 Arkéa REIM;Paris, Paris, Île-De-France, France, Europe;41;Financial Services;;;Privately Held;arkea-reim.com;
 Monsieur Guiz | Product Management & Design;Paris, Paris, Île-De-France, France, Europe;32;Software Development;2013;"Kanban
+8";Privately Held;monsieurguiz.fr;
 Primexis | Expertise-comptable et conseil opérationnel;Île-De-France, France, Europe;431;Financial Services;1978;"Assistance comptable et financière
+20";Partnership;primexis.fr;
 Oodrive;Paris, Paris, Île-De-France, France, Europe;385;Software Development;2000;"Cloud Computing
+11";Self-Owned;oodrive.com;
 Lincoln France;Boulogne-Billancourt, Hauts-de-Seine, Île-De-France, France, Boulogne-Billancourt, Europe;316;IT Services and IT Consulting;1990;;Self-Owned;lincoln.fr;
 AMAYAS Consulting;Paris, Paris, Île-De-France, France, Europe;63;IT Services and IT Consulting;2014;"FINANCENTIC
+16";Privately Held;amayas.fr;
 NEOSYS;Bordeaux, Gironde, Nouvelle-Aquitaine, France, Bordeaux, Europe;102;IT Services and IT Consulting;2012;"Gestion de projet
+10";Privately Held;neosys.com;
 Faceel-it;Wasquehal, Nord, Hauts-de-France, France, Lille, Europe;48;IT Services and IT Consulting;2021;"DataDéveloppement
+17";Privately Held;faceel-it.com;
 Nexpublica;Clichy, Hauts-de-Seine, Île-De-France, France, Nanterre, Europe;535;Software Development;;"edition de logiciel
+2";Privately Held;nexpublica.com;
 RAISE;Paris, Paris, Île-De-France, France, Europe;96;Financial Services;2013;"Private Equity
+11";Partnership;raise.com;
 Sienna Investment Managers;Paris, Paris, Île-De-France, France, Europe;327;Financial Services;2013;;Privately Held;sienna-im.com;
 Password Solusi Sistem;Payra-sur-l'Hers, Aude, Occitanie, France, Carcassonne, Europe;67;IT Services and IT Consulting;2010;;Privately Held;payrasurlhers.fr;
 SOFTEAM Expertise Data & IA;Paris, Paris, Île-De-France, France, Europe;59;IT Services and IT Consulting;1998;"IBM COGNOS TM1BI
+12";Privately Held;softeam.com;
 CAIRUS;Paris, Paris, Île-De-France, France, Europe;40;Financial Services;2013;"Acquisition d'entreprises
+6";Self-Employed;cairus.com;
 La Grande Ourse Agency;Paris, Paris, Île-De-France, France, Europe;23;Technology, Information and Internet;2018;"ux design
+16";Partnership;grandeourse.com;
 European Digital Group;Paris, Paris, Île-De-France, France, Europe;62;Technology, Information and Internet;2019;"Brand Strategy
+26";Partnership;europeandigital.fr;
 U IRIS devient U TECH;Carquefou, Loire-Atlantique, Pays de la Loire, France, Nantes, Europe;624;Software Development;2011;"Informatique
+10";Partnership;hellowork.com;
 AFNIC;Guyancourt, Yvelines, Île-De-France, France, Versailles, Europe;125;Technology, Information and Internet;1997;"Registry services
+13";Nonprofit;afnic.fr;
 XpeedStudio;Wattrelos, Nord, Hauts-de-France, France, Lille, Europe;35;Software Development;2013;"SaaSMobile Apps
+4";Privately Held;xpeedstudio.com;
 SQUARENESS;Paris, Paris, Île-De-France, France, Europe;56;Financial Services;2014;"évaluation
+8";Privately Held;squareness.fr;
 Groupe Creative;Saint-Jacques-de-la-Lande, Ille-et-Vilaine, Bretagne, France, Rennes, Europe;233;IT Services and IT Consulting;2008;"Conseil
+3";Partnership;creative-crossway.fr;
 INTER INVEST;Paris, Paris, Île-De-France, France, Europe;148;Financial Services;1991;"Private equity
+6";Privately Held;inter-invest.fr;
 Whoz;Paris, Paris, Île-De-France, France, Europe;94;Software Development;2016;;Privately Held;whoz.com;
 SmartKeyword;Paris, Paris, Île-De-France, France, Europe;39;Technology, Information and Internet;;"Référencement naturelSEO
+6";Self-Owned;smartkeyword.io;
 Axess;Alixan, Drôme, Auvergne-Rhône-Alpes, France, Valence, Europe;269;IT Services and IT Consulting;2003;"Edition de logiciel
+5";Privately Held;axess.fr;
 LeHibou;Boulogne-Billancourt, Hauts-de-Seine, Île-De-France, France, Boulogne-Billancourt, Europe;115;Technology, Information and Internet;2016;"ITInformatique
+14";Partnership;lehibou.eu;
 570easi;Paris, Paris, Île-De-France, France, Europe;26;Financial Services;2011;"Finance Islamique
+11";Privately Held;570easi.fr;
 CentralPay;Paris, Paris, Île-De-France, France, Europe;46;Financial Services;2002;"solution de paiement
+13";Self-Owned;centralpay.com;
 Centreon;Paris, Paris, Île-De-France, France, Europe;155;Software Development;;"IT Monitoring Software developer & publisher
+5";Privately Held;centreon.com;
 MyTraffic;Paris, Paris, Île-De-France, France, Europe;117;Software Development;2016;"SaaSBig Data
+7";Partnership;mytraffic.io;
 iPepperGroup;Nantes, Loire-Atlantique, Pays de la Loire, France, Nantes, Europe;47;IT Services and IT Consulting;2021;"IABigData
+2";Privately Held;ipepper.fr;
 NIQ for Digital Commerce;Paris, Paris, Île-De-France, France, Europe;249;Software Development;1923;"Omnichannel
+15";Privately Held;nielseniq.com;
 Groupe INTM;Levallois-Perret, Hauts-de-Seine, Île-De-France, France, Nanterre, Europe;769;IT Services and IT Consulting;2004;;Partnership;intm.com;
 FIR - Forum pour l'Investissement Responsable;Paris, Paris, Île-De-France, France, Europe;26;Financial Services;2001;"CommunicationISR
+6";Nonprofit;frenchsif.org;
 Choose;Paris, Île-De-France, France;141;Technology, Information and Internet;2015;;Partnership;choose.io;
 SouthBridge Group;Paris, Paris, Île-De-France, France, Europe;21;Financial Services;;;;southbridge.com;
 Wendel;Paris, Paris, Île-De-France, France, Europe;147;Financial Services;1704;;Public Company;wendel.fr;
 ChapsVision;Suresnes, Hauts-de-Seine, Île-De-France, France, Nanterre, Europe;539;Software Development;;;Privately Held;chapsvision.com;
 Akeneo;Nantes, Loire-Atlantique, Pays de la Loire, France, Nantes, Europe;426;Software Development;2013;"Product Information Management
+9";Privately Held;akeneo.com;
 ALL4TEST;France, Europe;39;Software Development;2006;"test validation logiciel
+11";Privately Held;all4test.fr;
 L'Addition Caisse iPad;Paris, Paris, Île-De-France, France, Europe;87;Software Development;2012;;Partnership;laddition.com;
 Adservio;Puteaux, Hauts-de-Seine, Île-De-France, France, Nanterre, Europe;156;IT Services and IT Consulting;;"Qualité logicielle
+4";Partnership;adservio.fr;
 Lyf Pay;Paris, Paris, Île-De-France, France, Europe;257;Financial Services;;"Mobile Payment
+10";Self-Owned;lyf.eu;
 Esker France;Villeurbanne, Rhône, Auvergne-Rhône-Alpes, France, Lyon, Europe;437;Software Development;1985;"Facturation électronique B2B
+12";Self-Owned;esker.com;
 Payplug;Paris, Paris, Île-De-France, France, Europe;270;Financial Services;;"paiement en ligne
+3";Privately Held;payplug.com;
 Tritux;Paris, Paris, Île-De-France, France, Europe;81;Software Development;2006;"Mobile banking Mobile payment Mobile messaging & socialization
+4";Privately Held;tritux.fr;
 Welcome to the Jungle France;Paris, Paris, Île-De-France, France, Europe;665;Technology, Information and Internet;2014;"Recrutement
+4";Partnership;qd.eu;
 TRISKELL CONSULTING;Puteaux, Hauts-de-Seine, Île-De-France, France, Nanterre, Europe;25;IT Services and IT Consulting;2016;"IoTSoft Embarqué
+5";Privately Held;triskellconsulting.com;
 Galadrim;Paris, Paris, Île-De-France, France, Europe;167;IT Services and IT Consulting;2017;"Développement web
+6";Privately Held;galadrim.fr;
 HARA Consulting;Strasbourg, Bas-Rhin, Grand Est, France, Strasbourg, Europe;86;IT Services and IT Consulting;2021;"Conseil en informatique
+9";Partnership;hara-consulting.com;
 Oxatis;Marseille, Bouches-du-Rhône, Provence-Alpes-Côte D'Azur, France, 1er Arr., Europe;41;Technology, Information and Internet;2001;"e-CommerceSaaS
+13";Privately Held;oxatis.com;
 Datanumia, EDF Group;Mantes-la-Ville, Yvelines, Île-De-France, France, Mantes-la-Jolie, Europe;210;IT Services and IT Consulting;2021;Management des consommations énergétiques;Privately Held;datanumia.com;
 Sociabble;Paris, Paris, Île-De-France, France, Europe;114;Software Development;2014;"Employee Advocacy
+9";Privately Held;sociabble.co;
 Parthena Consultant;Boulogne-Billancourt, Hauts-de-Seine, Île-De-France, France, Boulogne-Billancourt, Europe;262;IT Services and IT Consulting;1990;"SageCegid
+13";Self-Owned;parthena.com;
 ATEXIS;Vitrolles, Bouches-du-Rhône, Provence-Alpes-Côte D'Azur, France, Istres, Europe;807;IT Services and IT Consulting;2011;"RAMSILS
+17";Privately Held;atexis.com;
 Huwise (ex Opendatasoft);Paris, Paris, Île-De-France, France, Europe;101;Software Development;2011;"data marketplace
+18";Privately Held;huwise.com;
 OneStock;Toulouse, Haute-Garonne, Occitanie, France, Toulouse, Europe;165;Software Development;2010;"Order Management System
+8";Privately Held;onestock-retail.com;
 EuraTechnologies, Innovation & Startup Hub;Lille, Hauts-De-France, France;193;IT Services and IT Consulting;2009;"Startup
+19";Nonprofit;euratechnologies.com;
 Actimage;Paris, Paris, Île-De-France, France, Europe;127;IT Services and IT Consulting;1995;"Mobile Applications
+14";Self-Owned;actimage.com;
 APIXIT;Les Ulis, Essonne, Île-De-France, France, Palaiseau, Europe;304;IT Services and IT Consulting;1992;"Cybersécurité
+4";Privately Held;apixit.fr;
 Indy;Lyon, Rhône, Auvergne-Rhône-Alpes, France, Lyon, Europe;350;Technology, Information and Internet;2016;"professions libérales
+3";Privately Held;indy.fr;
 Praxedo;France, Europe;148;IT Services and IT Consulting;2005;"Field Service ManagementSaaS
+5";Privately Held;praxedo.fr;
 ProProfs;Boulogne-sur-Mer, Pas-de-Calais, Hauts-de-France, France, Boulogne-sur-Mer, Europe;218;Software Development;;"Knowledge Base Software
+14";Privately Held;proprofs.com;
 The Oz | Agence Shopify Premier Partner;Paris, Paris, Île-De-France, France, Europe;68;Technology, Information and Internet;2008;"e-commerce
+10";Partnership;unique.paris;
 Infologic;Bourg-lès-Valence, Drôme, Auvergne-Rhône-Alpes, France, Valence, Europe;290;Software Development;1982;"Solutions ERP
+9";Privately Held;infologic-copilote.fr;
 SESAMm;Paris, Paris, Île-De-France, France, Europe;87;Financial Services;2014;"Stock Market Analysis
+17";Privately Held;sesamm.com;
 IMPULSA;Paris, Paris, Île-De-France, France, Europe;108;Financial Services;2020;"Accounting
+12";Privately Held;impulsa.fr;
 SKOTT GROUP;Paris, Paris, Île-De-France, France, Europe;25;IT Services and IT Consulting;;;Partnership;skott.fr;
 Antadis Agence Digitale E-commerce;Paris, Paris, Île-De-France, France, Europe;74;Technology, Information and Internet;2002;"e-commerce
+7";Partnership;antadis.com;
 Gojob;Aix-en-Provence, Bouches-du-Rhône, Provence-Alpes-Côte D'Azur, France, Aix-en-Provence, Europe;529;Software Development;2015;"emploiinterim
+11";Privately Held;gojob.com;
 SWEN Capital Partners;Paris, Paris, Île-De-France, France, Europe;143;Financial Services;;"FoF / Mandates : Investment in Primary
+6";Partnership;swen-cp.fr;
 Alteca;Villeurbanne, Rhône, Auvergne-Rhône-Alpes, France, Lyon, Europe;584;IT Services and IT Consulting;;;Privately Held;alteca.fr;
 Novallia;Neuilly-sur-Seine, Hauts-de-Seine, Île-De-France, France, Nanterre, Europe;23;Software Development;2003;"Conseil en Environnement
+10";Self-Owned;groupe-novallia.com;
 DataFab;Paris, Paris, Île-De-France, France, Europe;22;IT Services and IT Consulting;;"Big DataData
+36";Privately Held;alteca.fr;
 Innovorder;Paris, Paris, Île-De-France, France, Europe;86;Software Development;2014;"Restauration
+8";Partnership;innovorder.com;
 Dext France;Paris, Paris, Île-De-France, France, Europe;35;Software Development;2015;"automatisation
+9";Self-Owned;dext.com;
 Libeo;Paris, Paris, Île-De-France, France, Europe;41;Financial Services;2018;"Accounting
+9";Self-Owned;libeo.fr;
 Moment;Paris, Paris, Île-De-France, France, Europe;43;IT Services and IT Consulting;2013;"Entertainment
+8";Partnership;moment.com;
 CAPZA;France, Europe;161;Financial Services;2004;;Partnership;capza.co;
 La French Tech Aix-Marseille Région Sud;Marseille, Bouches-du-Rhône, Provence-Alpes-Côte D'Azur, France, 1er Arr., Europe;26;Technology, Information and Internet;2014;"numérique
+5";Nonprofit;frenchops.com;
 Groupe Stentor;Neuilly-sur-Seine, Hauts-de-Seine, Île-De-France, France, Nanterre, Europe;38;Financial Services;2011;"Expertise comptable
+11";Privately Held;stentor.fr;
 PartnerMatrix;Antibes, Alpes-Maritimes, Provence-Alpes-Côte D'Azur, France, Grasse, Europe;33;IT Services and IT Consulting;2008;"Affiliate Management
+4";Privately Held;partnermatrix.com;
 Linkeo;Paris, Paris, Île-De-France, France, Europe;558;Technology, Information and Internet;2000;"Création sites internet
+15";Privately Held;linkeo.com;
 Rayonnance;Puteaux, Hauts-de-Seine, Île-De-France, France, Nanterre, Europe;92;Software Development;2002;"Développement d'application mobile
+23";Privately Held;rayonnance.fr;
 ESRI France;Meudon, Hauts-de-Seine, Île-De-France, France, Boulogne-Billancourt, Europe;267;Software Development;1988;"GISGeomarketing
+8";Privately Held;esrifrance.fr;
 iObeya;Massy, Essonne, Île-De-France, France, Palaiseau, Europe;154;Software Development;2011;"Obeya
+19";Privately Held;iobeya.com;
 Data4;Paris, Paris, Île-De-France, France, Europe;278;IT Services and IT Consulting;2006;"Shared & Dedicated Colocation
+10";Privately Held;data4.nl;
 BENEXT;Paris, Paris, Île-De-France, France, Europe;30;Software Development;2014;;Privately Held;benext.eu;
 KAYS Wealth Management;Paris, Paris, Île-De-France, France, Europe;43;Financial Services;2017;"finance
+4";Partnership;kays-wm.com;
 Pedals Up;Ormesson-sur-Marne, Val-de-Marne, Île-De-France, France, Nogent-sur-Marne, Europe;57;IT Services and IT Consulting;2018;"Web3Blockchain
+6";Self-Owned;pedalsup.com;
 ADENTIS;Boulogne-Billancourt, Hauts-de-Seine, Île-De-France, France, Boulogne-Billancourt, Europe;384;IT Services and IT Consulting;2000;"Télécoms
+19";Privately Held;adentis.fr;
 Alliance4U;Toulouse, Occitanie, France;83;IT Services and IT Consulting;2021;"DevOpsCloud
+6";Privately Held;alliance4u.fr;
 6WIND;Montigny-Le-Bretonneux, Île-De-France, France;112;Software Development;2000;"Multi-core software
+32";Privately Held;6wind.com;
 Ekara by ip-label;La Garenne-Colombes, Hauts-de-Seine, Île-De-France, France, Nanterre, Europe;120;Software Development;2001;"Quality of Experience (QoE)
+9";Privately Held;ip-label.com;
 DataGalaxy;Lyon, Rhône, Auvergne-Rhône-Alpes, France, Lyon, Europe;98;Software Development;2015;"data knowledge
+17";Privately Held;datagalaxy.com;
 Haulmer;Ercé, Ariège, Occitanie, France, Saint-Girons, Europe;231;Software Development;2010;;Privately Held;haulmer.com;
 Odigo;Boulogne-Billancourt, Hauts-de-Seine, Île-De-France, France, Boulogne-Billancourt, Europe;637;Software Development;1986;"Contact Center as a Service
+15";Privately Held;odigo-conseil.com;
 CCM Benchmark;Paris, Paris, Île-De-France, France, Europe;138;Technology, Information and Internet;1999;;Privately Held;ccmbenchmark.com;
 Conix;Montrouge, Hauts-de-Seine, Île-De-France, France, Antony, Europe;62;IT Services and IT Consulting;1997;"IT consulting and expertise
+14";Partnership;conix.io;
 CodinGame;Montpellier, Hérault, Occitanie, France, Montpellier, Europe;24;Software Development;2012;"Online Coding Games & Challenges
+12";Privately Held;codingame.com;
 HARINGTON;Levallois-Perret, Hauts-de-Seine, Île-De-France, France, Nanterre, Europe;148;IT Services and IT Consulting;2008;"DataArchitecture microservices
+27";Privately Held;harington.fr;
 Devoteam Creative Tech;Paris, Paris, Île-De-France, France, Europe;790;Technology, Information and Internet;;"user experience
+7";Privately Held;devoteam.com;
 NEXTON;Paris, Paris, Île-De-France, France, Europe;323;IT Services and IT Consulting;2011;"ITConsulting
+22";Self-Owned;nexton.com;
 NXO France;Puteaux, Hauts-de-Seine, Île-De-France, France, Nanterre, Europe;993;IT Services and IT Consulting;;"CommunicationsCloud
+13";Privately Held;nxo.eu;
 SOFTIFI;Guilberville, Manche, Normandie, France, Saint-Lô, Europe;44;IT Services and IT Consulting;2020;;Partnership;softifi.com;
 Les Foliweb;Lyon, Rhône, Auvergne-Rhône-Alpes, France, Lyon, Europe;40;Technology, Information and Internet;2015;"Community Management
+13";Privately Held;lesfoliweb.fr;
 Médiane Système;Arrondissement de Saint-Laurent-du-Maroni, Guyane, France, arrondissement de Saint-Laurent-du-Maroni, Europe;212;Software Development;1989;"OS Temps Réel Sécurisés sur mesure
+4";Privately Held;medianesysteme.com;
 Cyrus Herez;Paris, Paris, Île-De-France, France, Europe;381;Financial Services;;"wealth management
+25";Partnership;cyrusherez.fr;
 Consult IT;Nanterre, Hauts-de-Seine, Île-De-France, France, Nanterre, Europe;90;IT Services and IT Consulting;2012;"Transformation digitale
+24";Privately Held;consultit.fr;
 Pasqal;Massy, Essonne, Île-De-France, France, Palaiseau, Europe;292;IT Services and IT Consulting;2019;"Quantum Computing
+13";Privately Held;pasqal.com;
 ClubFunding;Paris, Paris, Île-De-France, France, Europe;43;Financial Services;2014;Financement participatif and Financement entreprises PME;Privately Held;clubfunding.eu;
 Pretto;Paris, Paris, Île-De-France, France, Europe;304;Financial Services;2016;"FintechInternet
+3";Privately Held;pretto.fr;
 talent.io;Paris, Paris, Île-De-France, France, Europe;54;Software Development;2015;Startup and Software Engineers;Privately Held;talentio.com;
 OCSI Group;Paris, Paris, Île-De-France, France, Europe;126;IT Services and IT Consulting;2006;"Conseil & Ingénierie Applicative
+15";Partnership;venture.com;
 NOVATEL IT Group;Montigny-le-Bretonneux, Yvelines, Île-De-France, France, Versailles, Europe;110;IT Services and IT Consulting;2012;"IT Integrator
+3";Privately Held;societeinfo.com;
 Cyllene;Paris, Paris, Île-De-France, France, Europe;292;IT Services and IT Consulting;1986;"Hébergement
+17";Privately Held;cyllene-solution.com;
 Oxylabs.io;Chevagnes, Allier, Auvergne-Rhône-Alpes, France, Moulins, Europe;477;IT Services and IT Consulting;2015;"Web scraping
+24";Privately Held;oxylabs.io;
 TheFork;Paris, Paris, Île-De-France, France, Europe;962;Software Development;2007;"webbooking
+6";Privately Held;thefork.co;
 Metanext;Courbevoie, Hauts-de-Seine, Île-De-France, France, Nanterre, Europe;127;IT Services and IT Consulting;;"Cloud Computing
+16";Partnership;metanext.com;
 Vauban Infrastructure Partners;Paris, Paris, Île-De-France, France, Europe;103;Financial Services;2019;;Partnership;vauban-ip.com;
 Septeo Solutions Avocats;Lattes, Hérault, Occitanie, France, Montpellier, Europe;145;Software Development;1989;"Logiciels
+5";Partnership;septeo.com;
 Berexia;La Garenne-Colombes, Île-De-France, France;113;IT Services and IT Consulting;2010;"Innovation R&D
+5";Privately Held;berexia.com;
 AIA SPORTS;Bidart, Pyrénées-Atlantiques, Nouvelle-Aquitaine, France, Bayonne, Europe;63;IT Services and IT Consulting;2019;"SportRugby
+2";Privately Held;aiasports.io;
 Liaison Group;Saint-Pierre-de-Chartreuse, Isère, Auvergne-Rhône-Alpes, France, Grenoble, Europe;319;Financial Services;1988;"VAT advisory
+15";Privately Held;liaisonedu.com;
 Blue Consulting;Levallois-Perret, Hauts-de-Seine, Île-De-France, France, Nanterre, Europe;47;IT Services and IT Consulting;1999;"informatique
+7";Privately Held;blueconsulting.fr;
 Swello;Toulon, Var, Provence-Alpes-Côte D'Azur, France, Toulon, Europe;22;Technology, Information and Internet;2010;"Plateforme Social Media
+4";Partnership;swello.com;
 Finegan;Puteaux, Hauts-de-Seine, Île-De-France, France, Nanterre, Europe;202;Financial Services;2009;"Transformation
+4";Privately Held;finegan.fr;
 Exzeo India;Jazeneuil, Vienne, Nouvelle-Aquitaine, France, Poitiers, Europe;61;Software Development;2012;"Software Development
+3";Public Company;exzeo.com;
 DFM;Créteil, Val-de-Marne, Île-De-France, France, Créteil, Europe;591;IT Services and IT Consulting;2002;"Telecom
+19";Self-Owned;dfm.fr;
 Luxurynsight;Paris, Paris, Île-De-France, France, Europe;61;Technology, Information and Internet;2011;"Competitive intelligence
+9";Privately Held;luxurynsight.com;
 Vulog;Nice, Alpes-Maritimes, Provence-Alpes-Côte D'Azur, France, Nice, Europe;78;Software Development;2006;"Carsharing Technologies
+22";Privately Held;vulog.com;
 Upsun (formerly Platform.sh);Paris, Paris, Île-De-France, France, Europe;275;Software Development;2015;"Cloud Hosting
+17";Privately Held;upsun.com;
 Feedzai;Mérignies, Nord, Hauts-de-France, France, Lille, Europe;47;Software Development;2010;"Analytics
+14";Privately Held;feedzai.com;
 iVESTA Family Office;Paris, Paris, Île-De-France, France, Europe;50;Financial Services;2017;;Self-Owned;ivesta-fo.com;
 Livestorm;Paris, Paris, Île-De-France, France, Europe;100;Software Development;2016;"Webinar
+10";Privately Held;livestorm.co;
 Happydemics;Paris, Paris, Île-De-France, France, Europe;81;Software Development;2015;"Brand liftROI
+3";Privately Held;happydemics.com;
 Geovariances;Avon, Seine-et-Marne, Île-De-France, France, Fontainebleau, Europe;36;Software Development;1986;"geostatistics
+21";Privately Held;geovariances.com;
 CleverConnect;Paris, Paris, Île-De-France, France, Europe;154;Software Development;2010;"Recrutement
+22";Privately Held;cleverconnect.com;
 CFC;Rouvignies, Nord, Hauts-de-France, France, Valenciennes, Europe;124;Financial Services;;"Rachat de crédits
+2";Self-Owned;cfccredit.fr;
 Eleven Labs;Paris, Paris, Île-De-France, France, Europe;98;Technology, Information and Internet;2011;"Audit & Conseil IT
+25";Partnership;elevenlabs.io;
 VivaTech;Paris, Paris, Île-De-France, France, Europe;221;IT Services and IT Consulting;2015;;Privately Held;vivatech.com;
 Systran by ChapsVision;Paris, Paris, Île-De-France, France, Europe;84;Software Development;;"translation software
+25";Partnership;systransoft.com;
 TP ICAP Midcap;Paris, Paris, Île-De-France, France, Europe;20;Financial Services;;"BourseMid Caps
+4";Partnership;tpicap.com;
 Sully Group;St.-Priest, Rhône, Auvergne-Rhône-Alpes, France, Lyon, Europe;548;IT Services and IT Consulting;1979;"Ingénierie projet
+15";Privately Held;sully.fr;
 Younited;Paris, Paris, Île-De-France, France, Europe;583;Financial Services;2009;"pret entre particuliers
+12";Privately Held;younited.fr;
 Amex GBT Neo;Issy-les-Moulineaux, Hauts-de-Seine, Île-De-France, France, Boulogne-Billancourt, Europe;343;Software Development;;"Business Travel
+14";Privately Held;amexglobalbusinesstravel.com;
 Diffusely;Paris, Paris, Île-De-France, France, Europe;94;Software Development;;"Computer Vision
+5";Privately Held;carcutter.com;
 AYMAX;Courbevoie, Hauts-de-Seine, Île-De-France, France, Nanterre, Europe;209;Software Development;2014;"SAPJAVA/WEB
+14";Partnership;aymax.fr;
 Ditto;Paris, Paris, Île-De-France, France, Europe;23;Software Development;;"CSRDESG Reporting
+10";Privately Held;ditto.com;
 Avaliance France;La Garenne-Colombes, Hauts-de-Seine, Île-De-France, France, Nanterre, Europe;51;IT Services and IT Consulting;2010;"information system consulting
+10";Partnership;avaliance.com;
 Soluxan;Lyon, Rhône, Auvergne-Rhône-Alpes, France, Lyon, Europe;112;IT Services and IT Consulting;2017;;Privately Held;soluxan.com;
 WOOP;Tourcoing, Nord, Hauts-de-France, France, Lille, Europe;128;Software Development;2018;"delivery
+19";Privately Held;wikiwoop.com;
 TopSolid France;Évry, Essonne, Île-De-France, France, Évry, Europe;256;Software Development;1984;;Privately Held;topsolid.com;
 Metrologic DCS;Montbonnot-Saint-Martin, Isère, Auvergne-Rhône-Alpes, France, Grenoble, Europe;188;Software Development;;"3D Measuring Software
+14";Privately Held;metrologicdcs.com;
 FUZYO;Paris, Paris, Île-De-France, France, Europe;23;IT Services and IT Consulting;2010;"décisionnel: gestion de la performance
+6";Privately Held;fuzyo.com;
 FuturMaster;Boulogne-Billancourt, Hauts-de-Seine, Île-De-France, France, Boulogne-Billancourt, Europe;221;Software Development;1994;"Integrated Business Planning (IBP)
+16";Privately Held;sunstice.com;
 Amiltone;Villeurbanne, Rhône, Auvergne-Rhône-Alpes, France, Lyon, Europe;307;IT Services and IT Consulting;2012;;Privately Held;amiltone.com;
 ENGIE Digital & IT;Courbevoie, Hauts-de-Seine, Île-De-France, France, Nanterre, Europe;629;IT Services and IT Consulting;2013;;Privately Held;ville-courbevoie.fr;
 Mirova;Paris, Paris, Île-De-France, France, Europe;347;Financial Services;2012;"Sustainable Finance
+4";Privately Held;mirova.com;
 Finalcad;Paris, Paris, Île-De-France, France, Europe;32;Software Development;2011;"Construction
+14";Privately Held;orisha.com;
 Stellantis Financial Services UK, Germany and Austria;Poissy, Yvelines, Île-De-France, France, Saint-Germain-en-Laye, Europe;401;Financial Services;;"Automotive finance
+12";Partnership;stellantisfinancial.net;
 AYOMI.fr;Paris, Paris, Île-De-France, France, Europe;69;Technology, Information and Internet;2018;"financement
+2";Privately Held;ayomi.fr;
 Axonaut;Labège, Haute-Garonne, Occitanie, France, Toulouse, Europe;34;Software Development;2014;"PMETPE
+6";Partnership;axonaut.com;
 PayFit;Paris, Paris, Île-De-France, France, Europe;792;Software Development;2015;"PaieHR
+7";Privately Held;payfit.com;
 Bursa Malaysia;Coutances, Manche, Normandie, France, Coutances, Europe;988;Financial Services;;Stock Exchange;Public Company;bursamalaysia.com;
 Reflex by Hardis Supply Chain;Seyssinet-Pariset, Isère, Auvergne-Rhône-Alpes, France, Grenoble, Europe;21;Software Development;;"InventoryDrone
+13";;hardis-supplychain.com;
 ACSSI;Villeneuve-d'Ascq, Nord, Hauts-de-France, France, Lille, Europe;149;IT Services and IT Consulting;1989;;Privately Held;acssi.fr;
 SALAFIN BMCE GROUP;Azilone-Ampaza, Corse-du-Sud, Corse, France, Ajaccio, Europe;282;Financial Services;1997;"crédit perso
+3";Public Company;salafin.com;
 ACSEL - L'association de l'économie numérique;Paris, Paris, Île-De-France, France, Europe;26;Technology, Information and Internet;1983;"transformation digitale
+2";Nonprofit;acsel.eu;